대학,모집단위,기출문제
가톨릭대학교,의예과,"안녕하세요. 마음 편하게 먹고 아는 대로만 얘기해주시면 됩니다. / ‘너무 재미있어서 잠 못드는 뇌과학’이라는 책 소개와 인상 깊었던 부분 설명 부탁드려요. / ‘마약 중독 및 마약 투약으로 인한 범죄 증가’를 주제로 탐구를 진행했는데, 이에 대한 설명과 해 / ‘내 몸 안의 뇌와 마음 탐험 신경정신의학’을 읽고 우울증에 대해 탐구활동을 진행한 것 같은데, / 레드 바이오 산업의 합성 면역, 단일세포교정기술, 나노항체를 조사했다고 되어있는데, 각각에 대해 / 네. 환경 호르몬을 탐구하고, 여러 실험을 하면서 특정 질환과 연관지어서 탐구를 진행했는데 무슨 / 그 이유가 뭐죠? 그리고 어떤 환경호르몬으로 실험했고, 어떤 방식으로 그것을 탐구해보려 했는지 설 / 미토콘드리아 관련 희귀 질환 중에서 리 증후군에 대해 설명해줄 수 있을까요? / 2학년 때 1인 1역으로 했던 ‘천사 지킴이’가 뭐였는지에 대해 설명해 줄 수 있나요? / 가장 공부하는 데 어려움을 겪었던 교과목이 있나요? 그리고 있다면 어떤 식으로 해결했나요? / 학교생활 중에 리더십을 발휘했던 경험에 대해 얘기해주세요. / 의사에게 반드시 필요한 자질은 뭐라고 생각하세요? / 본인의 인생에서 봉사란 어떤 의미인가요? / 네 수고하셨습니다. / 아무 말도 안 함 / 시간이 아직 많이 남았으니까, 천천히 문제지 살펴보면서 더 생각나는 거 있으면 말씀하셔도 됩니다. / 네 수고하셨습니다."
강서대학교,상담심리학과,"상담심리학과에 지원한 이유가 무엇인가요? / 사람들이 행복을 찾는 데 도움을 주고 싶다고 하셨는데, 지금까지 다른 사람에게 행복을 찾도록 도"
건국대학교,KU자유전공학부,"바로 질문 시작하겠습니다. (자기소개, 지원동기 안 물어보심. 그래도 준비하는 걸 추천) / 직접 답사하고 탐구 활동을 진행하였다고 되어 있는데 이 활동에 대해 설명해 주세요. / 공실률을 어떻게 직접 확인했나요? / 아파트의 공실률은 인터넷 지도로 위치만 확인한다고 알 수 없을 텐데 어떻게 확인했나요? / 그러면 혹시 공실세에 대해서 알고 있나요? / 건축학에 관심이 많고 물리학에서 굉장히 어려운 활동들을 많이 했는데 질문 좀 해도 될까요? / 건축물의 내진 설계 구조 탐구 활동에서 '점탄성 댐퍼를 이용한 제진구조~~~'라는 논문을 읽었다고 / 그건 탄성이고 점탄성의 의미를 물어봤습니다. / 면진 구조와 제진 구조를 설명해 보세요. / 그러면 롯데타워는 어떤 내진 설계를 사용했는지 알고 있나요? / 아니 내진 설계를 물어봤습니다. 그러면 내진 설계 방식은 모르는 거죠? / 물리학2 시간에 다리도 하나의 강체라고 생각할 수 있다는 탐구 활동을 진행하였는데 탐구 활동을 / 현수교와 사장교의 와이어가 어떻게 연결되어 있다는 건가요? (이건 재질문인지 꼬리 질문인지 모르 / 그렇다면 다리의 중앙기둥은 압축력을 받나요? 아니면 인장력을 받나요? / 지금 학생이 말하는 건 말이 안됩니다. 어떻게 한 부재 안에서 압축력과 인장력을 동시에 받을 수 / 이제 시간이 다 돼서 마지막으로 하고 싶은 말이 있나요?"
건국대학교,KU자유전공학부,"(분위기를 푸는 이야기) / 1, 3학년 때 학급 반장을 했는데 힘든 점은 없었나요? / 그래서 어떻게 극복했나요? / 수2 시간에 혈류 속도에 대한 탐구를 하였는데, 미분이 어떻게 사용되고 있나요? / 미분을 다른 어떤 것에 활용할 수 있나요? / 혈류 속도가 왜 중요한가요? / 혈류 속도는 지표로만 이용되나요? / G단백질 연결수용체가 무엇인가요? / G단백질 연결수용체가 왜 중요한가요? / P53은 어떻게 암 발생을 억제하나요? / 인간보다 코끼리가 암에 걸릴 확률이 낮다고 했는데, 코끼리 말고 다른 동물에 대해 알아본 것이 있 / 공동교육과정에서 고급생명은 왜 안 들었나요? / 오가노이드가 무엇인가요? / 어떻게 연구할 수 있나요? / 지카바이러스와 텔로머레이즈를 이용한 암 치료에 대해 탐구했는데, 어떤 탐구인가요? / 면접 시간이 거의 끝나가고 있는데, 마지막으로 하고 싶은 말이 있나요?"
건국대학교,KU자유전공학부,"대기 번호가 많이 뒤라 대기 오래 하셨을 것 같은데 긴장하지 마시고 편하게 답변해 주시면 됩니다. / 1학년 때 반 회장을 했던 경험이 있는데, 부반장과 협동해서 다른 반에 비해 내세울 수 있는 활동이 / 비빔밥 만들기 활동을 할 때 적극적인 태도를 보였다고 했는데 왜 이 활동에 적극적인 태도가 필요 / RLC 회로와 연결하여 옷걸이 안테나를 만든 활동을 한 것 같아요. 이때 RLC 회로의 코일, 축전기, / 코일과 저항에 대해서도 말해 주세요. / BBB를 뚫고 파킨슨병을 치료하기 위해 이중 항체를 이용한 RMT 메커니즘을 탐구했다고 하는데, / RMT 메커니즘에 대해서도 설명해 주세요. / 장애인분들을 위한 배리어 프리 키오스크를 고안했다고 했는데 어떤 활동이었는지 간단하게 설명해 / 그 활동에서 본인이 고안한 기술에 대해 설명해 주세요. / 본인이 고안한 자동 점자 패치 기술에서 문제점이 있다면 무엇이라고 생각하나요? / 그건 개발자의 입장일 때 장애인분들 입장에서 이 기술을 사용하시는데 어려움은 무엇이라고 생각하 / 마지막으로 하고 싶은 말이 있으면 해주세요. / 네, 편하게 생각하시고 생각나시면 답해주세요."
건국대학교,KU자유전공학부,"은거울 실험 과정을 설명해주세요. / 중화적정 실험 원리에 대해 설명해주세요. / 파울리 베타 원리에 대해 설명해보세요. / 1학년 체육 시간에 에어로빅을 했는데 어떤 활동이었나요? / 안 말하셔도 되는데 1, 3힉년에 비해 2학년 병결이 많은 이유를 알려주세요. / 2학년 때는 이과를 선택하고 3학년 때 문과로 바꾼 이유를 알려주세요. / 아 이과 전공인 줄 알았는데 문과였군요. 저희 학부에 들어온 후 미래 계획을 알려주세요. / 가장 자신 있는 과목을 알려주세요. / 규칙을 잘 지킨다고 써 있는데 규칙을 안 지키는 친구들에게는 어떻게 해야 한다고 생각해요? / 20초 정도 남았는데 마지막 할 말 해보세요."
건국대학교,건축학부,1학년 때 메타버스를 활용한 기술에 대한 참신한 아이디어를 제시하였다고 했는데 무엇이었나요? / 좀 일반적인 아이디어 같은데 이를 직접 만들어보진 않았나요? / 건축에서 AI 기술이 어떻게 활용될 수 있다고 생각하나요. / 그것 외에 알고 있는 또 다른 첨단 기술이 건축에 적용된 사례가 있나요? / 3학년 자율활동으로 에어로젤을 조사하였다고 하는데 이에 대해 설명해 주세요. / 에어로젤의 제작 원리를 알기 쉽게 설명했다고 하는데 한 번 설명해 주시죠. / 네. 거기까지만 설명은 충분한 거 같고요. 동아리 시간에 내진 설계 모형을 만들었다고 하는데 설명 / 시간이 20초 정도 남았는데 건축을 하려면 미술도 잘 해야 되는데 잘 하시나요? / 수학 또한 중요한데 수학을 잘 하시나요? / 네. 수고하셨습니다.
건국대학교,건축학부,"누구랑 왔나요? (웃으면서) / 어떻게 오셨어요? / 아 그렇군요. 엄마를 위해서 열심히 해봅시다. / 시작할게요, 2학년 자율활동 시간에 친환경 건물 사례 탐구로 런던 시청 건물을 탐구했는데 자세히 / 인공지능 기술이 건축에 어떻게 도입되고 연관될 수 있을까요? / 아, 그렇군요. bim기술과 연관이 있다는 말씀이시군요. / 아두이노를 활용해 간이 농장 만들기 활동을 했네요? / 그럼 그 활동에서 본인의 역할은 무엇이었죠? / 아웃리거와 벨트트러스 구조의 개념을 알고 계신가요? 하중을 견디는 건데 어떤 하중이죠? / 롯데타워 얘기를 하는 것 같은데 다이아그리드 구조도 알고 계신가요? / 2학년 수학 시간에 탐구한 클로소이드 구간은 뭔가요? / 아, 그렇군요. (끄덕이시면서 좋은 반응) 접선을 구하는 거죠? (확실히 기억이 안 남.) / 젠트리피케이션을 3학년 때 공부하셨는데 원인이 무엇인가요? / 그럼 개선점을 찾으셨는데 그건 어떤 것이죠? / 자, 이제 시간이 다 되었는데 마지막으로 하고 싶은 말 하고 끝내겠습니다."
건국대학교,건축학부,"안녕하세요. 기다리는데 춥지는 않으셨나요? / 좋습니다. 앞으로 생기부에 있는 내용들을 가지고 질문을 할 건데요, 그냥 친구한테 말하듯이 편하게 / 첫 번째 질문입니다. 학교 동아리 활동에서 친환경 건축 기술을 홍보하는 앱을 개발했다고 했는데요, / 네, 다음으로 3학년 동아리 시간에 시멘트의 혼합 비율에 따른 변화에 대한 실험을 진행한 것 같은 / 그러면 시멘트 실험에서 수화열의 발생 차이가 어떤 성분으로 인해 발생했는지 알 수 있었나요? / 그러면 두 가지 시멘트가 수화반응이 일어날 때 다른 차이점을 보인 것이 있었나요? / 다음으로 2학년 수학 Ⅱ시간에 곡선도로와 관련하여 보고서를 작성한 것이 있는데, 이것에 대해 설명 / 그렇다면 그 도로의 곡률은 어떻게 구했나요? / 알겠습니다. 마지막으로 3학년 기하 시간에 텐세그리티 공법에 대해 조사했더라고요, 이에 대해 설명 / 그럼 그 텐세그리티 구조를 기하학적으로 어떻게 증명할 수 있나요? / 네, 정해진 시간은 끝났는데, 하고 싶은 말이 있다면 짧게 부탁드리겠습니다. / 네 수고하셨습니다."
건국대학교,경영학과,OTT에 대한 지속적인 관심을 바탕으로 OTT의 요금 인상 원인 등에알고리즘 대해 알아보는 활동을 / 왜 많은 기업 중에 OTT 기업을 탐구한 건가요. / ESG경영에 대해 깊이 탐구했다고 했는데 ESG경영이 뭔지 왜 필요한 건지 설명해 주세요. / 액티브 시니어로 인한 마케팅 전략변화와 대응 방안에 대해 탐구했는데 설명해 주세요. / 왜 액티브 시니어에 대해 탐구한건가요? / 중국 이커머스 플랫폼의 성장전략과 한국 시장에 침투하는 과정에 대해 탐구했다고 했는데 설명해 / 마지막으로 하고 싶은 말 있으면 해주세요.
건국대학교,동물자원·식품과학·유통학부,"오는데 힘들지 않았나? 학교 호수를 봤냐? 등 긴장을 풀어주기 위한 간단한 질문이 있었음 / 플라스미드교환에 대해 설명해 보세요 / 그럼 DNA의 정의가 뭔가요? / 항생제 내성균에 관심이 있는 것 같은데, 내성균이 왜 생기는지 설명해 보세요. / 항생제와 천연 항생 물질 간의 시너지 효과실험을 했다고 했는데 이 효과를 어떻게 확인했죠? / 시너지 효과를 확인했다고 했는데, 시너지의 정의가 뭐죠? / 그럼 그 효과가 크게 나타났다는 건 어떻게 알았죠? / 원의 지름은 직접 측정한 건가요? / 항생제 내성균 종류는 한두 가지만 말해보세요. / 우리 과가 동물자원 식품과학 관련인데 이와 관련된 균은 없을까요? / 아그로박테리움 형질전환 탐구를 했는데... (아그로박테리움이 중요한 이유를 말씀하신 것 같은데 잘 / 아까 플라스미드가 세균에게 있다고 했잖아요? 그럼 세균의 플라스미드를 식물에게 적용할 수 있을까요? / 음... 정말 그럴까요? / 주변에 축산이나 유통업을 하는 사람이 있나요? / 주변에 축산 관련 일을 하시는 분이 없는데 왜 우리 학과를 지원했죠? / 시간이 다 되어서 마지막으로 하고 싶은 말이 있나요?"
건국대학교,동물자원·식품과학·유통학부,"네 안녕하세요. / 오시는데 차 막히진 않으셨나요? / 아 서울분이 아니세요? / 네 알겠습니다. 우리 학과엔 왜 지원했어요? / 올해로 해당 학과가 타 학과와 통폐합되어 지원 학생이 배우고자 하는 것 외에 다른 걸 배워야 할 / 네. 알겠습니다. 본격적으로 질문 갈게요. 1학년 진로활동에서 헬리코박터균이 위염을 일으키는 과정 / 네, 그렇군요. 알겠습니다. 음 그러면.. 저기 2학년 자율활동 시간에 초콜릿이 산패되는 이유를 학습 / 산패는 나쁜 건가요? / 3학년 때 제올라이트와 미생물을 결합한 천연 살충제를 개발하였다고 하는데, 이에 대해 자세히 설명 / 네 알겠습니다. 수학 시간에 동물의 평균 에너지 대사량을 알아보았다고 했는데, 대사란 무엇입니까? / 네. 편하게 대답해 주세요. / 이때 형성되는 에너지의 단위는 무엇입니까? / 카제인 단백질의 응고 원리를 탐구하고자 실험을 진행하였다고 했는데, 전반적인 실험 과정을 설명해 / 3학년 동아리 활동에서 후성유전학에 대해 학습했다고 하셨는데, 후성유전학이란 무엇인가요? / 2학년 진로활동에서 포장지에 아셉틱기술에 대해 탐구했다고 하였는데, 아셉틱기술은 무엇인가요? / 음식물 쓰레기로 사료를 만드는 공정을 탐구했다고 적혀 있는데, 어떠한 공정을 거치나요? / 그렇군요. 음식물 쓰레기로 사료를 만드는 거에 대해 개인적으로 어떻게 생각하시나요? / 답변 잘 들었습니다. 마지막으로 하고 싶은 말씀 있나요? / 수고 많으셨습니다."
건국대학교,동물자원·식품과학·유통학부,"질문 시작해도 될까요? (앞에 아이스브레이킹 질문 하나 하고 바로 시작함. 지원동기 안 물어봄.) / 어떤 공부가 하고 싶어요? / 네, 생기부 보니까 그런 것 같네요. DNA 추출 실험을 했어요? 와.. 쉽지 않았을텐데, 키트를 사용한 / 학생들끼리 한 거예요? 선생님이 도와줬나요? 몇 학년 때 했어요? / DNA가 관찰되었어요? 무슨 색이었나요? / DNA가 뭐예요? (이때부터 예상 못한 질문의 연속이었음) / DNA가 왜 중요한가요? / (1학년 진로에서) ‘코로나 잡으려 쓴 항생제에 슈퍼박테리아 감염 급증’이런 기사를 봤네요, 슈퍼 / 알고 있는 슈퍼박테리아가 있나요? / 알고 있는 항생제 있나요? / 생기부 보니까 박테리아 배양을 많이 했네요, 시료를 사서 쓴 건가요? / 그게 대장균인지는 확인을 했나요? / 저항성 전분 분해 미생물 ~~ 했네요. 알고 있는 단쇄 지방산이 있나요? / 단쇄지방산이 왜 중요한가요? / 그 미생물들이 소장에 있어요, 대장에 있어요? (앞에서 말했는데, 못 들으신 것 같음.) / 단쇄지방산에서 단쇄가 무슨 뜻인가요? / 사람마다 장내 미생물이 다 똑같아요? / 왜 다르죠? / 프로바이오틱스가 뭐예요? / 예를 들어 무엇이 있죠? / 마지막 하고 싶은 말 있나요?"
건국대학교,사회환경공학부,"3년 내내 반장을 했던데 그 이유가 있나요? / 1학년 통합과학에서 탄소중립도시를 ICT에 관련하여 탐구했다는데 학생이 생각하는 탄소중립도시는 뭔가요? / 저는 탄소중립도시를 만들기 위해 필요한 요소를 질문한 게 아니라 학생이 생각하는 탄소중립도시가 / 동아리 시간에 수경재배기를 만드는 활동을 했다고 되어있는데 학생은 그 활동에서 무슨 역할을 했나요? / 그럼 학생이 한 역할로는 정확히 뭔가요? / 불투수 면적에 대해 오탁부하량을 탐구했다는데 이것에 대해 설명해주세요. / 그럼 불투수 면적이 정확히 뭔가요? / 생기부에는 오탁부하량과 건기 시와의 차이를 비교한 그래프와 각종 연구 결과를 직접 해석했다는데 / 화학, 생명 과목을 수강하지 않았던데 이유가 있나요? / 고급 물리학에서 노르망디교와 관련하여 응력을 잘 분배해야 된다고 쓰여있던데 이것에 대해 설명해 / 그럼 노르망디교 구조물에 대해 설명해주세요. / 아니, 특징을 다 설명하지는 말고 노르망디교는 현수교인가요? 사장교인가요? / 그럼 이 노르망디교의 사장교가 어떻게 지탱하고 있나요? / 그럼 이 구조물에 압축력과 인장력이 어떻게 작용하나요? / 생기부에는 주탑에 응력을 분배해야 된다고 쓰여있는데 이건 뭔가요? / 그럼 압축률을 구하는 것에 대해 알고 있나요? (생기부에 없는 내용인데 기본 물리학 지식에 대해 알 / 고급 물리학에서 전자기차폐 콘크리트에 대해 탐구했다는데 아이고 시간이 없네, 그럼 이 전자기차폐 / 마지막으로 하고 싶은 말이나 부족했던 거에 대해 다시 말하고 싶은 거 30초 동안 해 보세요."
건국대학교,산업공학과,"오는데 많이 추웠죠? (긴장을 풀어주는 식으로 대화를 잠깐 나눔) / 부모님이랑 같이 오셨나요? 밖에 추울 텐데 밖에서 기다리시나요? / (웃으시면서) 자, 이제 시작하겠습니다. 타이머가 1분 남으면 소리가 울릴 거예요. 이제 시작하겠습니 / 화학Ⅱ 교과서를 보면서 ‘파레토 최적화’라는 것이 있는데 이것이 뭔가요? / 화학Ⅱ 활동을 보면 음펨바 효과를 이용하여 얼음 제조 공정을 최적화했다고 했는데 해당 활동에 대 / 미적분 교과에서 오차역전파에 대해 탐구했는데 오차역전파 알고리즘이 무엇인가요? / 학생이 말하는 정확도는 어떤 의미인가요? / 화학1과 관련해 갈바닉 부식이 나오는데 이것의 배의 부식과 어떤 연관성이 있는 건가요?. / 네, 이제 시간이 1분 정도 남았는데, 마지막으로 할 말이 있으신가요?"
건국대학교,식량자원과학과,"점심은 드시고 오셨나요? / 떨지 말고 편안하게 답변하시면 됩니다. 자기소개 해보세요. / (2학년 생기부를 보시며) 2학년 때 학생은 참 미생물에 관심이 많네요? / 그 이유 하나만으로 진로가 바뀔 수가 있을까요? / 3학년 동아리 활동 때 미생물 유래 바이오매스에 대해 탐구하셨는데 설명해 주세요. / 허허, 근데 어쩌지 우리는 그런 거 안 배우는데... 2학년에 삼백초를 활용하여 노화 방지 재생 크림을 / 삼백초 키워보신 적 있으신가요? / 삼백초에 있는 성분과 잎 생김새에 대해 자세히 설명해 주실래요? / 2학년 때 인공지능 수학을 수강하셨네요. 어떤 것을 배우는 과목인가요? / 3학년 진로 활동 때 탐구한 마이크로바이옴에 대해 설명해 주세요. / 3년 동안 가장 기억에 남는 탐구가 있으신가요? / C3식물과 C4식물의 잎 생김새에는 어떤 차이가 있을까요? / 1분도 안 남았네요. 마지막으로 하시고 싶은 말 있으신가요?"
건국대학교,수의예과,"안녕하세요. 춥진 않으셨나요? / 그럼 지금부터 생기부 관련 질문을 드리겠습니다. / 진로와 직업 과목에서 자신이 창업하고 싶은 분야가 보안, 인공지능, 컴퓨터를 널리 보급하여 기후 / 기초생명과학Ⅱ 과목에서 방사성 표지법을 활용해 DNA가 유전물질임을 입증한 허시와 체이스의 실험 / 기초생명과학Ⅲ 과목에서 동물의 소화 단원에 대한 학습 뒤, 펩신의 농도와 소화 시간이 단백질의 / 기초화학Ⅱ 과목에서 지적 호기심을 해결하기 위해 서적과 논문을 검색하는 등의 학습 습관을 갖고 / 마지막으로 준비했는데 못한 말 있으면 해 보시겠어요?"
건국대학교,철학과,"안녕하세요 / 시간이 많이 없으니 바로 질문 들어갈게요. / 데카르트 코키토론에 대한 탐구를 진행했네요? 데카르트 코키토론에 대해 설명해 보세요. / 음 네, 그 정도면 됐고요, 데카르트 이원론에 대해 설명해 볼래요? / (끄덕) / 아리스토텔레스의 행복을 논할 때 그는 관조적인 삶을 사는 것이 진정한 행복을 사는 방식이라 하 / (웃음) 책‘Ender’s game’을 읽었던데 이 책이 전하는 철학적 고찰이 있을까요? / 아 그 책은 저도 읽었으니 내용은 말씀 안 하셔도 돼요. / 보니까 통속의 뇌에 대한 탐구를 꽤 했는데 통속의 뇌 하면 떠오르는 드라마나 영화가 있나요? / 매트릭스 하면 빨간약 파란약 이야기가 가장 유명하잖아요? 본인은 어떤 선택을 할 것 같으신가요? / 그렇군요. 그럼 통 속의 뇌 이론과 매트릭스의 차이가 무엇이라고 생각하시나요? / 아 모르겠으면 대답 안 하셔도 돼요. 그냥 궁금한 거라서요. / 그럼요. / (끄덕) 이제 시간이 얼마 남지 않은 관계로 마지막으로 하고 싶은 말 있으신가요?"
건국대학교,첨단바이오공학부,"네, 자리에 앉아주세요. 들어올 때부터 얼굴에 긴장한 것 같은 모습이 보이는데 크게 숨 한 번 쉬고 / 네, 질문 시작할게요.‘생각하는 독서 시간’에 ‘교실 밖에서 읽는 바이오메디컬공학’이라는 책을 / 그러면 BCI 기술을 어디에 활용하고 싶나요? / 3D 바이오프린팅을 이용한 맞춤형 스캐폴드 제작에 관한 내용이 있는데 3D바이오프린팅의 장점과 / 우리 과는 화학Ⅱ가 중요한데 왜 이수를 하지 않았나요? / 동아리 시간에 발명에 열심히 참여하였다는 내용이 있는데 어떤 발명을 했나요? / 그럼 이것을 특허를 내보려고 한 적 있나요? / 바이오잉크에 관련된 내용이 있는데 바이오잉크가 무엇인가요? / 마지막으로 하고 싶은 말 있으면 하세요."
건국대학교,컴퓨터공학부,"(입학사정관) 안녕하세요. 기다리느라 힘드셨을텐데 바로 시작해도 될까요? / (교수님) 많이 긴장될텐데 (분위기 풀어주시려는 느낌) / (교수님 질문 시작) AVL 트리와 레드-블랙 트리를 공부했다고 적혀있는데 왜 공부해보게 되었어요? / 그럼 두 개의 차이는 무엇인가요? / 레드-블랙 트리에서 맨 처음에 어떤 색깔이 와야 되고 그런 것도 알고 있나요? / AVL 트리와 레드-블랙 트리를 프로그래밍도 해봤나요? / 아 AVL 트리는 해봤고. / SQL이랑 NoSQL에 대한 내용도 적혀있는데 잘 모르겠어서 그런데 이게 AVL트리, 레드-블랙 트리랑 / 알겠습니다. 그러면 SQL이랑 NoSQL의 차이가 뭔가요? / SQL을 주 데이터 저장소로 사용하여 복잡한 데이터 간의 관계를 분석하고 NoSQL을 보조로 사용하여 / 딥메트릭 러닝이 뭔가요? / 딥메트릭 러닝이 편향을 어떻게 해소하나요? / 딥메트릭 러닝에 대해 공부할 때 뭘 보고 공부했나요? / (입학사정관 질문 시작) 1학년 때 부반장을 했는데 갈등 상황을 해결한 적이 있었나요? / 그럼 그렇게 해서 결정된 결과를 학생들이 잘 따랐나요? / 그래서 각자 발표하고 익명 투표를 하자는 의견을 본인이 직접 제시하신 거죠? / 그럼 본인은 어떤 리더라고 생각하시나요? / 기하랑 미적분도 하면서 고급 수학까지 하기 힘들었을 것 같은데 고급 수학을 왜 하게 되었나요? / 고급 수학을 수강하면서 어려웠던 점이 있나요? / 고급 수학을 들으면서 뭐가 가장 자신의 진로에 도움이 되었나요? / 이제 시간이 거의 다 끝나서 마지막으로 하고 싶은 말 있으면 해주세요. / 네. 조심해서 들어가세요."
건국대학교,행정학과,어떻게 오셨어요? 부모님이 데려다 주셨나요? / 날씨가 따뜻해서 다행이네요. / 첫 번째 질문이니 간단하게 물어볼께요. / 목민심서와 공직윤리에 대해 탐구 보고서를 작성하였는데 어떤 내용인가요? / 이건 책을 안 읽어도 알 수 있는 내용 아닌가요? 다른 내용은 더 없나요? / SWOT분석을 했다고 했는데 SWOT이 뭔가요? / SWOT으로 어떤 것을 분석했나요? / 저는 SWOT 분석이 기업에 쓰이는 것으로 알고 있는데 이를 공직에서 어떻게 사용할 것인가요? / 지역문제 탐구에 문제해결 방안으로 문화 인프라에 대해 설명했는데 이에 대해 알려주세요. / 마지막으로 하고 싶은 말 있으면 하세요. / 이제 나가셔도 됩니다.
경희대학교,간호학과,"안녕하세요. / 여기까지 어떻게 오셨나요? / 오시는 길 괜찮았나요? / 자기소개랑 지원동기 말해 주세요. / 간호학과에 진학하여 배우고 졸업한 후에 어떤 계획이 있으신가요? / 정신간호사요? 정신간호사 힘들 텐데 학생이 간호사 중에서도 정신간호사에 잘 맞는 성격이나 역량 / 정신적 건강에 관심이 많은 것 같은데 그럼 정신간호사가 되기 위해 학교에서 했던 활동이 있나요? / 생기부 보니까 성실하게 활동한 것 같아요. 근데 아까 용두사미 별로 안 좋아한다고 했는데 성적은 / 특별히 좋아하는 과목이 있나요? / 생명과학 2시간에 PCR에 대해 탐구하였는데 그거에 대해서 설명해 보세요 / 진로가 좀 바뀐 것 같은데 진로가 바뀐 계기나 진로를 간호사로 확실하게 한 어떤 활동이 있나요? / 하고 싶은 말 있나요? / 네, 준비했는데 말 못 한 활동이나 포부 이런 거 말씀해 주시면 됩니다. / 네. 수고하셨습니다."
경희대학교,건축공학과,"안녕하세요. 면접 시작하겠습니다. 먼저, 본인의 장단점은 무엇인가요? / 단점을 극복하는 데 힘들진 않았나요? / 내진 설계와 구조설계의 차이를 알고 있나요? / 지원동기가 무엇인가요? / 탐구활동 중 가장 기억에 남는 활동은 무엇인가요? / 그 구조들에 대해 구체적으로 설명해 보세요. / 본인이 건축공학과에 적합한 인재라고 생각하나요? / 마지막으로 하고 싶은 말이 있나요?"
경희대학교,경영학과,"네, 어서오세요. 앉으세요. / 경희대학교는 처음 와보죠? / 와보니까 어때요? / 좋습니다. 이제부터 저희가 생활기록부에 있는 활동 내용들을 가지고 몇 가지 질문을 드릴 건데 편 / :네 좋습니다. 그럼 긴장도 풀 겸 자기소개와 지원동기 말해 볼까요? / 여기 3학년 진로활동에 보면 워크아웃에 관한 활동 내용이 있어요. 지원자께서 상황이 어려운 기업의 / 워크아웃처럼 기업의 상황이 어려우면 구조조정을 통해 감원하는 방식을 많이 사용해요. 컨설턴트라 / 감원을 할 때 개인을 기준으로 할 수도 있고, 부서를 기준으로 할 수도 있고, 지위를 기준으로 할 수 / 네 알겠습니다. (옆에 계신 여자 면접관분께 질문을 넘기심) 현재 삶의 목표가 뭐에요? / 살면서 가장 보람찼던 일이 무엇이었나요? / 축구 포지션이 어디였어요? / 오, 기여한 바가 있었나요? / 약골로 보이는데 어떻게 넣었데? (면접관 두 분이 엄청 웃음) 아 방금 건 농담입니다. 지원자가 40대 / (남자 면접관에게 질문을 넘기심) 생활기록부를 보면 인공지능 수학이나 인공지능 기초같은 수업들을 / 수고하셨습니다. 여기까지 오느라 고생 많으셨고, 퇴장해 주시면 되겠습니다."
경희대학교,경영학과,춥게 입었는데 밖에서 춥지 않았어요? / 학교를 대표하여 사과합니다. / 학교에서 수학여행은 다녀왔나요? / 동아리 이름이 왜 이리 변화가 많은 건가요? / 학교생활 열심히 한 것 같은데 학교에서 가장 재밌었던 일이 뭔가요? / 우리 학교 홈페이지 들어가봤을텐데 뭐가 가장 기억에 남나요? / 본인 생기부에 대해 어느 정도로 만족하나요? / 그럼 이 많은 활동 중에 딱 하나 골라서 본인의 생기부를 어필해야 한다면 무슨 활동을 말하고 싶나요? / 우리나라 공무원이 해야 할 일을 고등학생이 하고 있군요. / 40초 정도 남았는데 마지막으로 하고 싶은 말 있나요?
경희대학교,경제학과,"우선 자기소개 및 경희대학교 경제학과에 지원하게 된 이유를 말씀해 주세요. / 3학년 진로 시간에 고령화 현상에 대해서 탐구했네요. 구체적인 활동과 느낀 점을 말씀해 주세요. / 지원자의 성격은 어떤가요? / 지원자의 취미는 무엇인가요? / 지원자는 혹시 복수 전공을 하면 어떤 과목을 할 것인가요? / 마지막으로 하고 싶은 말이 있나요? / 수고하셨고, 나가셔도 좋습니다."
경희대학교,국제학과,"오는데 많이 힘들진 않았나요? / 다행이네요, 점심은 뭐 먹었어요? / 아 그랬군요. 그럼 너무 긴장하시지 마시고, 면접 시작할게요. / 생활기록부 보니까 학생은 계속 국제기구에서 활동하고 싶다고 해왔었는데, 정확히 그 국제기구는 무 / 학생이 난민 관련 다양한 탐구활동을 해왔는데 이 난민 문제에 관심을 가지게 된 계기가 있을까요? / 그럼 학생이 생각하기엔, 난민 문제 해결의 핵심은 무엇인가요? / 그럼 난민 관련 캠페인이나 봉사활동을 한 경험은 있나요? / 가장 기억에 남는 동아리 활동은 무엇인가요? / 그럼 이 라이브 클래스는 영어로 진행한 건가요? / 가장 기억에 남는 라이브 클래스 주제가 있을까요? / 그럼 이 발표도 영어로 한 건가요? / 그럼 그 발표 지금 영어로 해볼 수 있나요? / (끄덕끄덕) 학교에서 친구들이랑 가장 재미있었던 기억은 무엇인가요? / 유엔 난민기구에서 일하는 존경스러운 사람이 있나요? / 네, 수고하셨고요, 면접 시간의 거의 다 되었는데 마지막으로 할 말 있나요? / 네, 면접 보느라 수고 정말 많으셨고, 이제 가시면 됩니다."
경희대학교,기계공학과,"네, 앞에 자리에 앉아주세요. / 지금부터 면접을 시작하도록 하겠습니다. 편안한 마음으로 질문에 답변해 주시면 됩니다. / 우선 경희대학교가 아침에 면접이 잡혀서 일찍 오셨을 거 같은데 오실 때 경희대의 풍경은 어땠나요? / 그렇군요. 자 이제 본론으로 넘어가도록 할게요. 학교생활을 하면서 자신의 리더십을 발휘한 적이 있다 / 학생이 생각하기에 서로 간의 소통에 있어서 중요하다고 생각하는 것은 무엇인가요? / 알겠습니다. (옆에 계신 다른 면접관에게 질문을 넘기심.) / 생기부 내용을 보니까 자동차를 많이 조사하신 것 같은데요. 현재 수소차가 개발이 되어서 보급이 되고 / 베르누이 공식에 대해서 설명해 주시고 그 예시도 설명해 주세요. / 마지막으로 하고 싶은 말 있을까요?"
경희대학교,기계공학과,편안하게 하시고 어디서 오셨나요? / 그럼 오늘 일찍 올라왔나? / 우리 학교 한 번 돌아보셨나요? 봤으면 어땠나요? / 그럼 질문 할게요. 지원동기 얘기해주세요. / 지원동기에서 얘기한 의족 만들기에 대해 자세히 설명해 주세요. / 그냥 의족 모양만 만든 게 아니라 직접 움직일 수 있게 했나 보네요. / 의족 만들 때 어려웠던 점은 없나요? / 자신의 장단점에 대해 얘기해주세요. / 저희 학교 홈페이지 한 번은 들어왔을 텐데 기억에 남는 과목이 있나요? / (이후 의족 만들기에 대한 질문 1~2개 정도 더 하시고 마지막 할 말 질문함)
경희대학교,미디어학과,"네, 질문에 편하게 답변하시면 됩니다. 먼저 왜 우리 학교 미디어학과 지원했는지를 간단히 말해주 / 네, 다음 질문은 간단히 대답해 주시기 바랍니다. 요즘엔 AI, 인공지능 이런 게 발전하면서 미디어 / 네, 거기까지만 말하시면 됩니다. / 다음은 제가 인성 관련 질문을 하겠습니다. 목소리를 들으면 조금 떨리시는 것 같은데 편하게 답변 / 네 지금까지 하고 싶은 말 많이 한 것 같은데 마지막으로 하고 싶은 말 30초 정도로 해주세요. / 네, 수고하셨습니다."
경희대학교,사회기반시스템공학과,"오느라 수고 많았어요. 경희대학교 와 보니 어떤가요? / 네, 그럼 질문하겠습니다. 고등학교 생활을 하며 가장 ~했던 순간은 무엇이었나요? (인성 질문이었는 / 봉사활동도 많이 하셨는데, 90시간이면 적지 않은 시간이거든요? 가장 기억에 남는 봉사활동 하나만 / (이제부터 옆에 계신 교수님이 질문하심.) 동아리 시간에 했던 해양 건축물의 진동감쇠 활동에 대해 / 압력을 고려해 해양 건축물의 철근 배치를 고안해 보았다고 했는데 철근이 얼마나 사용될지 어떻게 / 고안했던 건축물을 모멘트 비교법을 이용해 균열할지 알아보는 활동도 하셨는데 모멘트란 무엇인가 / 자연재해로 구조물이 피해를 입었을 때 구조물의 진동해석을 통한 상태진단이라는 활동도 하셨는데 / 네. 시간이 다 된 것 같습니다. 수고하셨습니다."
경희대학교,산업경영공학과,"오는데 많이 추웠죠? (긴장을 풀어주는 식으로 대화를 잠깐 나눔.) / 자, 이제 시작하겠습니다. 자신의 장단점에 대해서 말해보고, 단점은 어떻게 극복했는지 알려주세요. / 좋습니다. 데이터 분석 능력을 키울 수 있었다고 하셨는데, 데이터 분석 능력을 높이기 위해서 실제 / 학생의 생활기록부를 보면 최적화라는 단어가 많이 나오는데, 학생이 생각하는 최적화는 무엇인가요? / 학생은 앞으로 무엇을 하고 싶나요? (진학 계획 또는 진로 계획을 물어보심.) / 학교생활을 하면서 가장 인상 깊었던 활동이나 가장 기억에 남은 활동은 무엇인가요? / 네, 이제 시간이 1분 정도 남았는데, 마지막으로 할 말이 있으신가요?"
경희대학교,생물학과,"안녕하세요. 의자에 앉아주시면 됩니다. / 편안히 긴장 풀면서 천천히 지원동기나 자기소개 얘기 해주세요. / 자신의 미래에 대해 굉장히 구체적으로 잘 설계했네요. / 생물학을 진로로 삼게 된 결정적인 계기가 있을텐데, 말씀해 주세요. / 암 치료나 불치병 얘기를 하는 거 보면 의학 분야에 더 가까운 것 같은데, 왜 의학 말고 생물학을 / 생물학과에 오기 위해 다양한 활동을 했을 텐데 가장 기억에 남는 동아리 활동, 실험 같은 거 말해 / 연구가 굉장히 성공적이었다는 듯이 얘기를 했는데, 그 과정에서도 어려움이 있었을 것 같아요. 연구 / 바빴을 학창 시절에 틈틈이 연구도 진행하느라 고생하셨겠네요. 잘 들었습니다. / 가장 어려웠던 과목은 무엇인가요? / (생기부를 보시고)‘본받고 싶은 리더십의 소유자’라고 적혀 있는데, 본인이 리더십을 발휘할 때 가 / 네, 경희대학교 면접에 참석해 줘서 고맙습니다. 나가보셔도 괜찮습니다."
경희대학교,스마트팜과학과,"네~ 이쪽에 앉으세요. / 옷이 얇은 것 같은데, 춥지는 않으세요? / (하하) 밥은 먹었어요? / 준비해 오신 자기소개와 지원 동기 말씀해 주세요. / 우주에서 스마트팜을 활용해서 식물을 재배한다고 하셨는데, 어떤 점을 고려해야 할까요? / 활동을 보니 스마트팜에 관심이 많으신 것 같은데, 2학년 때 진행한 스마트화분 관리시스템에 대 / 어느 정도 값일 때 물을 분사했나요? / 코딩은 잘하시나요? / 우리 학교랑 학과 홈페이지는 들어가 봤나요? / 그럼 우리 학과에 와서 가장 해보고 싶은 것이 있나요? / 반장과 부반장을 많이 하신 것 같은데, 기억에 남는 활동이 있나요? / 우리 학교 교과목에 대해서 알고 있나요? / 종자 관련 활동에 대해 구체적으로 설명해 주시겠어요? / 마지막으로 하고 싶은 말이 있는데 못 한 게 있으면 해주세요."
경희대학교,스마트팜과학과,밥 먹었어요? / 긴장 별로 안 했나 보네. 맛있게 먹은거면. / 부모님이랑 같이 왔어요? / 들어갈 때 뭐라 하셨어요? / 면접 편하게 보시고 잘 들어가셨으면 좋겠네요. 질문 시작하겠습니다. / 학교 생활 중 기억에 남는 일이 있다면? / 그럼 재밌었던 일은 뭐예요? / 청소가 재밌었어요? / 네 교수님 질문하시죠. / 어떻게 도움이 되는 거죠? / 수경재배에 관심이 많은 거 같아요. 단점이 뭔가요? / 마지막으로 하고 싶은 말은?
경희대학교,아동가족학과,"네, 면접 가번호 말하지 말고 앉으세요. 앞으로 면접은 약 10분간 진행되며 질문에 1분 내로 빠르게 / 답변에 학생 생각이 많이 안 들어가 있는 것 같은데 어떤 생각으로 이 학과에 지원한 건지 자세히 / 저는 지원자의 생각이 궁금한건데 여기도 생각이 잘 드러나지 않는 것 같군요. 네, 잘 알겠습니다. / 네, 알겠습니다. 그럼 저는 여기서 마치고 다음 면접관이 질문 시작하도록 하겠습니다. / 네, 질문하겠습니다. 사회 이슈들을 많이 탐구했다고 하셨는데 그중 가장 해결이 시급한 사회 문제 / 그건 아동가족학과와 관련되지 않은 사회 문제인 것 같습니다. 그렇다면 해결책은 무엇이라고 생각 / 알겠습니다. 이제 시간이 거의 다 된 것 같은데 마지막으로 하실 말 있으시면 짧게 한 20초 정도로 / 네, 시간 다 되었으니 나가도 좋습니다."
경희대학교,응용화학과,"뭐 타고 오셨어요? / 경희대 이쁘죠? / 지원동기랑 이후 진로 계획 말씀해 주세요. / 그러면 진로가 신약 개발 쪽인 거 아닌가요? / 학급 임원을 3년 내내 하셨는데 친구들이 지원자를 왜 뽑아주었다고 생각하나요? / 동아리 활동 중 인상 깊었던 실험이 있나요? / 화학반응 속도에 관해 탐구하셨는데, 인체에서 반응속도를 결정하는 요인이 무엇인지 알고 계시나요? / 고분자 화합물이 우리 사회에서 많은 이슈가 되고 있는데요, 하이드로겔의 물리적 특성에 관해 설명 / 화학 공포증에 대한 내용이 있는데, 화학 공포증이란 무엇이며 지원자는 어떻게 생각하는지 의견을 / 이제 시간이 거의 다 되어서요, 마지막으로 하고 싶은 말, 각오 말씀해 주세요. / 네 수고하셨습니다."
경희대학교,의예과(자연계열),"지원동기를 말해 주세요. / 구체적으로 학과에 오기 위해 한 노력이 뭐가 있나요? / 좀 더 구체적으로 어떻게 진행했는지 말해 주세요. / 친구의 반응은? / 되고 싶은 의사상을 말해 주세요. / 의사로서 가장 필요한 능력은 뭐라고 생각하나요? / 활성 산소와 관련된 활동이 많은데, 간단히 활성 산소가 무엇인지 설명해 줄 수 있나요? / 환경 호르몬이 식물의 광합성을 저해하는 과정을 탐구했네요. 자세히 설명해 주세요. / 카페인과 아데노신 동아리 활동에 대해 설명해 주세요. / 브레인 케미스트리 책 가볍게 요약해 주세요. / 마지막으로, 만나본 의사 중에 가장 인상 깊었던 의사 이야기 해주세요. / 수고하셨습니다."
고려대학교,간호대학,"(웃어 주시면서) 안녕하세요. 면접번호 OO-□□학생 맞나요? / 면접은 7분 동안 진행되고, 제시문 정리하신 용지와 앞에 놓인 제시문 보고 말씀해 주시면 됩 / (끄덕이시며) 공통 추가 질문인데요, 1번 문항에서 답변한 내용 외에 떠올린 다른 개념이 있는 / 넵, 알겠습니다. 시간이 거의 다 돼서요, 이상으로 면접 마치도록 하겠습니다. 수고하셨습니다."
고려대학교,건축사회환경공학부,"안녕하세요, 바로 답변 시작하시면 됩니다. / 어우 7분 딱 맞게 답변하셨네요. 수고하셨습니다."
고려대학교,바이오의공학부,"안녕하세요, 자리에 앉으시면 됩니다, / 1번부터 3번 문항까지 차례대로 답변해주시면 됩니다. / 네, 2분 정도 남았는데 3번 문제에서 혹시 차 안으로 둔 다른 예시가 있을까요? 제가 알고 있는 홀로 / 네! 물론이죠! (이후 잠시 정적) 혹시 홀로그램을 서로 다른 위치에서 봤을 때 서로 다른 색상으로 / 혹시 그렇다면 보강간섭이랑 상쇄간섭에 대해 설명해줄 수 있나요? / (이때부터 뭔가 면접관님의 표정이 밝아지심, 처음에는 너무 진지한 표정으로 계셨음) 그럼 혹시 보 / 오! 그럼 한 번 예시 설명해 주세요. / (뭔가 끄적끄적) 네, 답변 논리적으로 설명 잘 해줬고요. / 네, 이제 나가셔도 좋습니다."
고려대학교,사회학과,안녕하세요. 답변 준비되었으면 시작하세요. / 시간이 남았는데 혹시 답변 보충하고 싶은 게 있나요? / 그럼 퇴실하셔도 됩니다.
광운대학교 경영학부 학생부종합 광운참빛인재(면접형),함,안녕하세요. / 인수합병에 대해 조사하셨는데 이에 관해 이야기 해주세요. / 그렇다면 인수합병에 적대적인 반응을 보이는 경우도 있는데 이에 대해서는 어떻게 생각하시나요? / 논문을 통해 조사하였다고 하셨는데 논문을 어떻게 찾으셨나요? / 봉사활동 시간이 적은 편이신데 이에 대한 이유가 있나요? / 생기부의 행동 특성 및 종합의견을 보면 매사 침착하고 차분하신 성격이라 쓰여있고 반장도 하시고 / 지속 가능한 경영을 위해서는 무엇이 필요하다고 생각하시나요? / 그렇다면 적절하고 공정한 보상 체계란 무엇이라고 생각하나요? / 지금 시간이 다 되어서 짧게 마무리 해주세요. / 네 수고하셨습니다. 나가도 좋습니다.
광운대학교,미디어커뮤니케이션학부,"(블라인드 면접에 관한 유의 사항 안내) / 학교에서 여러 활동을 하면서 선생님들께 좋은 평가를 받아왔네요, 여기 부학생회장임에도 불구하 / 과격한 방법이라고 하셨는데, 언어적으로 과격한 거였나요? 아니면 행위적으로 과격했던 것인가요? / 어떤 비전을 갖고 제작에 임할 건지 말씀해 주세요. / 어떤 영화가 큰 영향을 미쳤는지 말씀해 주세요. / 어떤 사회적 이슈를 담아내고 싶은가요? / 미디어의 여러 분야 중 어떤 분야를 하고 싶은지 말씀해 주세요. / 문화 다양성을 이야기하며 독립영화관 증가에 관해 이야기를 하셨는데 왜 이렇게 하셨나요? / 광운대에 오고 싶은 이유 10초 내로 말해보세요."
광운대학교,미디어커뮤니케이션학부,3학년 동아리 활동을 보면 기호학에 관련된 활동을 했던데 자세히 알려줄래요? / 분석한 광고 예시를 들어줄 수 있나요? / 마케팅 불변의 법칙이라는 책을 읽었네요? 어떤 내용이었나요? / 혹시 기호학에 기여했던 학자들도 생각이 날까요? 알고 있다면 말해 주세요. / 그 둘 다 언어학자인데 왜 기호학을 언어학자가 발전시켰는지에 대해 어떻게 생각하세요?
광운대학교,미디어커뮤니케이션학부,"안녕하세요. 앉으시면 됩니다. / 네~ 점심도 못 먹고 어떡해요. (가벼운 질문으로 긴장을 풀어주시려고 하는 것 같았음.) / 긴장하지 않아도 돼요~. 차분하게 질문에 대답하세요. / (면접 시 유의사항 한 번 더 말해주심.) / 첫 번째 질문드릴게요. 생기부에서 굉장히 인상 깊게 봤던 게 있는데요, 3학년 자율활동에 적힌 ‘재 / 보그(VOGUE)는 패션 잡지사 아닌가요? / 네, 이제 다음 질문할게요. 미디어커뮤니케이션학과는 여러 대학에 있잖아요. 그런데 우리 학교에 지 / 앞에 답변에서 다양성 있는 사회를 만들고 싶다고 했는데, 구체적으로 어떻게 해야 된다고 생각해요? / 네. 편하신 대로 하세요. / 그러면 미디어는 단지 소수자의 입장을 대변하기만 하면 되나요? / 근데 그런 작품을 만들면 사람들이 잘 볼 거라고 생각해요? 안 볼 것 같은데. / 그래요. 시간이 거의 다 돼서, 마지막으로 하고 싶은 말 있으면 10초 정도로 짧게 해보세요. / 수고하셨어요."
광운대학교,전자바이오물리학과,"물리학에 관심을 가지게 된 동기에 대해서 말씀해 주세요. / 양자암호통신에 대해 아는 것을 말해주세요. / 2학년 활동 중에서 양자컴퓨터에 대해 탐구을 진행하셨는데 가장 기억에 남는 것은 무엇인가요? / 요즘 복수전공을 많이 하고 있는데, 어떤 과목을 복수전공 할 건가요? / 컴퓨터에 대해 관심이 있는 것 같은데, 코드 언어에 대해 잘 알고 있겠네요? / 파이썬은 아예 모르고요? / 엔트로피 공식에 대해 간단히 설명해 주실래요? / 이 활동에 대해 자세히 설명해 주세요. / 2학년 때, 학급 회장을 맡았는데 가장 기억에 남는 것은 무엇인가요? / 2학년 동아리 활동에서 머신러닝을 통해 데이터를 도출하셨다고 했는데, 이 프로그램은 인터넷에서"
광운대학교,전자융합공학과,"생기부를 쭉 보니까 1학년 때부터 디스플레이에 대한 언급이 굉장히 많은 거 같은데 이유를 알려줄 / 2학년 자율활동에 FE-SEM과 Raman Spectrum에 대한 내용이 있어요. 이 분석들을 통해 알 수 있었 / 전도성 페인트를 활용한 플렉서블 디스플레이 전극 탐구 활동에 대해서 설명해 주세요. / 오호, 전도성 페인트가 뭔가요? / 전도성 페인트를 어떻게 다뤄서 그 디스플레이를 만들 수 있었나요? / 쭉 들어보니까 전도성 페인트가 굉장히 장점이 많은 거 같은데 그럼 이 소재가 현재 플렉서블 디스 / 동아리 활동을 보니까 짐벌을 만드는 활동을 하셨어요. 이 활동을 하면서 발생했던 문제점과 해결 / 그럼 그렇게 만들었던 짐벌과 실제 사용되고 있는 짐벌과 비교했을 때 어느 정도 성능을 보였나요? / 광운대학교에 와서 배우고 싶은 과목이 있을까요? / 본인이 마지막으로 이 활동은 꼭 말하고 싶다, 어필하고 싶다 하는 활동이 있으면 한가지 말씀해 주세요. / 그럼 해당 그래핀 필터가 일반적인 시중의 다른 필터들과 비교했을 때 어떤 장점이 있다고 생각하시"
광운대학교,전자통신공학과,"자기소개와 지원동기 말해 주세요. / 출결 상황이 굉장히 좋은데 대학 입학 후에는 생활이 많이 변할 것 같아요. / 수학 성적이 타 과목에 비해 높은 편인데 자신만의 수학 공부 방법이 있나요? / 수학 중에서도 좋아하는 수학 과목이 무엇인가요? / 미적분 시간에 탐구한 테일러급수와 오일러방정식을 자세하게 설명해주세요. / 미적분 때, 수학 성적 떨어졌는데 그 이유는 무엇인가요? / 리더십을 발휘했던 사례 말해주세요. / 시간이 부족해서 여기까지만 듣고, 마지막으로 하고 싶은 말 짧게 해주세요."
광운대학교,화학공학과,우리 학과에 지원하기 위해 노력했던 활동이 있나요? / 생활기록부와 말하는 것을 들어보니 수소에 관심이 많은 것 같네요. 그럼 우리나라의 수소 생산방식 / 그렇죠. 얼마 전에 포항제철소에서 문제가 생겨 수소 대란이 일어났었죠. 그럼 수소 확보를 어떻게 / 근데 신재생에너지로는 전력공급에 한계가 있을 거예요. 그럼 화력발전소 같은 곳에서 얻어내는 전 / 이황화몰리브데넘 촉매에 대해서 더 자세하게 설명해 주세요. / 바나듐 레독스 흐름 전지에 대해서 자세하게 설명해 주세요. / 수소 화학과에 지원해도 될 것 같은데 왜 굳이 화학공학과에 지원했나요? / 필립 볼이 쓴 책에 대해 읽었는데 이 책은 무엇이며 어떠한 내용의 책인지 설명해 주세요. / 1학년 때 멘토링 활동을 했네요? 바빴을 텐데 굳이 한 이유가 있나요? / 네. 네. 네. 면접 시간이 거의 다 되었네요. 마지막으로 하고 싶은 말을 10초간 해주세요. / 네. 감사합니다.
국민대학교,AI빅데이터융합경영학과(자연),"너무 긴장하지 마시고 자신감 있고 큰 소리로 편안하게 대답해 주세요. / 지원동기 말해주세요. / 지원동기가 너무 간결한 거 아닌가요. 하하하 / 3년 동안 가장 뿌듯했던 기억이나 후회가 되는 기억이 있나요? / 후회가 없는 스타일이네요 하하 / 1학년 때에는 동아리가 다 바이오, 수의학 이쪽인데 왜 2학년, 3학년 때는 통계 쪽으로 바뀌었나요? / (끄덕) / 가장 좋아하는 과목은 무엇인가요? / 수학 중에서도 어떤 분야를 제일 좋아하나요? / 이유가 뭔가요? / 다른 수학은 안 좋아하나요? / 미적분 세특에서 극한의 역사에 대해 탐구했는데, 극한이란 뭔가요? / 바이어슈트라스가 제시한 극한의 엄밀한 정의에 대해서도 탐구했는데, 우리도 이해하기 어려운 부 / 완전히 이해한 건 아니네요? 하하 이 탐구로 어떤 걸 느꼈나요? (부드러운 말투로) / 가장 기억에 남는 활동이 있나요? / 수학Ⅱ에서 르베그의 적분에 대해서 탐구했는데, 이것도 되게 어려운 개념인데 학교에서 알려준 건 / 학생이 했다는 거죠? / 음 시간이 거의 다 되어서 마지막으로 하고 싶은 말 있나요?"
국민대학교,건설시스템공학부,"우선 우리 학과에 왜 지원했는지 지원동기부터 말해주세요. / 지원동기에 자연재해로 인한 구조물 피해를 줄이는 방법에 대해 연구해보고 싶다고 하셨는데 고등학 / ...본인이 직접 검증을 한 거예요? / 어떻게 검증을 한 거죠? / 몇 초 단위로 측정한 거죠? / 변위를 어떻게 측정한 건가요? / 아니 그게 아니라 구체적인 수치를 어떻게 측정한 건지.. / 그럼 그렇게 몇 초 동안 측정한 겁니까? / 4초 동안 0.01초 단위로요? / 그럼 그 변위 그래프의 극점은 몇 개였나요? / 미적분 시간에 노이즈 캔슬링에 대해 탐구하셨는데 그 원리를 설명해 주시겠어요? / 네. 시간이 다 되어서, 마지막으로 하고 싶은 말 해 주세요."
국민대학교,사회학과,자기소개 먼저 해 볼까요? / 출결 상태가... 병결이 좀 많은데 이거에 대해 설명해 줄래요? / 큰 지병이 있었던 건 아니네요? / 전교 부회장을 3년이나 했네요? 전교 회장이 아니라 전교 부회장을 한 이유가 있나요? / 전교 회장직을 양보를 해줬다는 거죠?? / 또 양보해 줄 거 같은데. / 조사 많이 한 거 같은데 국민대에 오고 싶은 이유가 있나요? / 좋아하는 단어로 도전을 뽑았는데 이유가 있나요? / 심리 융합 칼럼에 대해 설명해 줄래요? / 그래서 탐정은 어떤 결과가 나왔죠? / 아. 특정 인물이 따로 있는 건가요? / 마지막으로 하고 싶은 말 있나요?
국민대학교,산림환경시스템학과,"안녕하세요. 우리 학과에 지원해 주셔서 감사합니다. 우리 학교에 지원하게 된 동기를 말해주세요. / 2학년 때 보면 지구온난화와 식량 위기 관련해서 탐구활동을 많이 했어요. 인상깊었던 책과 했었던 / 그리고 했었던 활동에 대해 말해주세요. / 1학년 생기부에 기업의 ESG 평가지표를 분석하고 평가했다는 기록이 있는데 어떤 기업을 어떻게 평 / 3학년 때 생기부를 보면 ai를 산림과 접목해서 활용하는 탐구도 있고 메타버스랑 산림이랑 엮는 탐 / 하하 그럼요. (다른 면접관분이) 그럼 내 질문 먼저 하고 교수님 질문을 조금 생각하고 하면 어때요? / 학생은 보면 어려운 과목도 끝까지 하려고 한 점이 참 좋은 것 같아요. 혹시 제일 어려웠던 과목이 / 미적분 얘기는 이제 됐고, 지구과학 1을 열심히 한 듯 보이네요. 지구과학도 중요하다고 생각하나요? / 지구과학Ⅱ도 열심히 한 것 같네요. / 얘기를 들어보니 학생은 생태계의 전체적인 시스템, 상호작용 이런 부분에 관심이 많은 것 같네요? / 네 그럼.. 아까 했던 질문이 뭐였죠? (다른 면접관 분이) 우리 학과에 진학하여 구체적으로 어떤 일을 / 이제 면접을 끝낼 시간이 된 것 같네요. / 네네, 하고 끝나면 좋을 것 같네요."
국민대학교,정치외교학과,"네 반갑습니다. 자리에 앉으시면 됩니다. / 그럼 지원동기부터 얘기해주세요. / 네~ 시간이 많이 없으므로 거기까지 듣겠습니다. / 본인이 자랑하고 싶은 활동 있으면 말씀해 주세요. / 생기부를 보니 다양한 사회 이슈에 대해 다루었었는데 그중에 교육 공감 원탁회의에서 미디어 리터 / 미디어 리터러시에 대해 왜 다뤘고 그 내용이 무엇인지 말해보세요. / 보니 민주주의에 대해서 관심이 있으신 거 같은데 자유, 시민 이런 뻔한 내용 말고 본인이 생각하기 / 네~ / 그러면 다르게 질문해 볼게요. 경제성장에 있어서 민주주의와 독재 중 어느 것이 더 효과적일까요? / 네 알겠습니다. 이제 시간이 거의 다 끝나가니 준비하신 멘트 하시고 나가시면 됩니다."
국민대학교,지능형반도체융합전자전공,"많이 긴장되나요? / 너무 긴장하지 말고 편하게 자기소개에 지원동기를 포함해서 말해보세요. / 가장 기억에 남는 활동은 무엇인가요? / 고급 물리학 수업을 들었었는데, 거기에서 어떤 걸 배웠나요? / 가우스 법칙이 좀 어렵죠. 혹시 한 번 설명해 줄 수 있어요? / 예 맞아요. 어렵다고 해서 한 번 물어봤어요. / 생기부를 보면 회로에 대해 탐구하는 활동을 한 적이 있는데 회로에도 관심이 있나요? / 어쩌다 관심을 가지게 되었나요? / 아아 그래서. / 고급 수학을 들었는데 어떤 걸 주로 배웠나요? / 학교에서는 행렬을 안 배우나요. 요즘? / 아 그렇군요? / 통합과학에서 CIS 반도체에 대해 알아봤는데 CIS 반도체가 뭔가요? / 아니 정말 전자공학에 관심이 많은가 봐요. 2학년 때 읽은 ‘인공지능의 미래, 딥 러닝’이건 어땠 / 좋아요. 마지막으로 하고 싶은 말 있나요? / 수고하셨습니다. 나가보세요."
덕성여자대학교,과학기술대학,"(면접을 시작한다는 말과 긴장을 풀어주는 말을 한 다음에 면접을 시작함.) 학생부 내용에 미래대체 / 사회문제탐구 시간에 제로 칼로리 식품과 체중감량 간의 상관관계를 조사했다고 나와 있는데 무슨 / 생명과학 ll 시간에 ‘생명과학, 신에게 도전하다’라는 책을 읽고 서평을 작성했다고 나와 있는데 어 / 나노기술을 이용해 식품을 유지하는 방법을 조사했다는 내용이 있던데 설명해 주세요. / 지구과학 ll 시간에 플렉시테리언에 대해 탐구한 내용이 있던데 설명해 주세요. / 집중해서 면접을 하다 보니 벌써 끝날 시간이 다 되었나 보네요. 혹시 마지막으로 하고 싶은 말이 / 면접하느라 수고하셨어요. 이만 나가보셔도 괜찮습니다."
덕성여자대학교,과학기술대학,"오전 반이라 오래 기다렸을 거 같은데 긴장은 안 되나요? (거의 마지막 번호여서 2시간 정도 대기 / 다행이네요. 긴장 풀렸으니 바로 질문할게요. 생기부 보니 반장, 학생회 등 다양한 학생회 역할을 / 전자약 상용화에 대해 탐구 했었네요, 전자약에 대해 설명해 주세요. / 암세포 세포호흡에 대해 설명해 주세요. / 생기부 보니 신약 개발 연구에 관심이 많은 거 같네요. 전자약에 이어 식물성 기름 폐기물로 약 제 / 화학Ⅱ와 미적분 내용을 융합하여 약물 혈중농도와 약물소실 속도상수로 약물 반감기 구하는 법에 / 네)....(조금 고민하다) 말씀드리겠습니다. 약물 혈중농도와 약물 소실속 / 열심히 대답하느라 시간이 거의 다 됐네요. 준비했는데 질문이 안 들어와서 못 말한 답변이나 마지"
덕성여자대학교,과학기술대학,"‘왜 세계의 절반은 굶주릴까?’를 읽고 진행한 프로젝트에 대해 구체적으로 이야기 해주세요. / 3학년 화법과 작문 시간에 ‘우리가 몰랐던 바이러스 이야기’를 읽고 서평 쓰기를 진행하였다고 하 는데, / 3학년 동아리 시간에 진행한 혈류를 측정하는 활동에 대해서 구체적으로 설명해 주세요. 그리고 그 수치와 / 마지막으로 오늘 나왔으면 했던 질문이 있으면 그에 대해 답하여도 좋고, 마지막으로 하고 싶은 말을 편하게"
덕성여자대학교,글로벌융합대학(인문사회),"공동체주의에 대한 내용이 생기부에 많던데, 어떤 내용이었는지 설명해 주세요. / 공동체 인식에서 세대 간의 공통점이나 차이점이 있나요? / 그럼 10대에 특별히 차이가 생기는 이유는 무엇일까요? / 공동체에서 만장일치가 되지 못하게 하는 요인에 대해 한 활동에 대해 설명해 주실 수 있나요? / 접촉 위안의 생물학적 원리에 대한 내용이 있는데 간단히 설명해 주실 수 있나요? / 마지막으로 하고 싶은 말이 있나요?"
덕성여자대학교,글로벌융합대학(인문사회),"1학년 생기부에 본인만의 학업 스타일을 찾지 못하여 약간 학교생활에 어려움이 있었다고 적혀 있는 / 2학년 생활과 과학 세특에 청소년의 뇌가 중독에 취약한 이유에 대해 보고서를 썼다고 했는데 그것 에 대 / 그렇다면 청소년에게 중독이 될 만한 것들에 대해 예시가 무엇이 있을까요? / 청소년들의 중독에 대해 조사했다고 하는데 수치로 표현해 줄 수 있나요? / 생기부를 보면 심리학에 관심이 많은 것 같은데 심리학 관련 도서에서 추천해 줄만한 책이 있나요? 있다 / 이 책을 추천하는 이유가 뭔가요? / 생기부를 보면 1, 2학년 모두 개근인데 이것에 대해 설명해 주실 수 있나요? / 마지막으로 하고 싶은 말이 있나요?"
덕성여자대학교,글로벌융합대학(인문사회),"네, 안녕하세요. 앉아주시면 됩니다. / 심호흡하시고 긴장하지 말고 편안하게 답변해 주시면 됩니다. / 2학년 진로활동을 보면 브렉시트에 관해 탐구를 진행하였는데 설명 부탁합니다. / 브렉시트 이후 유럽의 상황이 어떻게 변화하였나요? / 네, 2학년 자율활동을 보면 팔레스타인-이스라엘 분쟁에 대해 의견을 말하였는데 이에 대해 설명 부 / 꿈이 외교관인가요? 생활기록부에 적혀 있길래 물어봅니다. / 그러면 외교관으로서 팔레스타인-이스라엘 분쟁에 대해 의견을 말해줄 수 있나요? / 아, 아니요. 한국의 외교관으로서 밝혀주시면 됩니다. / 대화로 해결한다고 하면 영토분쟁에 대해서는 어떻게 해야 하나요? / 네, (생활기록부 넘기심) 3학년 생활과 윤리를 보면 소득재분배 정책에 대해 주장을 하였다고 하는 / 네, 알겠습니다. 시간이 다 돼서 혹시 마지막으로 하고 싶은 말 있을까요?"
덕성여자대학교,글로벌융합대학(인문사회),"오는데 날이 추웠죠? / 학교 단풍이 이쁘죠? 그럼 질의응답 시작하겠습니다. / 3학년 사회문화 시간에 우리나라 드라마 속 성차별적 요소를 구체적으로 분석하고 비판했다고 하는 / 3학년 화법과 작문에 가짜 뉴스에 대한 미국과 중국 유럽의 규제 방법에 대해 조사했다고 나와 있는 / 학교생활을 하면서 가장 기억에 남는 활동이 있을까요? / 마지막으로 지원자께서 다른 지원자들보다 봉사 시간이 높은데, 지원자분께 봉사가 가지는 의미가 무 / 마지막으로 하시고 싶은 말씀이 있나요? / 네, 수고하셨습니다."
덕성여자대학교,글로벌융합대학(인문사회),"안녕하세요. 가번호 0000 수험생 맞으시죠? / 오늘 날씨가 쌀쌀하죠? 아침 먹었나요? / 긴장하지 말아요. 먼저 덕성여대 글로벌융합대학에 지원해 주셔서 감사합니다. 면접 안내부터 하고 / 보니까. 소설가가 진로인 거 같은데. 진짜로 꿈이 소설가인가요? / 소설가가 되기 위해서 3년 동안 한 노력이 있나요? / 음, 위대한 개츠비를 읽었네요. / (끄덕임 못 보시고 물어보심) 읽은 거 맞죠? / 위대한 개츠비가 왜 위대한 것 같나요? / 출결 사항을 보면 3년 동안 개근을 하셨어요. 습관처럼 개근한 것인가요? 3년 동안 개근을 한 것에 / 음, 생기부를 보니까 독특한 단어가 있어요.... 음. 타밀어? 타밀어와 한국어의 유사성에 대해서 보 / 그럼, 마지막으로 하지 못했던 말이나 하고 싶은 말 있으면 해 주세요. / (마지막 말이 재미있었는지 약하게 웃으심) 네, 수고하셨습니다."
덕성여자대학교,데이터사이언스학과,"입학을 희망하게 된 동기는 무엇인가요? / 자율교육과정 프로젝트에서 해빙과 이산화탄소의 상관, 회귀 관계와 해결 방안을 탐구했다고 하는데 / 모둠활동에서 갈등이 있었던 경험이 있고 어떻게 해결하였나요? / 화학, 환경 관련 생기부 관련 질문이었고 정확히는 기억이 나지 않습니다. / 마지막으로 하시고 싶은 말 있으신가요?"
덕성여자대학교,데이터사이언스학과,수학 과제로 전자공학에 쓰이는 수학을 조사했는데 이에 대해 자세하게 말해 주세요. / 전기차와 이산화 질소에 대한 탐구 진행했는데 자세하게 말해주세요. / 왜 하필 이산화 질소 농도라는 자료를 선택했는지? / 마르코프체인에 대해 조사했는데 이에 대해 말해주세요. / 마르코프체인의 또 다른 예가 있나요? / 공학 시간에 해킹에 대해 조사했는데 이에 대해 말해 주세요. / 학생의 장점이 무엇인가요? 자기 자신을 자랑해 주세요. / 그렇다면 실험을 잘하는 사람은 어떤 사람일까요? / 마지막으로 하고 싶은 말해주세요.
덕성여자대학교,자유전공학부,"아침은 먹고 오셨나요? / 너무 떨지 마시고 편하게 대답하시면 됩니다. 먼저 2학년 동아리 활동에서 카페인 추출 실험을 했다 / 그리고 신소재에 대해서 발표했다고도 쓰여 있네요. 신소재 종류 중에서 신고분자 재료에 대해 아 / 아, 네 알겠습니다. 그럼 다음 질문하겠습니다. 3학년 생활과 과학 시간에 대사 증후군에 대해서 공 / 3학년 한문 시간에 다양한 사자성어를 공부한 것 같은데 그중에서도 매사마골이라는 한자성어에 대 / 보니까 3학년 때 반장을 하셨네요? 리더십 캠프도 다녀오고 많은 것을 배운 것 같은데 혹시 리더십 / 이제 약 1분 정도 남았는데 마지막으로 하고 싶은 말이 있다면 하고 마무리하면 좋을 것 같아요."
동국대학교,건축공학부,저희 동국대학교 건축공학부에 지원하신 거 맞죠? 자기 소개 먼저 해주시겠어요? / 3학년 언어와 매체 시간에 ‘감염 도시’라는 책을 읽고 비평문을 작성했다고 하는데 이에 대해 설 / 확률과 통계 시간에 ‘이벤트 밀도 이론’이라는 것을 조사하셨는데 설명해 주세요. / 000이라는 동아리를 3년 동안 하셨는데 가장 기억에 남는 활동은 무엇이었나요? / 3년 동안 반장 부반장 활동을 하며 기억에 남는 일화가 있다면 소개해 주세요. / 지원자가 생각하는 건축에서 가장 중요한 것은 무엇인가요? / 고등학교 학교생활 동안 트러블이 있었을 텐데 어떻게 해결하셨나요? / 요즘 AI 기술이 많이 발전했는데 건축 분야에는 어떻게 적용될 수 있을 것 같나요? / 마지막으로 하고 싶은 말이나 말하고 싶은 활동이 있나요?
동국대학교,건축공학부,"안녕하세요. 고등학교 과목 중 가장 인상 깊었던 과목은 무엇인가요? / 그와 관련된 활동을 한 것이 있나요? / 아, 탐구를 하진 않았군요. 내진설계의 문제점은 무엇이라고 생각하나요? / 건축에 숨어있는 물리를 탐구하며 발견한 물리 법칙은 무엇인가요? / 그러면 질문을 바꿔서, '건축의 거인들 초대받다'라는 책에서 발견한 물리 법칙에는 어떤 것이 있었나요? / 마지막으로 하고 싶은 말이 있나요?"
동국대학교,경제학과,"학생부에 재밌는 내용이 많네요? 미 중 무역 전쟁에 관해 조사하셨는데 말씀 해주세요. / 네, 알겠습니다. 여기 2학년 때 경제 시간에 한 활동이 눈에 보이네요. 케인즈와 프리드먼의 관점에 / 생기부 내용을 보니까 경영학과 내용 또한 많네요? 경제학과를 지원한 이유가 뭔가요? / 네, 이제 거의 시간이 다 돼가는 것 같네요. 나가셔도 됩니다. / 네, 가능합니다."
동국대학교,광고홍보학과,"네. 여기 오고 또 기다리시느라 많이 떨렸죠? 긴장도 풀 겸 간단하게 지원동기부터 얘기해줄래요? / 1학년 때 저작권 캠페인 부스 한 거 맞나요? (학생: 네.) 어떻게 (어떤 식으로) 하게 된 건가요? / 이 과정에서 아쉬움은 없는지 이야기 해주시겠어요? / 2학년 때 너혼자잘산다 세트로 크라우드 펀딩 활동을 했다는데 한 게 맞는지? (학생: 네.) / : (중간에 끼어드심) 청결세트요? / 진짜 돈으로 투자받은 건 아닌 것 같은데 어떻게 진행된 건가요? / 2학년 동아리 생기부를 보니까 리더십과 창의력 아주 뛰어난 학생으로 추진력과 실행력 돋보인다고 / 청소년에게 긍정적인 선거 전략에 대해 탐구한 건가요? 아니면 탐구한걸 조사한 건가요? (학생: 제가 / 네, 말하세요.) ‘난 대학 시절 도장찍기 연습했단 사실~’이라는 유명한 밈을 활용한 홍보문구였습니다. 최근 젊은 층의 투표가 굉장히 중요하고 강조되고 있다고 생각을 했고, 이런 밈 활용 홍보문구가 청소년에게 긍 정적일 수 있을 것이라 생각해 탐구를 하게 되었습니다. 먼저 다양한 선행연구를 진행했는데 사람들 이 사회적 이슈를 강조한 홍보 배너에 관심을 가진다는 걸 알았습니다. 사람들이 관심을 가지는 문제 에 공감할 수 있는 접근이 중요하다는 걸 알았습니다. 이를 토대로 ‘밈을 활용한 선거 홍보문구가 청소년에게 긍정적일 것이다’라는 가설을 세우고 직접 동급생 100명을 대상으로 질문지법을 통해 탐 구를 진행했습니다. 밈을 활용한 선거 문구가 대체로 긍정적으로 작용하겠지만, 사회 이슈에 따라 반 감을 살 수 있어 적절한 사용이 중요하다는 결론을 냈습니다. 또 청소년에게 익숙한 에스엔에스와 같 은 매체를 활용한다면 더 긍정적인 효과를 낼 수 있을 것이라는 결론을 내렸습니다. / 네. 시간이 다 되어서 그런데 마지막으로 동국대가 학생을 뽑아야 하는 이유에 대해 말해 주세요."
동국대학교,교육학과,"네 안녕하세요. 반갑습니다. 면접 마지막 순서라 많이 기다렸겠어요. 대기실에서 딱 면접 마지막 순 / 네, 그럼 먼저 지원동기부터 말해 주세요. / 고등학교에서 리더십과 관련된 활동, 기억에 남는 일에 대해 말해 주세요. / 여기 고교학점제 공간 디자인 한마당에 대한 내용이 있는데 이 활동에 대해 설명해 볼까요? / 오 구상한 대로 변화한 공간을 사용해 봤어요? 정말 의미 있네. 그렇게 적극적으로 활동한 건 뭔가 / 네, 이번엔 성적을 보면 영어가 다른 교과목보다 우수하네요. 특별한 공부법이 있었나요? 어떻게 공 / 학교폭력 가해 조치 기록이 졸업 후 4년 동안 학생부에 보존되는 것이 기본권을 제한하는 사례로 봤 / 네 그럼 동국대학교에 진학해서 해보고 싶은 건 있나요? / 시간이 조금 남았는데 하고 싶은 말 있나요?"
동국대학교,기계로봇에너지공학과,"자기소개를 간단하게 해주세요. / 공동교육과정으로 고급 물리학에서 각운동량 개념에 대해 공부하셨던데, 각운동량 보존 법칙의 원리 / 물리학1 시간에 움직이는 물체를 프로그램을 사용하여 분석하여 물체의 운동을 분석하는 능력이 뛰 / 그럼 2번 상황과 3번 상황의 공의 질량이 다른 경우는 어떤가요? / 아까 자기소개 하면서 자동차의 동역학에 대해 분석한 경험을 드러냈는데요. 문제 하나만 더 낼게 / 토크에 대해 많이 학습하셨던데, 자동차의 핸들이 승용차는 작고 동그란데 버스는 크고 네모 모양 / 진로 시간에 전기자동차의 엔진에 대해 학습하셨네요. 전기자동차와 내연기관의 동력을 얻는 방법의 / 우리 과에 들어와서 가장 하고 싶은 활동이 무엇인가요? / 마지막으로 할 말이 있다면 해주세요."
동국대학교,사회언론정보학부,"가번호 000번 맞으시죠? 긴장하지 말고 편하게 답변해 주면 됩니다. / 사회학전공에 지원했지만 생기부에 출판 관련 직종을 희망한다고 작성한 게 매우 특이하네요. 출판 / 생기부를 보면 아도르노의 미학 이론에 대해 탐구한 내용이 있는데, 이 탐구를 하게 된 계기가 무 / 아, 그럼 따로 책을 읽거나 한 건 아니고 본인이 탐구한 활동이었다는 거죠? (질문을 정리해 주시며 / 네, 알겠습니다. 혹시 고등학교 시절 인상 깊게 읽었던 책이 있을까요? / 또? / 또. (2번이나 되물어보심) / 네. 상관없습니다. / 음, ‘다정한 것이 살아남는다’를 보면 다정함이 생존에 유리하다는 진화론적 관점을 다룬 책이죠. / 네, 이제 제가 질문할게요. 1학년 때 출판마케팅과 관련해 탐구 활동을 했었네요. 그런데 지금 우리 / 그러면 요즘 유튜O나 SNS를 보면 책 내용을 짧게 요약해서 보여주는 영상도 많잖아요. 이것에 대해 / 마케팅의 일종이다.. 알겠습니다. 3학년 때는 노인복지주택과 관련된 탐구 활동을 했네요. 노인복지 / 네, 알겠습니다. 시간이 다 되었는데 마지막으로 하고 싶은 말 있나요?"
동국대학교,수학과,"지원동기를 말씀해 보세요. / 3학년 진로활동 시간에 e가 초월수임을 증명하는 내용을 탐구 활동하였는데, 설명해 주세요. / 초월수의 정의가 뭐죠? / 2학년 수학시간에 오일러의 공식 관련해서 했던데 오일러의 공식이 뭐에요? / 네네 (끄덕) / 이 수식이 가장 아름다운 이유는 무엇인가요? / 아까 동아리 시간에 뉴턴 랩슨법 이야기 해주세요. / 수학 교과 성적은 높은데 다른 과목의 성적은 낮네요? / 질병 결석이 많은데, 지금은 괜찮나요? / 3학년 진로와 직업 시간에 푸앵카레의 추측과 페렐만의 증명에 대해서 설명해 줄래요? / 3학년 공학 일반 시간에 경사 하강법과 관련된 내용을 했던데, 경사하강법이 뭐죠? / 경사하강법의 정의는 뭐에요? / 이제 시간이 거의 다 되었는데, 마지막으로 하고 싶은 말 있나요?"
동국대학교,영화영상학과,네 착석해 주세요. / (정적) 왜 영화제작자들에게 정보 통신 윤리 교육이 필요한 것 같아요? / 그럼 딥페이크 관련해서 한국 실제 사례 좀 이야기 해 줄래요? / 근데 그런 문제들이 교육으로 해결될 수 있을 거라고 생각해요? / 그런 아직 논쟁거리가 되는 주제가 있을까요? / 어떤 영화를 제작하고 싶어요? / 프랑스와 독일의 사례는 독일이 자신의 잘못을 인정했기 때문인데 그래도 한중일이 문화 교류를 통 / 일본이나 중국에 직접 가본 적 있어요? / 이제 시간이 다 되었는데 마지막으로 하고 싶은 말 있어요?
동국대학교,정보통신공학과,"벌써 5시가 넘었네요. 늦은 시간까지 많이 힘드시고 긴장되시죠? / 네, 질문에 편하게 답변하시면 됩니다. 자기소개부터 말씀해 주세요. / 암호화에 대해 탐구 활동을 진행했다고 했고 특히 RSA 암호를 강조했다고 했어요~? RSA 암호에 대 / 이 활동 관련해서 프로그래밍을 하거나 한 건 아니었나요? / 네, 인공 신경망에도 관심을 가져서 공분산이나 경사하강법, 그다음에.. principal component / 그럼 이것도 따로 프로그래밍을 한 건 아니죠? / 저는 여기까지.. / 네, 진로 독서 활동에서‘인공지능의 현재와 미래’라는 책을 읽었네요, 이 책에서 인상적이었던 부 / 관련해서 심화 탐구를 진행하지는 않았나요? / 행동 특성 및 종합의견에서 선생님이 자기 관리 능력이 뛰어나다고 기재하셨는데, 본인의 어떤 점에 / 네, 마지막으로 하실 말씀 있으신가요?"
동국대학교,지리교육과,"오시느라 수고 많았습니다. 간단히 자기소개와 지원동기를 말씀해 주세요. / 네, 좋은 예를 들어 설명해 주셨네요. 3학년 동아리 시간에 GIS에 대해 탐구하고 학교 인근의 버스정 / 확률과 통계 시간에 수열 개념을 활용한 지리적 탐구라는 보고서를 작성하였는데 구체적으로 설명해 / 그럼 수열 말고도 다른 수학적 개념을 이용해 지리적 개념을 확인해 본 적이 있을까요? / 2학년 독서(국어 과목) 시간에 다시 쓰는 택리지와 지리 이야기를 엮어 읽었다고 되어 있는데요. 책 / 네, 좋습니다. 2학년 동아리 시간에 한국 지리 모의 수업을 진행하였다고 되어 있는데요. 수업을 진 / 이제 시간이 50초 정도 남았는데요. 마지막으로 하고 싶은 이야기가 있다면 해주세요. / 네, 감사합니다. 수고하셨어요."
동국대학교,컴퓨터·AI학부,안녕하세요. 학교 와보니까 어때요? / 아 그래요. 자기 소개 해주세요. / 어 우선 활동들을 많이 했네요. 그중에 가장 기억에 남는 게 있으신가요? / 그러면 거기에 사용된 코드가 있나요? / 그러면 카메라를 연결해서 실시간으로 검사를 한 건가요? / 텐서플로우와 같은 코드에 대하여 설명해 주세요. / 간략하게라도 말해 주세요. / 2학년 때 성적분석 프로그램을 만들었네요? 거기에 대해서 설명해 주세요. / 그럼 경사하강법이 뭔가요? / 경사하강법은 어떨 때 사용하나요? / 최솟값은 그렇게 말고 미분을 통해서 구해도 되지 않나요? / 그러면 미분을 통해 최솟값은 어떻게 찾나요? / 그렇다면 왜 미분을 사용하지 않고 경사하강법을 쓸까요? / 조금만 생각해 보면 답이 나오지 않을까요? / 흠... 알겠습니다. / 인공지능과 딥러닝이라는 책을 읽었네요? 거기서 무엇을 배웠나요? / 딥러닝이 무엇인가요. / 마지막으로 할 말이 있으면 해보세요.
동국대학교,통계학과,지원동기를 진로 변경과 관련해서 답변하세요. / 3학년 진로 때 탐구한 로지스틱 회귀분석에 대해 구체적으로 설명해 주세요. / 3학년 수업량 유연화 시간에 활동한 4대 지표와 기후 변화 그래프를 통계적으로 비교하고 활동을 통 / 보건 시간에 활동한 통계를 활용하여 당뇨병 치료를 어떻게 할 수 있는지 설명해 주세요. / 3학년 자율활동에 기록된 의사소통과 갈등 상황을 조율한 사례를 소개해 주세요. / 마지막으로 면접에서 질문한 내용을 제외하고 말하고 싶은 통계 관련 활동을 말해주세요. / 네. 수고하셨습니다. 나가셔도 좋아요.
동국대학교,회계학과,안녕하세요. 지원동기를 말해보세요. / 오 세무사가 꿈인 학생이군요. 세무사가 하는 일에 대해서 알고 있나요? / 네 알겠습니다. 그렇다면 세무사와 회계사의 차이점에 대해서 알고 있나요? / 인공지능 세무 대리 프로그램의 법적 책임에 대해서 탐구했는데 탐구한 내용에 대해서 설명해 주세 / 그럼 세무사가 인공지능 프로그램에 의해서 사라지지 않을까요? / 세무사가 되기 위해서 앞으로 어떻게 공부하실 건가요? 학습 계획이 있나요? / 시간이 다 되어 가는데 마지막으로 못한 말이나 하고 싶은 말이 있나요? / 네. 시간이 다 되어서 여기까지 하겠습니다. 수고하셨습니다.
동덕여자대학교,사회과학부,"안녕하세요. 긴장하지 말고 편하게 답변해 주시면 될 것 같아요! 우선 동덕여자대학교 사회복지학과 / (웃으시면서) 네, 잘 들었습니다. 빈집 문제를 조사하고 해결 방안을 제시하는 활동한 것이 있는데 구 / 저출산, 고령화 현상에 대한 활동을 많이 했는데 더 추가해서 말해줄 수 있나요? / 질문하다가 보니까 심리학에서 사회복지로 관심이 옮겨진 것 같은데 이유가 있나요? / 키오스크와 관련해서 한 활동이 있는데 이건 뭐예요? / 사회복지에 관심이 많아 보이는데 교내 봉사 활동만 하고 교외 봉사 활동은 안 해봤나요? / 노래를 불렀어요? (웃으며) 할머니 할아버지분들과 시간을 보내는 게 어색하거나 힘들지 않나요? / 네. 더 듣고 싶지만 시간 관계상 혹시 마지막 하고 싶은 말이 있을까요?"
문화지식융합학부,동덕여자대학교 학생부종합 동덕창의리더전형,"먼저 지원동기를 간단히 말씀해 주세요. / 메타버스 세상 속에서 우리나라의 문화를 알리는 콘텐츠를 제작하고 싶으시단 말씀이죠? / 이런 콘텐츠를 제작할 수 있는 수업은 동덕여자대학교 말고 다른 학교에서도 배울 수 있을 것 같은 / 실습 교육을 강조해 주셨는데, 저희 대학교는 이론도 굉장히 중요시 여기는데, 어떤 이론에 대해 배 / 지금까지 학교생활을 하면서 초, 중, 고등학교 상관없이 학생의 인생에 터닝 포인트를 만들어 준 경 / 생기부를 보면 언론에도 관심이 많아 보이네요. 언론 동아리에서 어떤 활동을 했나요? / 음 그렇군요. 아쉽지만 시간이 다 돼서, 마지막으로 하고 싶은 말 있으신가요?"
명지대학교,미술사·역사학전공,"안녕하세요. / 지원동기 말씀해 주세요. / 기초자료 1번 질문에 고등학교 교육과정 중 기억에 남는 개념으로 선사시대를 적었는데 이걸 적은 / 맨 처음에 나와서가 다인가요? / 기초자료 2번에 일본군 위안부 문제를 적었는데, 그렇다면 독일의 유대인에게 한 행동과 일본군 위 / 학교생활 중에 주도적으로 했던 활동은 무엇이 있나요? / 어떤 주제로 토론을 진행했나요? / 그러면 토론 진행을 원활하게 하려면 어떻게 해야 한다고 생각하나요? / 네 수고하셨습니다."
명지대학교,스마트모빌리티공학전공,"학교 오는데 불편함은 없었나요? / 네 면접 시작하도록 하겠습니다. 지원동기 들어볼까요? / (원형 다리, 스마트 신호등 관련 질문을 했었음.) / 스마트 차선은 어떤 차세대 기술을 사용하여 만들었나요? / 다른 과목에 비해 영어 실력이 월등한데 이유가 있을까요? / 2학년 동아리 시간 때 해군 장교가 갖추어야 할 리더십에 대해 탐구했는데 설명해 주세요. / 그 능력은 다른 리더도 마찬가지로 필요한 덕목 아닌가요? 해군 장교에게 필요한 차별화된 리더십을 / 자신이 생각하는 미래 도시의 모습을 설명해 주세요. / 이동의 경계가 사라졌다는 말은 무엇인가요? / 자율 운항 선박에 관심이 많은 것 같은데, 자율 운항 선박이 사회에 어떠한 가치를 창출할 수 있나요? / 확률과 통계 시간에 선박과 IoT 기술의 접목에 대해 탐구했는데 이에 대해 설명해 주세요. / (8분 경과 타이머가 울리며) 마지막으로 하고 싶은 말 있을까요?"
명지대학교,아랍지역학전공,"자 일단은 분위기도 풀 겸 지원동기를 편하게 말해 주세요. / 다양한 활동을 한 것 같은데 리더십을 발휘한 경험을 얘기해 주세요. / 생기부를 보니까 책을 많이 읽은 것 같은데 그중 가장 인상 깊었던 책을 하나 소개해 주세요 / 생기부에 이슬람 은행에 대한 탐구를 진행한 듯한데 이것에 대해 아는 대로 설명해 주세요. / 그럼 정확하게 어떤 방식으로 운영되는 거죠? / 그니까, 정확히 무슨 방식이라는 거죠? / 아, 넵 알겠습니다. 음... 한문 시간에 중동이라는 단어에 대해 조사를 했네요? 중동이란 단어는 뭔가요? / 음… 그러니까 중동이 누구의 시점인 거죠? / 네... 그럼 중동이 정확히 뭐죠? / 흠... (넘어가심) (삐삐 10분 타이머가 울림 여자분이 이제 마무리하시죠 했는데 남자 교수님이 아직 / 자 그럼 마지막으로 할 말 듣고 마치겠습니다."
명지대학교,전기전자공학부,"오래 기다리느라 지루하셨죠? 자 그럼 바로 면접 시작할게요. 지원동기부터 말해봐요. / 졸업하고 진로 같은 거 있어요? / 자율주행 관련 아는 거 있어요? / 그럼 기억에 남는 실험 있어요? 물리, 화학 같은 실험 해봤을 거 아니에요. / 수학, 물리 뭐 배웠던 것 중에 기억 남는 거 있어요? 미적분이라던지... 배웠을 거 아니에요. / 그럼 존경하는 인물 있어요? / (5분 타이머 울림) 네 여기까지 하도록 하죠. 마무리할게요. / 네. 나가셔도 됩니다."
명지대학교,전기전자공학부,안녕하세요. 편하게 대답해 주세요. / 먼저 지원동기와 자기소개 한 번에 말씀해 주세요. / 반도체의 전류 특성 해석에 미적분을 적용했다고 되어 있네요. 이에 대해 설명해 주세요. / 빛의 물리학이라는 책을 읽었네요. 이 책에서 가장 인상 깊었던 내용과 왜 인상 깊었는지 설명해 보세요. / 물리 시간에 배운 일반 상대성 이론과 특수 상대성 이론에 대해 차이점과 공통점을 설명해 주세요. / 동아리 활동하고 부반장도 했네? 이런 리더십 활동을 통해 어떤 자질을 얻은 것 같아요? / C코딩을 사용했네요. 어떻게 사용한 거예요? / ‘로그를 통해 데시벨을 설명했다’라고 되어 있는데 이거 설명 해줄래요? / 초전도체에 대해 탐구했네요. 이에 대해 설명해 보세요. / 마지막으로 하고 싶은 말 있나요?
명지대학교,정치외교학전공,"안녕하세요, 여기 앉으시면 됩니다. / 긴장하지 마시고 편하게 답하시면 됩니다. / (5분 타이머를 누르시고) 학과에 입학한 후 듣고 싶은 과목은 무엇입니까? / 비정부기구에 어떠한 능력이 필요하다고 생각하나요? / 너무 길게 말고 짧게 답변해 주셔도 됩니다. / 그럼 이 질문 말고 다른 질문으로 지금 국회에 대통령을 잘 견제하고 있다고 생각하십니까? / 학업과 학업 외 활동은 어떤 비중으로 이루어져야 한다고 생각합니까? / 입학 후 학과와 관련되지 않아도 되니까 가입하고 싶은 동아리가 있습니까? / 초중고 통틀어서 동아리를 만들어본 적이 있습니까? / 오, 그럼 지금도 농구에 대한 관심이 높나요? / 학교에 농구 동아리가 없으니 입학 후 농구 동아리를 만들면 되겠네요!! / (5분 타이머 울리고) 네 수고하셨습니다."
서울과학기술대학교,건축학부건축공학전공,"자기소개와 지원동기 말해 보세요. / 봉사 활동이 많은데 그 이유는? (저는 1학년 63시간, 2학년도 대략 60시간 쯤) / 탄소 중립 관련 봉사가 많은데 탄소 중립이 뭔가요? / 고급물리학을 수강했네요? / 화학은 고3 때 화학Ⅱ 과목을 듣지 않았네요? / 트러스 구조의 구체적 원리? (자세히 기억이 안 남.) / 마지막으로 하고 싶은 말은?"
서울과학기술대학교,건축학부건축학전공,자기소개를 한 번 해보세요. / 3학년 때 탐구 활동으로 미래에 사용될 단열재인 에어로젤에 대해 탐구보고서를 작성했다고 하는데 / 3년 동안 000이라는 동아리에서 활동하셨는데 무엇을 이에 대해 소개해 주시고 가장 기억에 남는 / 요즘 AI 기술이 많이 발전하고 있는데 건축에서는 어떻게 적용될 수 있을까요? / BIM 기술에도 적용될 수 있겠네요. 3학년 동안 반장/부반장으로서 활동하셨는데 가장 기억에 남는 활 / 지원자가 생각하는 건축에서 가장 중요한 것이 무엇인가요? / 네. 그러면 마지막으로 자기 pr 한 번 해주세요.
서울과학기술대학교,건축학부건축학전공,"자기소개와 우리 학교의 건축학부에 지원하게 된 이유를 말해 주세요. / 국내 또는 외국에 좋아하는 건축물이 있나요? / 건축에 관하여 자신이 생각하는 중요한 교과와 비교과를 말해 주세요. / 생기부를 보니까 건축에 관한 도서들을 많이 읽으셨는데, 가장 기억에 남는 책은 무엇인가요? / 건축가의 사회적 책무에 대해 얘기해 보세요. / 3학년 동아리 활동을 보면 SCI 기법이 써 있는데, 이게 무슨 기법인가요? / 생기부를 보니까 인공지능 수학을 공동교육과정으로 이수하셨네요? 이건 어떤 것을 배우는 건가요?"
서울과학기술대학교,산업공학과,"안녕하세요. 자기소개 해주세요. / (살짝 웃으며) 왜 여기를 어떤 부분에서 빅데이터 분석가가 되는데 최고의 학교라고 생각했나요? / 이런 교과목들은 컴퓨터공학과 같은 다른 학과들에도 개설되어 있는 과목인데 왜 산업공학과에 지원 / R코딩에 대한 책을 읽고 R코딩에 대해서 공부해 보겠다는 의지를 다졌다고 하는데 이후에 R코딩을 / 네, 알겠습니다. 파이썬에 대한 이해도가 높아 파이썬 코드를 작성하여 도서관 관리에 실질적인 도움 / 확률과 통계 시간에 확률 분포를 이용해 간단한 문제를 만들고 풀이하는 활동을 했다고 확률 분포가 / 그건 알맞지 않은 답변인 거 같고 그러면 정규 분포에 대해서 설명해 주실 수 있나요? / 학교생활을 하면서 자신이 해온 일 중에 가장 뿌듯했던 일 중 하나를 소개해 주세요. / 미적분 시간에 미적분의 쓸모라는 책을 읽고 미적분이 자신의 진로인 빅데이터 분석에서 필수적인 / 이제 면접 시간이 다 되어서 마지막으로 하실 말씀 있으면 해주세요. / 네, 수고하셨습니다. 나가셔도 됩니다."
서울과학기술대학교,스포츠과학과,안녕하십니까. 먼저 자기소개와 지원동기를 말씀해 주세요. / 다음 질문으로 넘어가도 될까요? / 네 알겠습니다. / 방금 전 답변에서 스포츠과학이 실용적이라고 답하였는데 스포츠과학이 어떤 점에서 실용적이라고 / 스포츠 이론에 엄청 목이 마른 것 같은데 가장 관심 있는 스포츠 이론은 무엇인가요? / 스포츠에서 다양한 과학기술들이 활용되고 있는데 스포츠에서 활용되는 과학기술이 어느 정도의 위 / 고등학교 체육 시간이 실제로 어떻게 진행되나요? 진짜 실태를 말해주세요. / 학교 여가 시간에 학생들은 보통 무엇을 하나요? / 학교 여가 시간에 축구에 관심이 많은 학급 친구들과 축구 이야기를 한다고 말했는데 운동회나 반 / 축구 이외에 관심이 있어 참여한 종목이 또 있나요? / 마지막으로 하고 싶은 말이 있나요?
서울과학기술대학교,식품생명공학과,"안녕하세요, 지원동기 말해보세요 / 발효 관련해서 실험 해본적이 있나요? / 아 네, 발효 과정에 대해서 설명해 주실 수 있나요? / 발효와 세포호흡의 차이는? (위에 답변한 내용도 맞는 개념이긴 한데 조금 더 다른 답변을 원하시는 / NADH에서 NAD+로 바뀔 때 산화되나요? 환원되나요? / 산화의 정의가 뭔가요? / 3학년 동아리시간에 CLA에 대해서 탐구하였다고 하는데 실험은 안하고 이론적으로 한거죠? / 그러면 리놀레산과 리놀렌산의 차이가 뭔가요? / 리놀레산이 CLA로 변환되는 과정 얘기해보세요 / c12에서 c11로 변환된다고 하는데 결론적으로는 CLA가 생성될 때 cis에서 cis로 바뀌는거에요? 아니 / 끄덕끄덕, 그리고 길항작용에 대해 설명해줄래요? 대학생 3,4학년도 어려워하는건데 / 알겠습니다. (고등학교 수준에 맞춰서 대답한 느낌) / 고등학교 자율시간에 인삼을 키운 경험이 있다는데 설명해 주시겠어요? / EM용액은 어떤 장비를 사용해서 한거에요? / 활동을 하면서 실제로 인삼의 성장이 향상 되었나요? / 향상된 이유가 뭐라고 생각해요? / 흠 그거보단 (질소 관련해서 설명하심) 인 거 같은데요? / 이제 10초정도 남았는데 마지막 할말 하시면 될 것 같아요"
서울과학기술대학교,전기정보공학과,"많이 긴장하셨나요? / 우리 학교 전기정보공학과에 지원하게 된 동기나 자기소개, 진로에 대해 간단히 말해 주세요. / 동아리 시간에 오일러에 관해 탐구했다고 하는데 오일러와 관련돼서 아는 것 설명해 줄 수 있나요? / 아두이노와 관련된 활동을 하면서 아두이노 센서의 한계가 있었다고 하는데 어떤 활동이었고 어떤 / 그렇다면 회로 관련된 활동 중에 가장 기억에 남는 건 뭐가 있나요? / 오실로스코프의 신호해석 샘플링 속도의 한게가 있었다는데 이게 뭐였는지 설명해주세요 / 2학년 진로활동에 압전소자를 이용한 에너지 하베스팅에 대해 탐구하고 관련 활동을 계획했다는데 / 압전소자를 직접 합성하면서 어려운 점은 없었나요? / BTO나노파티클과 ZnO나노시트의 합성 과정을 간단히 설명해줄 수 있나요? / 분석은 어떻게 했죠? / 힐베르트의 업적 중에 가장 중요한 건 뭐라고 생각하시나요? / 힐베르트에 대해 아는 건 더 없나요? / 3학년 때 부반장 하면서 봉사를 한 경험이 있거나, 힘든 일은 없었나요? / 마지막으로 하고 싶은 말이나 앞으로의 다짐, 계획에 대해 말해 주세요."
서울과학기술대학교,전기정보공학과,"자, 안녕하세요. 혹시 긴장되시나요? / 긴장 푸시고 천천히 답변해주시면 됩니다! / 자기소개나 지원동기 중에 하나 말씀해 주세요. / 본인의 희망 진로가 대규모 시스템 설계 전문가라고 했는데, 구체적으로 어떤 시스템 전문가를 말하 / 생기부를 쭉 보니까 전도성 페인트를 활용해 또 다른 활동을 하겠다고 하셨는데요, 혹시 하셨나요? / 2학년 동아리 활동을 보니까 짐벌을 만드셨네요, 여기에서 자이로 센서를 어떻게 활용한 건가요? / 본인은 성실한가요? / 음...사례를 들자면요? / 생기부에 인근 대학교의 교수님을 찾아갔다고 했는데, 그때 설명 들은 거 기억나시나요? / 맥신이 무엇인가요? / 본인이 3년간 했던 활동 중에 가장 의미있었던 활동이 무엇입니까? / 어...시간이 거의 다 되었네요. 아쉬웠던 답변을 보충하거나 마지막으로 하고 싶은 말 있나요?"
서울과학기술대학교,지능형반도체공학과,"(인사 후) 네, 앉으시고요, 어떻게 오셨어요? / 네, 그럼 시작할까요? 학과에 지원한 동기가 어떻게 되세요? / 좋습니다. 그럼 그 과정에서 드러났던 자신만의 장점 같은 것이 있었나요? / 좋습니다. 그럼 단체활동 때는 어떤 역할이었나요? / 그렇다면 단체활동 중 갈등이 일어났을 땐 리더로써 어떻게 처리하실 건가요? / 좋습니다. 생기부에 tsv 관련한 탐구내용들이 보이는데, tsv에 대해 설명해주실 수 있나요? / 네, 그럼 모스펫과 관련한 탐구내용도 말씀해주시죠. / 평소에 논문은 많이 보시나요? / 가장 최근에 보신 논문이 어떻게 되나요? / 좋습니다. 마지막으로 하실 말이 있나요? / 네, 수고하셨습니다."
서울과학기술대학교,화공생명공학과,"안녕하세요. 자리에 앉으면 됩니다. / 학교에 오늘 일찍 왔나요? / 그럼 학교 구경도 좀 했나요? / 네 그럼 시작해볼게요. 우선 자기소개랑 지원동기에 대해서 말해볼까요? / (자기 소개 끝내고 지원 동기 말하려는데 시간이 없어서 건너뜀) 네, 잠시 이제 면접 시간이 한정되 / 2학년 고급 화학 시간에 이양성자산의 중화적정 과정에 대해 탐구한 것 같은데, 우선 이양성자산이 / 이양성자산에는 무엇이 있죠? / 그럼 이양성자산 중화 적정 과정에서 1차, 2차 과정이 있을텐데 어느 과정의 이온화 상수가 더 큰지 / 그 이유는 무엇인가요? / 네, 다음 질문 하겠습니다. 물리 시간에 광전 효과를 배우고 이를 광합성과 연결 지어서 탐구를 했는 / 네, 알겠습니다. 그럼 동아리에서 BCA assay를 통한 BSA 정량 실험을 진행했다고 했는데.. 흡광도를 / 그러면 흡광도는 어떻게 구할 수 있나요? / 그럼 농도가 같고 거리가 더 먼 경우에는 흡광도 값이 어떻게 되나요? / 다음 질문 하겠습니다. 화학 실험 시간에 사카린 합성 실험을 진행했는데, HCl의 첨가 여부에 따라서 / 그렇다면 실험에서 HCl이 어떤 역할을 한건가요? / 네 알겠습니다. 그럼 마지막으로 하고 싶은 말 듣고 마무리하겠습니다. / 네, 수고 많았습니다. 나가봐도 됩니다."
서울과학기술대학교,화학생명공학과,"자기소개랑 지원동기 간략하게 해주세요. / 1학년 때, 통합과학에서 수경재배기와 관련해서 자동화시스템을 구축하려고 노력했다고 나와있는데 / tds센서에 대해서 뭔지, 왜 필요한지 설명해보세요. / 2학년 때 점자프린터? 점자동화책 제작 활동에 대해서 설명해주세요. / 네, 혹시 (두 분 다 웃으시면서) 1학년에서 3학년으로 갈수록 점점 성적이 떨어지게 되었는데 그 계 / 학부 졸업 후 계획이 있을까요? / 네 수고하셨습니다."
서울대학교,경영대학,"수업 시간에 지식 확장 활동으로 재무제표에 관한 활동을 진행했는데, 재무제표를 볼 때 가장 중요 / ROE 항목을 개선하려면 어떻게 해야 할까요? / 매점의 수익성 개선을 위해 무인기 도입을 제안하였는데, 무인기는 어떤 특징의 상품에 활용할 수 / 노년층이 무인기 사용에 어려움을 겪는다는 문제가 있잖아요, 이런 점들을 어떻게 하면 해결할 수 / 수업량 유연화 활동에서 공동체 정신에 대한 탐구를 진행하였는데 기업의 입장에서 이러한 공동체 / 그렇다면 현재 기업 내의 승진이나 성과 등을 두고 구성원 간에 경쟁하는 시스템 내에서 어떻게 공 / 네, 끝났습니다. 수고하셨습니다."
서울대학교,기계공학부,"네~ 면접번호 OOOO이죠? 여기, 앉으세요. / (긴장 풀어주는 말들 먼저 해주심. 편안하게 대답하면 된다.. 등등) (생기부에서 전력망 조사했던 거 / 신재생에너지가 그러한 공급 과정에서 어떻게 활용될 수 있다고 생각하나요? / (생기부에서 자동차끼리 만났을 때 회피시키는 프로그램 만들었던 내용 언급 후)AI로 자동차가 차량 / 아.. 그럼 진행하다가 도중에 실패했지만 로봇이 가다 멈추는 걸로 프로그램을 완성했다? / AI사용하는 게 목적이었던 거에요, 아니면 자동차가 회피하도록 하는 것이 목적이었던 거에요? / 음~ 알겠습니다. (반장 활동 해왔던 것 언급 후) 공동체에서 어떠한 역할을 하였는지? / 음~ 조금 더 구체적인 다른 사례 있을까요? / 나가보셔도 좋습니다."
서울대학교,노어노문학과,"네~ 앉으시면 됩니다. / 밖에 많이 춥진 않았어요? / 너무 긴장하지 마시고 편하게 이야기하듯이 하면 됩니다~ / (문제1 설명, 답변 요구) / (문제 2 설명, 답변 요구) / (문제1 설명, 답변 요구) / (문제 2 설명, 답변 요구) / 네, 수고하셨습니다. (생기부 펼치며 읽음) 고골의 ‘외투’를 분석했다고 하는데, 그 작품이 어떤 점 / 그렇군요. 여기 파이썬 다운로드해서 푸틴 연설문을 텍스트 마이닝으로 분석해서, 라시즘의 양상을 / 알겠습니다. 수고하셨습니다. 이제 나가셔도 됩니다."
서울대학교,독어교육과,"네 앉으세요~ / 그럼 바로 제시문 첫 번째 질문 답변해볼까요? / 네 이어가세요. / 이어서 세 번째 질문도 답변해주세요. / 그럼 추가 질문하도록 하겠습니다. 앞서 말한 ~는 ~라고 했는데, 이에 대한 좀 더 구체적인 예시로는 / 학생부를 보니 여러 독서 활동을 진행한 것 같은데, 그 중에서 기억나는 문학 작품들을 모두 나열해 / 수고했어요. 나가봐도 돼요. / 시간이 30초밖에 없어서, ... 빠르게 말해보세요. / 네 알겠습니다. 들어가 보세요."
서울대학교,물리교육과,안녕하세요. 우선 답을 칠판에 다 적어주시고 설명해 주세요. / 나가셔도 좋습니다. 수고하셨습니다. / 안녕하세요. 답변 시작해주세요. / 그게 전부인가요? / 창의성이라.. 지문은 더 무거운 내용인데.. (이후 추가질문) (지문자체가 한나 아렌트의 글이어서 철학 / 시간이 좀 남았는데 이전 답변을 보충할래요? 아니면 추가 질문으로 넘어갑니다.
서울대학교,불어불문학과,"안녕하세요. / 첫 번째 문제는 요약은 간단하게 하시고 본인 경험을 좀 더 구체적으로 말씀해 주세요. / 네, 그 본인의 경험을 말한 부분에서 어떤 부분에서 그렇게 느꼈는지 조금만 더 구체적으로 말해줄 / 아, 그러면 주석으로 달렸던 게 아니라 글에 그냥 같이 그 정보가 있었던 건가요? / 그렇군요. 그럼 시간 관계상 다음 제시문으로 넘어가겠습니다. / 네, 시간 관계상 이만 마치도록 하겠습니다."
서울대학교,산업공학과,"산업공학과에 왜 지원하게 되었나요? / 부분과 전체라는 책을 읽었던데, 이에 대해 설명해볼 수 있나요? / 버스 좌석 최적화 활동을 진행하였던데, 어려운 점은 없었나요?"
서울대학교,산업공학과,"안녕하세요? / 답이랑 풀이 쭉 말해볼까요? / (아무 말 없이 날 보고 계심) / 음...네.... (동그라미는 2-1 하나에밖에 없는 상황) / 네, 앞에 연필 사용하세요. (시험 보는 장소에서 연필 못 가져오기 떄문에 면접실 연필 사용함. 다른 / 네에, 2-3, 4번 풀지 1번 다시 풀지 선택해서 풀어주세요. (우리 과는 풀이 진짜 신경도 안 씀. 답 맞 / 네, 이제 2-3으로 넘어가 볼까요? / 그럼요 시간은 3분 정도 남았으니까 잘 활용해 보세요 (웃음 - 사실 이때 쯤에 교수님들이 둘 다 어 / 문제 절반은 맞았어요. 아직 1분 정도 남았으니까 남은 시간 동안 마저 계산해봐요. (이러고 2-3자리 / 네, 면접 여기까지 보겠습니다. 수고했어요."
서울대학교,수리과학부,"뭐라고? 다시 천천히 불러주세요. / 분수는 분모 분자 정확히 괄호로 분리해서 설명해 주세요. / 혹시 적은걸 확인할 수 있나요? / (확인 후) 다음으로 넘어가세요. / 함수가 x=1에 대해 대칭인 이유는 뭔가요? / (끄덕임) / (끄덕임) / (끄덕임) / (끄덕임) / (끄덕임) / (끄덕임) / 2-4 풀이한 종이 볼 수 있을까요? / 2-4 부분만 동그라미 쳐서 주세요. / C에서 연료에 따른 도달 거리 함수 다시 불러주시겠어요? / 혹시 어떤 부분을 잘못 봤나요? / 그럼 C에 대해서도 똑같이 해결할 수 있죠? / 그럼 C에 대해서 B와 같이 함수를 다시 구해보세요. / 시간이 없으니 개형만 확인할게요. 개형은 어떻게 되나요? / 계속 일정한가요? / 네, 좋습니다. 그럼 아까 1-4를 해결하지 못했다고 했는데... (여기서 밖에서 크게 쾅 두드림 아마 종"
서울대학교,수리과학부,"대수기하를 독학을 하셨네요. / 뭐 어떻게 공부하셨는지 왜 공부하게 되셨는지 좀 말씀해주실래요? / 그럼 학기 중엔 못 보고? / 그러면 방학 2달 동안 보신 건가요? / 그 연습문제도 풀어보셨나요? / 그러면 앞으로는 랭란드(langlands)프로그램 공부한다고 하셨는데 어떻게 더 공부하실 예정이신가요? / 랭란드 프로그램 더 공부하신다고 말하셨잖아요? / 대수기하는 더 안 하고요? 대수기하가 이걸론 부족하잖아요. / 본인이 학교생활을 하면서 남들과 다른 시선으로 문제를 바라본 것이 있을까요? / 네 계속해보세요 짧게만. / 생기부를 보니까 동아리 리더, 뭐 이런 리더 많이 했는데 그러한 활동으로 친구들에게 칭찬받은 적 / 어... 그러면은 그런 활동들을 하면서 칭찬받거나 하셨던 거는 어떤 건가요? / 아까 리더는 효율성을 증대시킨다고 햤는데 사실 가장 예민한게 사람에 대한 문제잖아요? 사람을 포 / 그러니까 우리가 효율성을 높이기 위해선 어쩔 수 없이 누군가를 버리고 가야 할 일이 있을 수 있는 / 시간이 없을 거 같긴 한데 일단 질문할게요. 혼자서 뽀앙까레나 뭐 이런 것들을 혼자 많이 공부하신"
서울대학교,수리과학부,"사이클로이드가 뭔가요? / 사이클로이드와 최속 강하 곡선 증명이라 되어있는데, 최속 강하 곡선과 사이클로이드가 무슨 연관이 / ‘이렇게 아름다운 수학이라니’를 읽고 복소수 관련 탐구를 했는데 이에 대해 말해주세요. / 보니까‘세상의 모든 공식’도 그렇고 책을 굉장히 많이 읽었는데 최근에 읽은 책 중에 가장 인상깊 / 수학이 어떻게 무기가 되나요? / 아 ‘수학이 어떻게 되는가’라는 책을 읽고, 확률과 통계 관련해서 탐구를 한 것 같은데, 이와 관련 / 3학년 진로활동에서 ‘틀리지 않는 법’을 읽고 오디오 북을 만들었는데, 이와 관련해서 말해주세요. / 코딩 관련 활동을 많이 하셨는데, 코딩을 하면서 어려웠던 과정과 코딩이 어떻게 수리과학부에서의 / 2차원 리스트를 사용하기 위해 어떻게 자료를 찾았나요? / 코딩이 어떻게 수리과학부에서의 자산이 될 수 있을까요? / (뭘 물을지 고민하는 것 같았음) 지원 동기가 어떻게 되나요? / 예 끝났습니다."
서울대학교,식물생산과학부,서울대 와본 적 있나요? / 버스 타면서 지나다가 본 건가요? / 처음 와보니까 학교 어때요? / 질문 시작하겠습니다. 레이온 합성 실험에서 오류가 발생했다고 했는데 어떤 오류가 발생했나요? / 이를 통해 무엇을 배우게 됐나요? / 특정 책(기억 안남)이 어떤 내용이고 어떤 점을 배웠나요? / 그러면 이 책의 내용은 식물생산과학부에 어떻게 도움이 될 수 있나요? / 다른 학생들과 다르게 ‘화장품 연구원’이라는 구체적인 꿈을 가지고 있는데 화장품 연구원이라는 / 그러면 학생은 화장품을 연구하기 위한 기반으로 식물을 연구하고 싶은 건가요? / 적재적소에 맞는 순발력과 재치 있는 언변을 식물생산과학부에서 어떻게 활용할 수 있나요? / 1학년 진로활동에 정치분야에 관심이 높고 적성도가 높다고 나와 있는데 이러한 적성을 살릴 계획은 / 네. 면접 보느라 수고하셨습니다.
서울대학교,약학계열,"바로 생기부로 넘어가겠습니다. 생활기록부를 보니 1학년 때 통합사회에서 국내 희귀병 환자의 경제적 / 그럼 이러한 희귀병의 건강보험 부담비율을 늘리면 일반적인 질병, 감기나 장염등에 대한 건강보험의 / 그럼 다음 질문으로 넘어가서... 생명과학Ⅱ 시간에 2011년에 수지상세포를 발견한 공로로 노벨상을 받 / 그럼 혹시 이 노벨상 받을 때 같이 받은 사람이 어느 분야인지 알고 있나요? / 그 2011년에 이 사람들과 함께 받은 사람들이 이 업적과 관련하여 더 넓은 범위로 받은 사람들이 있거 / 네... 알겠습니다. 다음으로, 공동교육과정에서 pH와 당의 종류가 두유 요거트 발효에 끼치는 영향을 주 / 그럼 그 맛의 최적 조건이라는 것이 무엇인가요? / 그럼 brix를 사용한거 겠네요? 단당류와 다당류등 여러 가지 당에 따라서 당도가 다 달랐을 텐데 그 / 그럼 다음 질문으로 넘어가겠습니다. 또 노벨상 이야기를 해볼까 하는데... 화학1시간에 2021년 노벨 / 근데 그 상은 그 부분도 있지만 더 큰 분야 때문에 받은건데.. 혹시 알고 있나요? / 비대칭 유기촉매 때문에 받은겁니다. 혹시 비대칭 유기촉매에 대해서 알고 있는게 있나요? / 혹시 그럼 이 노벨상 받은 사람들 이름도 알고 있나요? / 20초 정도 남았네요. 마지막으로 하고 싶은 말 있나요?"
서울대학교,약학계열,들어오세요. / 네. 우선 답부터 말해보세요. / 네. 그럼 푼 문제들부터 풀이해 주세요. / 그러면 못 풀었던 문제 중에 1-2번 한 번 같이 풀어볼까요? / 그거를 직접 그렇게 구하면 좀 복잡하지 않나요? / 2024번째의 결과를 2023번째의 결과로 한 번 표현해 보세요. / 그러면 n+1번째 결과는 n번째 결과로 어떻게 나타내지죠? / 그 식을 한 번 변형시켜 보세요. / 네. / 식을 변형시킬 때 2h 말고 2를 빼 보는 건 어떤가요?
서울대학교,역사학부,"생기부 내용에서 질문 세 개를 할 거예요. 면접 시간이 총 10분이니까 한 질문당 3분씩 대답하시면 / 3학년 동아리 활동에서 독립운동의 방향성에 대해 ‘실력양성론’,‘무장투쟁론’, ‘외교론’을 사 / 3학년 진로 활동에서 자크 르 고프의 ‘연옥의 탄생’을 읽었네요? 이 책에서 인상깊었던 점을 이야 / 생기부를 보니까 프랑스 혁명에 관심이 많은 것 같은데, 프랑스 혁명에 대해서 어떻게 생각하세요? / 마지막으로 하고 싶은 말 있으면 해주세요."
서울대학교,영어교육과,"(타이머 설정하심.) 네, 시간이 많지 않으니까 바로 질문할게요. 2학년 독서 시간에 ‘영어의 아이 / 완벽한 영어는 무엇일까요? / 네, 그러면 좋은 영어교육이란 뭐라고 생각하나요? / 왜 그런가요? / 수능 중심의 현 체제에 반대하시는 건가요? / 그러면 어떻게 영어교육을 해야 하나요? / 네, 알겠습니다. 3학년 영어 독해와 작문 시간에 로봇이 영어 학습에 활용될 수 있는 가능성에 관한 / 근데 AI를 믿을 수 있을까요? / 네, 시간이 얼마 안 남아서 마지막으로, 3학년 진로 시간에 다문화 사회에서 영어 교육이 지니는 의 / 네, 수고하셨고 나가셔도 됩니다."
서울대학교,윤리교육과,"안녕하세요. 면접번호 0000 맞죠? 앉으세요. / 네. 인문학 물음 1번부터 답변해 보세요. / 네. 그럼 문제 2번에 대해 답변해 보세요. / 문제 2번 답변에서 학생은 역사 사건에 대한 전반적인 것으로 답변을 한 것 같은데, 한국사나 세 / 그러면 이제 사회과학 지문에서 1번 답변해 보세요. / 2번 물음 답변해 보세요. / 마지막으로 3번 물음 답변해 보세요. / 구체적으로 어떤 사람들이 이것에 영향을 받을 수 있다고 생각해요? / 최저 생계를 유지하기 어려운 그런 사람들을 얘기하는 거죠? / (면접관 1에게) 뭐 더 물어볼 거 없어? 그럼 항상 물어보는 거 물어봐. / 수능은 뭐 봤어요? / 네. / 잘 봤나요? / 수능으로 윤리교육과 올 수 있을 거 같아요? / (생활기록부인 것 같은 자료를 보면서) 경제학과 같은 데에도 지원했나? / 윤리교육과랑 교육학과는 차이가 클 텐데 지원한 이유가 있나? / 음. 그래요. / 수고했어요. / 네. 앉으세요. 많이 기다렸죠? / 네. 밖에서 제시문을 읽고 답변을 준비했을텐데, 1번부터 한 번 들어봅시다. / 다음 2번 / 3번 / 잘 들었어요. 근데 문제 1번에서는 위에 제시문을 읽고 교사의 책임과 권위에 대해서, 또 그게 우 / 답변에서 학생회 활동을 했다고 했는데 반장, 학생회장 할 때와 교사할 때 리더쉽이나 이런 것들 / (웃으시면서) 그럼 교사는 솔선수범하지 않아도 된다는 건가요? / 제시문에서도 그렇고 답변에서도 그렇고 교사의 역할은 아이들이 세계에 입문하도록 하는 것이라 / 수고하셨습니다."
서울대학교,의예과,"1학년 때 DNA추출 실험을 하셨는데 몇 명이 같이 했습니까? / DNA추출 실험을 하면서 어려웠던 점이 있나요? / 봉사활동에 분리수거가 있는데 어디에서 한 겁니까? 학교에서 한 겁니까? / 봉사활동의 의미, 봉사활동을 하면서 느낀 한계점 그리고 보완할 점 말해주세요. / 생기부에 ~문장이 있는데 해보고 싶은 연구는? / 꿈을 갖게 된 계기? 지원동기? / 봉사활동에 ~활동을 하고 ~활동을 했는데 각 각 느낀점에 대해서 말씀해 주세요. / 교과활동(정확히는 기억이 나지 않습니다) 중에 어려웠던 점? / 네 / 활동 중에 부학년장 친구와의 갈등?(앞선 답변에 해당하는 생기부 부분에 부학년장 친구와 협력을 잘 / 의사소통을 잘 하기 위해서 필요한 것?(꼬리질문이 아니라 단독 질문이였는데 아마 생기부에 의사소 / 그것 말고는 또 어떤 것이 필요할까요? / 본인의 단점? / 제시문 내용을 설명해 주세요. / 언어가 유동적인 사례가 있을까요? / 어떤 사회적인 문제가 발생할 수 있을까요? / 긍정적인 측면으로는 무엇이 있을까요? / 본인이 알고있는 신조어에는 무엇이 있나요? / 이모티콘의 장·단점에 대해서 설명해 주세요. / 서로 다른 나라 사이에 언어의 차이가 있는데 사회에 어떤 영향을 미칠 수 있을까요? / 언어가 달라서 문제가 발생한 본인의 경험이 있나요? / 표를 해석해주세요. / 표에서 남성과 여성의 차이를 해석해주세요. / 흡연이나 음주와 관련된 질환이 없는 환자를 대상으로 한 것은 괜찮나요? / 본인이 정책책임자라면 어떤 치료제를 쓸 것인가요? / 사람들이 AC치료제 중에 C BD치료제중에는 D를 고르는 성향이 있는데 해석해주세요. / 이와 관련된 본인의 경험이 있나요? / 제시문의 내용을 설명해 주세요. / 본인이 예술가라면 바꿔줄 것인가요? / 본인이 의사라면 환자들의 요구를 들어줄 것인가요? / 본인이 생각했을 때 합리적으로 설명을 하려면 어떻게 해야 하나요? / 제시문과 추가 제시문의 제목을 지어주세요."
서울대학교,의예과,안녕하세요. 긴장 푸시고. 밖이 추웠을 것 같은데 기다리느라 힘들었겠네요. / 1학년 행특인 논어와 맹자에 대한 질문 / 생명과학 실험에서 실험 도구를 잘 다룬다고 적혀 있는데 관련된 사례가 있나요? / 실험 도구를 잘 다룰 수 있었던 본인만의 노하우는? / (살짝 웃으시며) 따라한다고 그게 되나? / 통합사회 시간 조사한 외노자 관련 내용 질문함. / 이를 해결할 수 있는 방법은? / 고용허가를 받지 못한 외노자는 어떻게? / AI 가 의료에 적용되는지 조사한 것 같은데 설명 부탁 / 그러면 AI 기술은 항상 이로운 것인가? 장·단점을 말해 보세요. / 후성 유전학을 조사하였다고 하는데 후성 유전학이 정확히 무엇이고 이것이 암 발생 기전에 어떠한 / 그게 맞는 설명인가요? 그러면 그게 어떻게 암 발생과 관련이 있나요? / 이 제시문의 제목을 지어보세요. / 본인은 A국가와 B 국가중 어떤 나라의 방식이 적절하다고 생각하나요? / 2가지의 그림이 각각 무엇을 의미할 것 같나요? / 옛날에는 그림을 왜곡해서 그리는 경우가 있었는데 만약 이 2가지의 그림에도 왜곡이 있었다면 어떤 / 본인이 옛날에 그림을 그리는 사람이었고 이러한 왜곡을 국왕이 요청하였더라면 어떻게 했을 것입니 / 그러나 그 당시에는 국왕의 권력이 매우 강했고 국왕의 말을 어기면 사형당할 수 있는 상황이었습니 / 이렇게 기록을 했었던 우리나라 과거 녹음본을 들려드리겠습니다. / 이러한 기록물을 남긴 이유는 무엇일까요? / 그렇다면 먼 미래에 어떠한 기록물을 남길 수 있다면 어떤 내용의 기록물을 남기고 싶나요? / 그러면 어떤 방식으로 저장할 수 있나요? / 직장인의 마음을 설명해보세요. / 본인이 의사라면 이러한 상황에서 어린아이의 출입을 제한할 것인가요? / 추가 제시문 읽어 보세요. / 본인은 그 그래프과 같이 사람을 만난 적이 있나요? / 재앙이 일어났을 때 본인과 가까운 사람 한명이 당했다 라는 소식을 들을 때와 모르는 사람 여러 명 / 그럼 이기적인 사례는 무엇이 있나요?
서울대학교,의예과,"빈칸에 어떤 제목이 들어가야 할 것 같나요? / 본인이 생각하기에 A,B 국가 중 어떤 국가의 방식이 더 적절하다고 생각하나요? / A,B처럼 나라마다 마약에 대처하는 방향에 차이가 나타나는 이유는 무엇이라고 생각하나요? / (학교 생활 사례 관련해서 한 질문을 하셨는데 잘 기억나지 않습니다.) / 어떤 그림인 것 같나요? / 두 그림은 나폴레옹 대관식과 페스트 환자들 사이의 나폴레옹을 그린 기록화입니다. 두 기록화에 왜 / 본인이 기록화를 남긴다면, 왜곡을 하는 것이 옳을까요 하지 않는 것이 옳을까요? / 만약 왜곡을 한다면, 어떤 소재를 어떻게 왜곡할 수 있을까요? / 추가 제시문을 펼쳐주세요. 준비되면 말씀해주세요. / (음성 파일 들려주신 후) 이러한 기록을 남긴 이유가 무엇이라고 생각하나요? / 본인이 100년 후 후손들에게 딱 한 가지의 물건을 남길 수 있다면 어떤 것을 남기겠습니까? / 각 기술의 장단점을 말씀해주세요. / 제시된 기술들의 공통점이 무엇이라고 생각하나요? / 가장 필요한 역량이 무엇이라고 생각하나요? / 본인은 어떤 역량을 가지고 있나요? + (구체적 사례 요구하셨습니다.) / ‘나’의 감정이 어떻게 변화하였나요? / ‘나’의 감정이 이렇게 변화한 것이 옳은 태도인가요? / 지원자가 ‘나’라면, 어떻게 할 것인가요? / ‘나’의 입장에서 화내는 환자에게 어떻게 말할 것인지 말해보세요. / 어떠한 점의 차이가 공감의 정도에 차이를 일으킨다고 생각하나요? / 추가 제시문에 대해 설명해 보세요. / 추가 제시문을 활용해 봉사활동을 계획해보세요. / 봉사활동을 지속하기 위해 가장 중요한 것이 무엇이라고 생각하나요?"
서울대학교,의예과,"네, 제시문 잘 읽었죠? (나폴레옹과 관련된 명화 2가지) 각 그림이 무엇을 설명하는 것 같나요? / 첫 번째 그림은 잘 설명했고, 두 번째 그림은 실은 페스트가 퍼졌을 때 그려진 그림입니다. 다시 한 / 이렇게 그린 의도가 있지 않을까요? / 두 번째 그림에서 화가가 이렇게 그린 것은 왕권 강화와 상관 있을까요? / 네. 수고하셨습니다. 나가셔도 좋아요. / 네, 제시문 잘 읽었죠? (아픈 아이가 울고 있고 치과 수술이 밀려서 불만이 많은 딜레마 상황) 제시 / 아까 해결하고픈 마음이 들겠다고 했는데, 구체적으로 어떻게 하겠다는 건가요? / 그런데 이 아이가 자폐를 앓고 있는 아이였다고 합니다. 이렇게 된다면 지금까지 얘기한 감정이나 / 두 번째 그림에서 화가가 이렇게 그린 것은 왕권 강화와 상관 있을까요? / (질문 더 있었던 것 같은데 기억나지 않음) 네. 수고하셨습니다. 나가셔도 좋아요. / 네, 제시문 잘 읽었죠? (지속 가능한 에너지와 혁신 기술) 각각의 장단점을 설명해 보세요. / (질문 더 있었던 것 같은데 기억나지 않음) / 네. 수고하셨습니다. 나가셔도 좋아요. / 네, 제시문 잘 읽었죠? (마약에 대한 예방적 방안, 처벌적 방안) 위 제시문 (가), (나) 위에 빈칸에 제 / 지원자는 둘 중에 무슨 방안을 택할 것인가요? / 두 방안의 차이가 무엇인가요? / 구체적으로 어떤 사회적 분위기를 말하는 건가요? / 네. 수고하셨습니다. 나가셔도 좋아요. / 네, 앉으시죠. 2학년 자율활동으로 이런걸 하셨는데 구체적으로 어떤 활동이었나요? / 그 친구에 대해서는 어떻게 해결됐죠? / 네, 그러세요. / 봉사활동을 백 몇 시간 하신 것 같은데 가장 기억에 남는 봉사활동이 있나요? / 그 봉사활동을 하면서 무엇을 느꼈나요? / 친구들과 모둠활동을 하면서 의견 충돌이나 갈등이 있던 적이 있었나요? / 갈등을 어떻게 해결했다고 생각하나요? / 리더십이 무엇이라고 생각하나요? / 괴델, 에셔, 바흐를 읽고 느낀점이 기록되어 있는데, 구체적으로 무엇을 느꼈나요? / 네. 수고하셨습니다. 나가셔도 좋아요. (더 이상 질문은 기억나지 않음)"
서울대학교,의예과,"제시문에 올바른 제목을 지어보세요. / 제시문을 공리주의와 자유주의 입장에서 설명해 보세요. / A국가와 B국가의 장/단점에 대해 설명해 보세요. / A국가와 B국가 중 하나만 선택한다면 어떤 것을 선택할 것인가요? / 학생의 답대로 한다면 ~~문제가 있을 것으로 예상되는데, 어떻게 생각하나요? / 그림을 설명해 보세요. / (해당 그림의 주제, 배경을 설명해 주셨습니다.) 위의 기록화들이 각색된 것이라면, 그 의도가 무엇일까요? / 기록화를 각색하는 것에 대한 학생의 가치관은 무엇인가요? / 100년 전 이 분께서 이런 기록을 남긴 이유는 무엇인가요? / 만약 학생이 100년 후 사람들에게 이런 녹음본을 남긴다면 어떤 개념을 남기고 싶나요? / 제3자의 입장에서 이 상황을 봤을 때 어떤 감정이 들었나요? / 그 어린이가 지적장애인이어도 같은 감정을 느꼈을까요? / 의사인 자신이 대규모 재난 상황에 파견된다면 어떤 감정이 들까요? / 위 그래프를 설명해 보세요. / 환자와의 친밀도가 높아졌을 때의 문제점에는 무엇이 있을까요? / 환자와의 친밀도를 유지하면서 그러한 문제점을 줄일 수 있는 방법에는 무엇이 있을까요? / 두 종류의 기술들의 공통점과 차이점을 설명해 보세요. / (아래는 아예 기억이 나지 않습니다.) / 안락사에 대해 탐구했던데, 안락사에 대해 어떻게 생각하시나요? / 그렇게 했을 때 ~~ 문제가 있을텐데 이것에 대해서는 어떻게 생각하시나요? / 3학년 진로 시간 때 (***)탐구를 했는데, 그 활동에 대해 설명해 보세요. / 3학년 화학2 시간 때 (***)탐구를 했는데, 그 활동에 대해 설명해 보세요."
서울대학교,의예과,"제3자의 입장으로써 제시문을 읽고 어떤 감정을 느꼈나요? / 자연재해로 인한 많은 인명피해 소식을 접한 경우와 지인의 좋지 않은 소식을 접했을 때 느끼는 감 / 본인의 사례를 들어 이 이론을 설명해 보세요. / 3단계일 때의 단점은 없을까요? / 모금활동을 하려고 하는데 어떻게 하면 성공적으로 할 수 있을지 이 단계를 이용해 설명해보세요. / 추운데 오느라 힘드시는 않으셨나요? / 오늘 컨디션은 괜찮은가요? / 네~ 그럼 시작하겠습니다. 1학년 국어시간에 원격의료 찬반토론에서 반대 입장을 선택했네요. 근데 / 1학년 진로와 직업 시간에 의사는 공공재임을 근거로 사적 이익보다는 공적 보람을 선택하겠다고 했 / 2학년 독서시간에 ‘공정하다는 착각’을 읽고 능력주의에 대해 비판하는 글을 썼는데, 능력에 따라 / 능력주의가 입시와 취업에 부정적인 영향을 미친다고 했는데, 구체적으로 설명해주세요. / 본인의 입장과 책의 저자 마이클 샌델의 입장이 차이가 있는 것 아닌가요? / 3학년 영어시간에 미국의 의료인력 증원이 효과가 없었다는 기사를 읽고 탐구했는데, 의료인력 증원 / 3학년 심리학 시간에 샤흐터-싱어 2요인 정서이론에 대해 탐구했는데, 이게 무엇인지 말해줄래요? / (추가질문이 구체적으로 기억이 안 나는데, 제 답변에서 잘 이해되지 않으셨던 부분을 질문하셨습니 / 제목을 붙여보세요. / 마약문제에 대해 접근할 때 어떤 것을 고려해야 한다고 생각하나요? / 더 고려할 점은 없나요? / 공리주의와 자유주의의 관점에서 (가)와 (나)를 설명해보세요. / 나라들마다 (가)를 선택하기도 하고, (나)를 선택하기도 할 텐데, 이렇게 차이가 나는 이유가 무엇일 / 처벌의 수위가 나라마다 다르면 인권문제나 평등문제 등이 발생할 텐데..(종 쳐서 끝남) / 두 그림은 나폴레옹에 관한 기록화입니다. 무슨 그림 같나요? / 첫 번째 그림은 나폴레옹의 대관식 그림이고, 두 번째 그림은 나폴레옹이 페스트가 발병한 지역을 / 그림을 그리도록 명령받은 화가의 입장에서 왕의 압박을 받는다면 진실만을 그리는 것이 쉽지 않을 / 조선어학회에서 왜 이런 기록을 남긴 것 같나요? / 본인이 후대를 위해서 이런 녹음본을 남긴다면 어떤 내용을 담겠나요? / (가) 기술과 (나) 기술 각각의 긍정적 측면과 부정적 측면을 말해주세요. / (더 빨리 하시길 원하셨는지 말 끊으심) 그럼 (가) 기술의 긍정적 측면은? / 부정적 측면은? / 신기술을 개발할 때 다양한 것들을 고려할 텐데, 어떤 것이 중요한가요? / 인간과 환경을 고려해서 기술을 개발하는 사례를 말해줄래요? / 네, 한 30초? (진짜 급하신 듯 해서 빨리 말했습니다) / 그런 기술들이 개발되면 인간은 할 게 없어지는 건 아닌가요? / 5가지 중에서 뭐가 가장 중요하다고 생각하나요? / 그럼 5가지 중에서 본인이 가장 자신있는 것은 무엇인가요?"
서울대학교,의예과,"면접 끝나면 하고 싶은 거 있나요? / 학생이 의과대학에 지원하고자 한 이유가 무엇인가요? / 진로에 ‘의료 기업 경영’이라는 표현이 나오는데 설명해줄 수 있나요? / 그럼 지금은 생각이 좀 달라졌나요? / 여기 이렇게 수면 관련하여 탐구활동 한 것은 혼자 한 것인가요? / 그러면 이 탐구는 협력해서 한 것 같은데, 혹시 그 과정에서 갈등이 있는 건 어떻게 해결했나요? / 이런 사례 알고있는게 있나요? / 요즘 줄임말 많이 생기는데 어떻게 생각하나요? / 이모티콘 사용에 대해서는 어떻게 생각해요? / 도표 해석해 보고, 어떻게 개선할지 말해볼래요? / 지원자라면 무엇을 고를것인가요? / 설문조사 결과, A와 B중에 뭘 고를지 물어보면 보통 A라고 하는데, C랑 D중에 물어보면 D라고 한 / 여기 이렇게 수면 관련하여 탐구활동 한 것은 혼자 한 것인가요? / 두 사람의 의사소통은 어떤 공통점이나 차이점이 있나요?"
서울대학교,의예과,"4가지 기술 각각의 장·단점을 말해보세요. / 4가지 기술의 공통된 목표는 무엇일까요? / 지원자는 4가지 기술을 융합해서 어떻게 활용하고 싶나요? / 5가지 중 어떤 능력이 가장 중요하다고 생각하나요? / 지원자가 가장 자신 있는 능력은 무엇인가요? / 창의성과 독창성을 기르기 위해 어떻게 해야 할지 구체적으로 말해주세요. / 그럼 자기 계발과 학습 능력을 기르려면 어떻게 해야할까요? / 제3자의 입장으로서 어떤 감정이 느껴지나요? / 아이가 지적장애를 가진 아이임을 알고 나면 감정에 변화가 있을까요? / 지원자는 그래프와 관련된 경험이 있나요? / 3단계에서 유대감이 깊게 형성된 상태인데, 그럼에도 문제점이 발생할 수 있을까요? / 갈등 말고 다른 문제점은 없을까요? / 지원자가 모금 활동을 진행한다면 어떻게 할 것인지 그래프와 관련지어 설명해보세요 / 일시적 말고 지속적인 모금활동이 진행되려면 어떻게 해야 할까요? / A에 들어갈 말을 말해보세요. (제목을 지으라는 질문) / 마약 관리에 필요한 다양한 관점에 대해 말해보세요. / 두 제시문 중 어느 쪽이 더 중요하다고 생각하나요? / 처벌과 처벌 이외의 방법 중 선택해 본 경험이 있나요? / 앞서 둘다 필요하다고 했지만, 그래도 처벌과 처벌 이외의 방법 중 꼭 하나를 고른다면, 어떤 것이 / 두 그림이 무엇을 그린 것 같은지 설명해보세요. / (가)는 나폴레옹의 대관식을 (나)는 페스트 환자들을 방문한 나폴레옹의 모습을 그린것 입니다. 이 그 / 이러한 조작에 대해서 어떻게 생각하나요? / 당신이 그림을 그리는 사람이고, 나폴레옹이 그림을 조작하도록 지시한다면 어떻게 할 것인가요? / 이러한 녹음파일을 남긴 이유는 무엇일까요? / 전교부회장, 학년장 등 리더의 역할을 많이 맡아왔는데, 리더로서 어려운 점은 없었나요? / 체육을 좋아하나 봐요? / 체육에서 어떤 활동이 가장 기억에 남나요? / 씨름 MVP는 어떻게 되는 거예요? / 어떤 점 덕분에 MVP가 되었다고 생각하나요? / 다양한 기술을 구사했다고 되어있는데, 어떤 기술을 가장 잘했나요? / 정보과학 시간에 머신러닝과 딥러닝 관련한 활동이 있는데, 머신러닝과 딥러닝의 차이점이 무엇인가 / 머신러닝 활동 중 오류로 인해 딥러닝의 필요성을 느꼈다고 되어있는데, 어떤 오류가 발생했나요? / 정보과학 시간에 ICT 기술에 대해 탐구한 내용과 느낀 점에 대해 말해보세요. / 장애학생 지원활동을 했다고 되어있는데, 어떤 장애를 가진 친구들을 만났나요? / 가까이 있다 보면 그들이 느끼는 어려움에 대해 더 잘 알게 되었겠네요? / 그런 어려움을 해결하려면 어떻게 해야 한다고 생각해요? / 어떤 활동을 하다 보면 혼자 하는 게 더 좋다는 생각이 들기도 하는데, 혼자 하는 게 더 좋은가요"
서울대학교,인문계열,"자리에 앉으시면 됩니다. 많이 떨리나요? / (아주 인자한 미소를 지으시며) (인상이 굉장히 좋은 교수님이였음) 네. 좋습니다. 학생의 생기부를 / 파친코의 경우, 영상 매체로도 제작이 되었는데 혹시 이를 시청해 봤을까요? / 그렇다면 영상 매체로서의 파친코와 도서 파친코를 접하면서 느낀 차이점이 있을까요? / 네, 잘 들었습니다. 다음 질문으로 넘어가죠. 2학년 진로 시간에 롤스의 시민불복종에 대해 탐구했는 / 롤스의 시민불복종 정당화 조건 중 가장 인상 깊었던 조건은 무엇일까요? / 그러니까 본인은 폭력적 시민 불복종 자체를 반대하는 거죠? / 방송부 활동을 2년간 했는데, 방송부 활동을 하게 된 이유와 가장 즐거웠던 활동 그리고 가장 어려 / 수고하셨습니다. 나가 보셔도 돼요."
서울대학교,인문계열,"(긴장하지는 않았냐는 등의 말로 분위기를 먼저 풀어주셨음) 너무 재미있게 읽어서 우리 면접관들한 / 그럼 좋아하는 철학자에 대해 말해주세요. / 요즘 동물의 권리에 대해서도 많은 얘기가 나오잖아요. 동물중심주의라든가 그런. 동물에 대해 많이 / 그럼 가축동물과 반려동물의 차이점은 무엇인가요? / 그럼 사람들이 싫어하고 기피하는 모기 같은 종에게도 권리를 주어야 하나요? / ‘고전 읽기’ 과목에서‘금오신화’를 읽고 서평을 썼는데, 그 서평이 어떤 내용이었으며 이후 했 / 3년 동안 교지편집부를 했는데 어떤 기사를 작성했나요? / 언론의 역할이 계속 축소되고 있는데 동아리 활동을 하면서 느꼈나요? 그리고 언론의 역할이 축소되"
서울대학교,인문계열,"앉으세요. 저희가 이제 서류를 기반으로 3개의 질문을 할 거니까 편하게 대답해주세요. / 2학년 때 ‘날씨와 얼굴’이라는 책을 읽고 장애인 이동권에 대해 탐구했다고 나오는데, 책의 내용과 / 네, 알겠습니다. 그렇다면 장애인들이 자유롭게 이동할 권리와 결식아동이 음식을 먹을 권리 중 무엇 / 알겠습니다. 3학년 정보에서 로봇 저널리즘에 대해 탐구했는데, 어떤 탐구를 했는지 설명해 주세요. / 네, 알겠습니다. 그런데 주제는 로봇 저널리즘이라 써 있는데 계속 인공지능 얘기를 하시네요. 인공 / 3학년 동아리 때 했던 활동을 설명해 주세요. / 그러면 동아리 때 아쉬웠던 점이 있나요? / 본인이 생각하기에 그런 점을 알아보지 못한 이유가 뭐라고 생각하나요? / 동아리 이름이 시애냉이라고 적혀있는데 무슨 의민지 설명 좀 해주세요. / (웃으며) 네 알겠습니다. 1, 2학년 동아리 때는 영상 관련 활동을 한 게 많네요. 가장 기억에 남는 활 / 구체적으로 의견을 어떻게 모았나요? / 네 시간이 다 되었습니다. 안녕히 가세요. 아 그리고 동아리 이름은 나중에 학교에 돌아가서 바꾸는"
서울대학교,자유전공학부,"먼저 문제의 답을 말해보세요. / (못 푼 문제의 풀이에서 말한 관계식, 그래프를 칠판에 적어보라고 하심.) / (칠판에 적은 내용을 바탕으로 문제 풀이 방향을 설명하도록 유도하심.)"
서울대학교,자유전공학부,자기소개해주세요. / 청년들의 계층 인식과 능력주의 인식이 소득불평등 인식에 미치는 영향을 탐구한 선행 연구를 조사 / 왜 사회에 능력주의에 대한 믿음이 퍼져 있다고 생각하시나요? / 이런 믿음을 완화시키려면 어떻게 해야할까요? / 포켓몬 빵의 소비자 잉여를 구하기 위해 설문조사를 진행했다고 하는데 활동 내용을 설명해주세요. / 10명은 너무 적은 거 아닌가요? / 경영에서의 도덕적 해이에 대해 조사했다고 하는데 그러면 이런 문제를 해결하려면 어떻게 해야 할 / 미세먼지로 인한 사회 경제적 손실에 대해 조사했다고 하는데 어떻게 조사했나요? / 미세먼지와 질병 간의 관계를 파악하기 위해서는 미세먼지의 여부를 알아야 될 것 같은데요. 미세먼
서울대학교,재료공학부,"재료공학부에 지원하게 된 이유가 무엇인가요? / 3학년 때 단진동 운동방정식을 알아봤다고 했는데, 탐구 동기나 과정 등을 간단하게 설명해 주세요. / 물리와 화학을 융합한 활동에서 나노물질로 만든 트랜지스터를 알아봤다고 하는데, 이 활동에 대해 / 이런 건 어떻게 알아본 거죠? / 동아리 활동에서 플라스몬 공명 효과를 이용한 태양전지에 대해 알아봤다고 했는데, 이에 대해 말해 / 아까 나노물질 트랜지스터가 질화붕소 나노튜브로 이루어졌다고 했는데, 이 물질에 대해 좀 더 설명 / 환경 문제에 대한 관심이 많은 것 같은데, 환경 문제도 다양하잖아요. 플라스틱 같은 쓰레기 문제나 / 마지막으로 하고 싶은 말 있어요?"
서울대학교,조경·지역시스템공학부,ooo번 맞으세요? / 칠판에 바로 문제풀이 하시면 됩니다. / 아아 잠깐만요 거기는 지우지 말아보세요 옆에다 쓰세요 옆에다가 / 네네 / 2-4번은 못 푼건가요? / 네 그럼 아까 저기 부분(지우지 말라고 한 부분)에서 지금 학생이 구한 게 거리야? 거리의 최댓값이 / 네 그럼 그 아래 문제도 다시 풀어보세요.. / 1분 남았네요. ㅎㅎ / 아까 위에 문제 풀었잖아요 그럼 아래는 어떻게 될까요..? / (두 분이 동시에) 그 위에 문제에서.. / 아 끝났네요. ㅎㅎ / 칠판 저희가 지울게요. ㅎㅎ
서울대학교,조선해양공학과,"답부터 먼저 말해주시면 되겠습니다. 1번 문제 어디까지 푸셨나요? / 답 말해주세요. / 1-2 답 말해주세요. / 네, 다음 문제 답변해주세요. / 2번은 어디까지 푸셨나요? / 1번 설명 듣고 2번 해결할 시간 드릴게요. / 여기 점화 관계에서 어떻게 이 숫자가 나왔나요? / 네, 이제 2번 답 말해주세요. / 어 아닌데... 식 보여주시겠어요? (나의 풀이지를 보며...) 식은 맞는데 다시 계산해주세요. / 2-2번도 계산해보시겠어요? / 어... 아닌데? / 어 맞아요. 지금 시간이 6분 정도 남았는데 2-3이랑 2-4 남았네요. 해결할 수 있으면 지금 해결해 보 / 맞아요. 이제 나머지 범위에서 구해보세요. / 그래프를 그려보시면 되지 않겠어요? x축이랑 y축에 뭐로 잡아야 하나요? / 정비시간으로 잡으면 되지 않겠어요? / y축은 거리가 되겠죠. 한번 해보세요. / (똑똑) 이제 1분 남았어요. -> (문이 강제로 개방되며 종료) / 수고하셨어요."
서울대학교,지리교육과,지원 동기가 어떻게 돼요 ? / 우리나라의 유교 교육을 되살려야 하는 이유는 ? / 영어 교육의 문제점은 뭐고 이를 해결할 수 있는 방안이 왜 문학 작품이라고 생각하나요 ? / 동아리 활동 때 부원들과 갈등했던 경험은 ?
서울대학교,첨단융합학부,"안녕하세요, 오늘 날도 추운데 서울대학교까지 오시느라 고생 많으셨습니다. (형식적인 말투이긴 하 / 문제 해설에 앞서 첨단융합학부는 공통질문이 있습니다. 현재 풀어야 할, 혹은 유의미한 과학적 난제 / 과학적 난제를 제시하시고 그것을 해결할 때 어떤 영향이 있는지, 혹은 왜 관심을 가져야하는지 답 / 근데, 암흑에너지는 첨단융합학부에서 다루는 것들과는 조금 동떨어진 주제 아닌가요? 엮어서 설명 / 알겠습니다. 그럼 이제 푸신 수학 문제 풀이 해주세요. / 네, 2번 문제도 설명해주세요. / 네 알겠습니다. 1-1의 평균은 항상 같다는 것인가요? / 지금 시간이 있으니까 1-3 다시 풀어볼까요? / 아, 저희는 모두 동일한 조건으로 하기 때문에 연필은 못 씁니다 / 다음 문제도 있으니까 일단 넘어가도록 합시다. 2-2에 답을 2개 제시하셨는데, 하나는 안되거든요. / 2-3에서 나온 관계식에 따라 2-4를 해석을 할 수 있을 것 같습니다. ~~ (시간 제한 때문에 중간에"
서울대학교,첨단융합학부,"네 안녕하세요. 저희 공통 질문 먼저 진행할게요. 학교생활 중 탐구 과정에서 사회적인, 혹은 과학적 / 네 그렇군요. 그럼 앞서 이러한 기술이 계속 발전해간다면 10년 뒤에는 어떻게 발전될 것인지, 결과 / (옆에서 종이에 기록하던 면접관이 질문을 시작함.) 네 그럼 문제 풀어온 거 이야기 나눠볼까요? 우 / 네 그럼 1번부터 설명해 볼까요? (답 먼저 말하고, 그 답이 어떤 풀이를 통해 도출되었는지 모두 물 / 음~ 근데 이거는 주어진 사례일 뿐이죠? 다른 방안은 없을까요? / 2번 문항에서 a2023에서 a2024로 가는 부분 다시 설명해 줄래요? / 음... 그 부분을 내가 계속 이해를 못하겠네. 미안해요 근데 학생이 어떤 방식으로 접근하고, 답을 내 / (2-3) 친구가 시간이 부족해서 검토를 못한 거 같아서 말씀 하나 드릴게요. 학생이 세운 일반화 식을 / 네, 84를 기준으로요? 알겠습니다. (눈 마주치며 채점지에 말씀드린 답을 기록하시며 끝났습니다.)"
서울대학교,항공우주공학과,"네 앉으셔도 됩니다. 우선 뭐...답부터 얘기해 보실래요? / 네, 그러면 혹시 2-2번 풀이 한 번 설명해 보세요.(2-2 답이 틀린 상태였음) / 혹시 여기에서 2-1번에서 구한 식을 쓸 수 있는 조건을 생각해 보실래요? / 항상 그러면 보다 작으니 이 경우는 고려 안해도 되겠죠? 그러면 빨리 다음 거로 넘어가 볼까요. 2-3번 푼 데까지 설명해 주세요 / 네...뭔가 좀 잘못된 것 같은데...(두 분이서 상의를 하시고)그러면 우선 맞은 거부터 해 볼까요? / 네 그러면 2-3으로 다시 돌아가 볼게요. 무슨 식을 썼는지 이야기 해줄래요? / 변수를 다른 거로 생각해 보실래요? 뭘 고정하고 뭘 변화시켜 볼지. / 그러니까 우리가 위에서 구한 식 말고 방정식 하나를 더 찾아야 하는데...흠..."
서울대학교,화학부,"지원 동기부터 가볍게 물어볼게요. / 아데노신과 카페인 동아리 활동에 대해 설명해 주세요. / 카페인이 수면을 방해하는 것 말고도 해를 가하는 것으로는 뭐가 더 있나요? / 폴리아크릴로나이트릴 금속 추출에 대해 자세히 설명해 주세요. / 동아리에서 연명치료로 찬반 토론을 반대측으로 진행했는데, 반대측 주장 내용 설명해주세요. / 죽음을 부정적으로 여기지 않는 사회도 있나요? / 수고하셨습니다."
서울대학교,화학생물공학부,"지원번호 00번 맞나요? / 지원 동기 3가지 빠르게 말해주세요. 첫 번째, / 오케이, 두번째 / 그리고 세번째 / 환경 관련해서는 여러 가지 분야로 공부할 수 있는데 왜 화생공을 지원했나요? / 생물적 환경정화에는 왜 관심이 생겼나요? / 연구실 담당 교수님 성함은 아시나요? / 생기부를 보면 천문에도 관심이 있었는데 왜 바뀌었나요? / 살아오면서 가장 중요한 가치가 뭐라고 생각하시나요? / 40살 쯤에는 뭐 하고 있을 것 같나요? / 공부를 제외하고 살아오면서 가장 어려웠던 일은 무엇인가요? / 어떻게 극복했나요? / 생기부 보니까 리더쉽 경험은 좀 적은 것 같은데 맞나요? / 가장 좋아하는 과목은? / 서울대학교에 입학해서 공부말고 하고 싶은 일은 무엇인가요? / 사진은 잘 찍으시나요?"
서울시립대학교,건축학부,"학교 처음 와봤나요? / 우리 학교 어때요? / (웃으시면서) 짧은 시간에 많은 걸 보셨군요. 네, 이제부터 면접 시작해볼게요. / 3학년 때 탄소 중립 관련 모형 만들기 활동을 할 때 혼자 한 것은 아닐텐데 본인은 어떤 역할이었나 / 그럼 탄소 중립은 무엇인가요? / 플라스틱은 열에 약한데 위험하지 않을까요? / 음, 그렇군요.(오묘한 표정) 그럼 그 탄소섬유강화플라스틱은 어디에 어떤 건물에 사용되죠? / 2학년 물리시간에 탐구한 공진현상은 무엇이죠? / (끄덕이시면서) 그럼 그 공진현상을 줄이기 위해 어떤 방법을 사용하죠? / 그럼 고층건물에는 다 그런 장치를 사용하나요? 국내 사례가 있나요? / 3학년 심화영어시간에 나노 버블을 이용한 콘크리트를 만드는 새로운 방법을 탐구했다고 했는데 구 / 그럼 심화 영어시간에 새로운 콘크리트 양생기술을 탐구하셨는데 그건 무엇이죠? / 그럼 그 가압양생챔버 장치는 실제 현장에서 활용할 수 있나요? 한계점은 없나요? / 계속 콘크리트 얘기를 해서 좀 그렇긴 한데 고급물리학 시간에 탐구한 프리스트레스트 콘크리트가 / 그럼 어떤 원리로 인장응력을 상쇄하는지 아나요? (잘 기억이 안남) / 아까 심화영어 관련 내용인데 건축물에 인공지능기술 도입 부분이 있는데 구체적으로 설명이 가능하 / 아, 그러면 이 인공지능이 건물의 유지 관리 쪽에 적용된다는 것이네요. / 그러면 인공지능수학 시간에 본인이 탐구한 나만의 스마트 콘크리트 만들기 활동에서 생각해낸 인공 / 성적이 1학년 때 정말 좋아요, 근데 2,3학년때 떨어진 이유가 있나 궁금하네요 / 어린 나이에 힘든 일을 겪었군요.. 마지막으로 하고 싶은 말 해주세요. / 네, 이제 나가보셔도 됩니다."
서울시립대학교,경영학부,"우리 학교에 지원하게 된 동기가 뭔가요? / 주식을 하셨다고 하는데, 아직 하고 있나요? / 그럼 수익률은 어느 정도였나요? / 이제 학생부 관련해서 질문 드릴게요. 중소기업과 대기업의 양극화에 대해 보고서를 작성했다고 하셨 / 2학년 때 비슷한 활동을 또 했는데 ‘중소기업이 적자를 보는 상황에서 최저임금 인상은 필요한 / 동아리때 그린워싱에 대해 토론했다고 했는데 이 토론에서 찬성과 반대 입장은 무엇이었으며 어떤 / 가장 인상 깊게 읽었던 책은 무엇인가요? / 시간이 없으니까 마지막으로 하고 싶은 말 10초 정도만 해보세요."
서울시립대학교,경제학부,"아침 일찍 오느라 고생 많았어요. 3학년 때 임금피크제에 대한 탐구를 했던데, 임금피크제란 무엇 / 생산자가 노동자인거죠? / 임금피크제에 대한 탐구를 하면서 재미있었다거나 뭐 신기했던 점 있다면 말해주세요. / 왜 그럴까요? / (안경을 벗음) 아까 설명할 때에는 기업에게 이익이 된다고 하지 않았나요? / 그럼 왜 현실에서는 기업이 임금피크제를 시행하지 않을까요? / 그럼 기업들이 현실에서도 임금피크제를 사용하게 하려면 어떻게 해야할까요? 편하게 말해보세요. / 어렵게 생각하지 말고 자유롭게 생각해보세요. 정답은 없으니까요. / 공유경제 서비스에 대한 설문조사를 했다고 되어있는데 대상이 누구였나요? / (웃으며) 잘 참여해주던가요? / 탄력성을 분석했다고 되어있는데 과정을 설명해 주세요. / 다른 사례없이 카카오바이크만 해보았나요? 다른 공유 자전거, 뭐 다른 모빌리티 킥보드 라든지 / 자료는 어디서 활용하였나요? / 재화가 늘어나면 탄력성이 어떻게 될지 한 번 말해줄래요? 모르겠으면 안 해도 되는데 여기서 한 / 가장 좋아하는 경제학자가 있나요? 없다면 최근에 읽은 책이라도 말해주세요. / 양적완화가 무엇인가요? / 기본소득제도와 음의 소득제도에 대해 탐구했던데 한 번 설명해주세요. / 두 제도 중 어떤 제도를 지지하는지 한 번 편하게 말해볼래요? / (웃으며) 시간이 다 되었어요. 경제학적 지식이 뛰어난 것 같네요. 잘들었습니다. / (웃으며) 잘들었습니다. 벤 버냉키는 훌륭한 경제학자니까 앞으로도 계속 존경하도록 하세요."
서울시립대학교,도시공학과,일단 먼저 자기소개 및 지원 동기를 말해주세요. / 어우 열심히 준비했네요.(이때부터 분위기가 아주 좋았음) 3년 동안 자신이 한 활동 중에 꼭 말하고 / 3학년 교과 세특 중에 수도권 쏠림 현상의 해결책에 대해 탐구했다고 되어있어서 재밌던데 한번 말 / 1학년 교과 세특에 탄소중립도시에 대해 탐구했다고 되어있는데 탄소중립도시는 어떻게 만들 수 있 / 그럼 학생이 생각하는 친환경적인 도시들 중 하나를 말해주세요. / 그럼 도시계획가에게 가장 필요한 역량과 기술은 무엇이 있을까요? / 도시공학과를 입학한 후 나중에는 무엇을 하고싶나요? / 3학년 때 젠트리피케이션에 대해 도시 이름을 말할 수 없지만 한 도시를 탐구했다고 되어있는데 이 / 3D로 시각화하여 소개했다는데 어떻게 했나요? / 그럼 GIS를 직접 사용하지는 않은 건가요? / 1학년 때에는 진로활동에서 자동차 연구원을 희망했다가 나중에는 건축공학과를 희망하고 마지막에 / 3학년 교과 세특에 Web GIS 기반의 3차원 도시경관 시뮬레이션 시스템을 탐구했다던데 이것에 대해 / 그럼 이제 마지막으로 하고 싶은 말 30초 동안 얘기해 보세요.
서울시립대학교,도시사회학과,"얼마나 기다렸어요? / 많이 추웠죠? / 수험생 유의 사항 읽어보세요. / 우선 간단하게 본인이 지원한 동기 말해주세요. / 사회문화 세특활동에서 교사의 일탈행동을 아노미 이론과 차별 교제 이론으로 탐구했다고 했는데 / 네. 생각하세요. / 정확히 어떤 일탈인가요? / 그러면 일탈은 무엇이라고 생각하나요? / 그러면 범죄집단이 누군가를 죽이라 했는데 그것을 하지 않는다면 그것도 일탈인가요? / 알겠습니다. 공산당 선언을 읽고 자본주의 사회 속에서 발생하는 문제점을 알게 되었다고 하였는데 / 네. 내용을 구체적으로 말하지는 말고 느낀 점 정도만 이야기해 주세요. / 네. 그리고 생활과 윤리 세부능력과 특기사항에 공자, 맹자, 순자의 교육관을 현대 교육관에 적용하 / 그러면 현대 사회가 주체적 학습사회라는 것이 아니라 앞으로 그렇게 나아가야 한다는 뜻인가요? / 이렇게 교육과 교사에 관한 내용이 있는데 왜 사범대나 교대가 아닌 뜬금없이 도시사회학과에 / 본인이 생각하는 사회의 불평등 문제에는 무엇이 있나요? / 본인이 온라인 공동교육과정을 수강한 경험이 있나요? / 공동교육과정을 수강하는 과정에서의 장점이 어떤 점이 있었나요? / 그러면 온라인 공동교육과정으로 대면 수업을 모두 대체할 수 있지 않나요? / 이제 1분 정도 남았는데 마지막으로 하고 싶은 말 있으면 해주세요."
서울시립대학교,도시행정학과,긴장도 푸실 겸 책상 위에 있는 면접 시 유의사항 목소리 내서 읽어보고 시작할게요. / 지원동기를 1분 이내로 해주세요. / 2학년 동아리 시간에 인공지능 시대의 민주시민 리터러시라는 주제에 대해 탐구했다고 쓰여 있는데 / 인공지능 리터러시를 무엇이라고 생각하나요? / 그렇다면 그 인공지능 리터러시가 민주시민이랑 무슨 연관이 있나요? / 그러면 인공지능은 어떤 단계를 거쳐서 발전하고 있나요? / (바로 대답을 못하니까 거의 바로 본인이 인공지능 발전 단계를 간단하게 설명해주심. 현재 생산형 / 그렇다면 이러한 인공지능에 왜 민주시민 리터러시가 필요한가? / 현재도 충분히 민주 사회가 잘 유지되고 있는데 굳이 민주시민 리터러시가 필요할까? / 2학년 때 국가기관 간의 협력 강화 방안에 대한 탐구에서 중앙정부와 지방자치단체 간의 관계에 대 / 공공기관 지방 이전의 평가와 과제라는 주제로 탐구 할동을 했다고 했는데 공공기관을 지방으로 이 / 도시행정이 무엇이라고 생각하나요? / 혹시 직접 실제로 한 지방자치 활동이 있을까요? / 벽화 그리기 활동에서 어떤 역할을 하였나요? / 3학년 때 비영리조직의 행정적 과제와 경영적 전략이라는 주제 대해 탐구 활동을 했는데 특별히 관 / 비영리조직이 운영되려면 재정적인 기반이 많이 필요한데 이는 어디서 충당할 수 있고 유지하기가 / 시민들의 후원금으로는 비영리조직을 운영하기에 많이 부족할 것 같은데... / 그 절차가 매우 까다롭고 어려울 것 같은데... / 이제 면접을 끝낼 건데 어려운 질문들 잘 답변하신 것 같아요. 면접 준비하시느라 수고 많으셨습니
서울시립대학교,사회복지학과,"안녕하세요, 많이 기다렸을 텐데 바로 진행할까요? / 서류를 보니까 국어, 윤리과목 공부를 많이 했어요. 윤리 쪽에 관심이 많은 것 같은데, 제가 본인 생 / 그러니까 공존할 수 있는 방안이 무엇이죠? / 그것 봐요, 공존 안 되잖아요(웃음). 그렇다면 최근의 예시를 하나 들어보겠습니다. 다들 코로나 백신 / 확실히 실생활에서 두 견해가 공존하기는 힘든 것 같죠? / 네, 그런 것을 느꼈군요. 그렇다면 다음 질문으로 넘어가겠습니다. 청소년의 행복에 대한 문제에 관 / 그렇다면 현실에서 그런 문제를 해결할 수 있는 방안은 무엇이 있을까요? / 시간이 얼마 남지 않았는데 마지막으로 하고 싶은 말 있으면 해주세요."
서울시립대학교,세무학과,(바로 질문 시작) 세무를 왜 배우고 싶은지? 다른 과가 아닌 세무인 이유 / 그렇다면 생각나는 경영 컨설팅의 사례? / 긴장 풀라고 가볍게 물어본 거니까 괜찮아요. 그럼 ESG 경영.. 요즘 중요한데 의미가 무엇인지? / 기업은 원래 이윤 추구가 목적인데 ESG 경영을 해야하는 이유는? / 소득 양극화의 원인과 세금이 어떠한 역할을 할 수 있나? / 부자층이 그런 세금에 대해 불만을 가지지 않을까? / 디지털세에 대한 활동도 했는데 디지털세가 무엇인지 설명해 주세요. / 그런 외국 기업들이 우리나라에 들어오면 오히려 발전같은 측면에서 좋게 볼 수도 있는 것 아닌가? / 분식회계가 무엇이고 왜 문제가 되나요? / 책을 읽고 재무제표를 조사했다고 했는데 설명해 주세요. / 주가 변동의 근거를 어떻게 찾았나요? / 담뱃세의 가격 탄력성 관련한 논문을 읽었는데 내용 설명해 주세요. / 그럼 수요의 가격 탄력성이 무엇인지 알고 있나요? / 조세의 전가 여부도 알아봤다고 했는데 조세의 전가가 무엇인지 설명해 주세요. / 시간이 다 되어서 여기서 마칠게요. 수고했습니다.
서울시립대학교,컴퓨터과학부,"블라인드 주의사항 소리 내서 읽어보세요. / 자기소개 해 주세요. / 행렬 탐구에서 크래머 공식 탐구를 했다고 하는데 크래머 공식이 뭔가요? / 행렬 크기(행, 열) 다를 때 역행렬이 존재할 수 있을까요? / 선형 변환의 선형이 뭐죠? / 일차적이요? 일차함수? / 고등학교에서 한 전공과 관련된 주요 활동 경험들을 설명해주세요. / 머신러닝에서 미분을 이용하는 이유는 무엇인가요? / 미분하면 최솟값이 그냥 구해지나요? / 생기부에 http와 https의 차이점에 대해 탐구 했다고 하는데 설명해주세요. / 생기부에 페이지랭크 알고리즘을 제작했다고 하는데 어떻게 한 거예요? / 행렬 탐구에서 넘파이를 이용해서 이미지 처리 기법을 구현했다고 하는데 왜 넘파이를 이용했어요? / NP 문제에 대해서 탐구했다고 하는데 NP 문제가 뭐에요? / 논술 시간에 대화형 인공지능에 대한 한국어 문법 능력 탐구 활동을 했다고 하는데 어떤 과정으로 / 시간이 얼마 없는데 마지막으로 할말 있나요?"
서울시립대학교,통계학과,"안녕하세요, 면접 보러 오느라 힘든 건 없었나요? / 우리 학교에 지원한 동기를 말씀해주세요. / 기후와 관련된 조사활동을 많이 하셨는데 혹시 여기서 통계학과 관련된 부분이 있을까요? / 결과는 어떠했나요? / 프렉탈을 초등학생들에게 설명했다는데, 어떻게 설명했나요? / 푸어링 아트 말고도 다른 프랙탈도 설명해준 것이 있나요? / 프랙탈이 현실에서 응용되는 곳이 있을까요? / 프랙탈을 차원과 관련해서 설명해주실 수 있나요? / 그렇군요, 그러면 프랙탈에 대해서 추가적으로 탐구한 것이 있나요? / 이항분포기를 이용해서 통계적 확률과 수학적 확률을 비교해보는 활동을 하셨는데 이에 대해 서렴ㅇ / 이항분포기가 어떤 기계인가요? / 아~ 그러면 결과는 어땠나요? / (옆 면접관님께) 총알은 잘 분류가 됐는데, 쌀알은 잘 분류되지 않은 게 어떻게 된거지? / 쌀알이 너무 가벼워서 중력의 영향을 덜 받고, 또 갈림길의 정 중앙에도 잘 떨어지지 않았겠군요. 되 / 그러면 이항분포기에 굴릴 구슬의 크기가 너무 작아도 안 되는 거네요. / 이항분포기를 프로그램으로 구현한건가요? / 예? 어떻게요? / 폼보드요? / 아 근데 이항분포는 이항분포기에 굴리지 않더라도 동전을 굴리면 되지 않나요? / 그렇겠네요. 사람마다 동전 던지는 방식도 다를거고.. 언재 다 던지겠어요, 하하 / 그렇게 큰 규모의 이항분포기를 왜 굳이 만드신거죠? / 아이고 이항분포기 얘기하다가 벌써 끝날 때가 됐군요.. 마지막으로 하실 말씀 있나요? / 넵 면접 보시느라 수고 많으셨습니다. 안녕히 가세요."
서울시립대학교,화학공학과,"책상에 붙어있는 안내사항을 읽어주세요. / 자율활동에서 자동차와 수소 자동차의 원리에 대해서 탐구해봤다고 했는데, 자동차는 어떤 방식으로 / 네 천천히 하세요. / 자동차 배기가스 저감장치에 대해서 탐구했었는데 원리 설명 좀 해주세요. / 이산화탄소가 배출된다고 했는데 이산화탄소도 환경에 안좋은 것 아닌가요? / 저는 생기부에 쓰여진 내용을 이용해서 설명하는 답을 바랐는데 말하지를 않았네요 / 2학년 때 미세조류를 이용한 바이오매스에 대해서 탐구해 봤었는데 미세조류를 이용하면 좋은 점은? / 좀 더 자세히 얘기해주시면 좋을 것 같네요. / 네 / 미세조류를 이용하는 것의 단점은? / 유기나노점토란? / 나노기술에 대해서 관심이 많았던 것 같아요. 나노기술을 이용해서 고효율 배터리의 효율을 높일 수 / 그렇다면 나노기술을 이용해서 효율을 높일 수 있는 예시는? / 네. 이제 시간이 얼마 안 남았는데, 본인이 답변하면서 아쉬웠던 점을 보완할 시간을 30초 정도 드리 / 넵 수고하셨습니다."
서울시립대학교,환경원예학과,지원 동기 말씀해주세요 / 딸기의 품종은 뭐가 있나요. / 다른 것 없나요 / 2학년 때 광환경과 생육도일온도에 따른 딸기의 산출량을 탐구 하셨는데 설명 부탁드립니다. / 왜 당분이 떨어지죠? / 화씨 70도는 섭씨로 몇 도인가요 / 기후변화로 인한 생산지 변화가 있는데 가장 영향을 받는 작물은 뭐라고 생각하세요. / 배추가 몇 도에 잘 버티면 좋을까요. / 수박의 맛과 질을 높이려면 육종 말고 무슨 방법이 있을까요. / 그게 육종아닌가? ㅎㅎ / 미니수박 먹어봤어요? 뭐가 다른가요 / 시간이 다 되서 나가셔도 됩니다.
서울여자대학교,심리·인지과학학부,우리 학부에 지원한 동기가 무엇인가요? / 자신이 특별히 관심 있는 심리 분야가 무엇인가요? / 3학년 동아리 시간에 진행했던 심리실험에 대해 설명해 주세요. / 그건 사회 심리 분야에 해당하는 실험인데 왜 본인이 관심있는 상담 심리 분야를 심화해서 탐구하는 / 8분 타이머가 초과되서 면접을 마치도록 하겠습니다.
서울여자대학교,언론영상학부,"서울여자대학교에 지원해주셔서 감사합니다. 간단하게 지원동기를 말씀해 주세요. / 청소년들을 위해 책을 소개하는 콘텐츠를 제작하고 싶다고 하셨는데, 어떤 형식으로 제작하고 싶나요? / 그럼 미래에 어떤 회사에 입사해 이 콘텐츠를 만들고 싶나요? / 음 그렇군요. 그럼 다음 질문으로 넘어가겠습니다. 생기부를 보면 글쓰기 이외에도 예술 분야에 관심 / 그럼 학생은 미술이 미디어에서 필요한 부분이기 때문에 좋아하는 건가요, 아니면 미술 그 자체를 / 그림을 전문적으로 배워본 경험이 있나요? / 어떤 방식으로 그림을 그리나요? 앱을 사용하나요? / 책 쓰기 동아리 활동에서 50개 이상의 일러스트를 제작했다고 하는데, 어떤 그림들인가요? / 네. 그럼 다음 질문으로 넘어가 보겠습니다. 책을 좋아한다고 해서 식상한 질문일 수도 있겠지만, 가 / 최근에 읽은 책은 무엇인가요? / 읽고 있다는 건 아직 다 읽지 못 한 건가요? 어디까지 읽었나요? / 아, 만약 다 읽었다면 질문하려고 했는데 아쉽네요. / 아쉽지만 시간이 다 된 것 같네요. 마지막으로 하고 싶은 말이나 포부가 있으신가요?"
성균관대학교,교육학과,AI 시대에 문해력을 기르는 게 왜 중요한가요? / 수업권과 학습권이 조화를 이루는 방법은 무엇이 있을까요? / 학생 인권 조례 이외에도 교사나 학부모가 할 수 있는 해결방안이 있을까요? / 지원 동기 말해보실 수 있나요?
성균관대학교,의예과,안녕하세요. 성균관대 의과대학을 지원해 주셔서 감사합니다. / 제시문은 잘 읽으셨나요? / 그 친구의 행동에 대해서 어떻게 생각하시나요? / 그럼 자극적인 내용을 포함한 건 어떻게 생각하시나요? / 그러면 앞으로 다시 돌아가서 학교 내부의 문제를 외부로 확장시킨 건 어떻게 생각하시나요? / 학생은 그 친구가 한 것을 발견하고 어떻게 대처하실건가요? / 진실을 밝히는 것이 더 중요하지 않나요? / 학생이었다면 어떻게 행동하실 건가요? / 앞선 답변에서 보완하고 싶은 부분 보완하세요.
성균관대학교,의예과,"위 제시문에서 B의 행동에 대해 어떻게 생각하나요? / 그럼, 본인은 확인되지 않은 내부의 정보를 외부로 유출하면 안 된다고 생각하나요? 그게 좋은 의도 / 본인이 A라면 어떻게 행동했을 건가요? / 제시문에서 A와 B는 매우 절친한 친구 사이라고 했는데, 그렇게 행동하면 B와의 관계가 안 좋아지지 / 본인은 개인이 SNS에 올리는 게시물에 대해 사회적 책임을 져야 한다고 생각하나요? / 그렇다면 SNS에 올리는 게시물에 대해 규제를 하는 상황에 대해서는 어떻게 생각하나요? / 하지만 SNS는 자신의 생각을 자유롭게 표현하는 공간이지 않나요? / 본인은 그러한 잘못된 정보나 가짜뉴스에 대한 진위판별을 어떻게 해야 한다고 생각하나요? / (종료 1분전 노크) 시간이 얼마 남지 않았는데, 혹시 아까 말했던 내용에서 보충할 내용이나, 아니면"
성균관대학교,의예과,"많이 기다렸죠? / 제시문 읽어보았죠? 그러면 이 상황에서 지수의 행동에 대해 어떻게 생각하나요? / 학생이 지수 친구 수정이라면 어떻게 행동할 것 같나요? / 지원자라면 어떻게 해결해 나갔을 것 같나요? / 친구들 중 내부고발자가 있었던 경험이 있나요? / 시간이 다 되었습니다. 수고했고, 질문을 다 답변하지 못해도 불이익은 없습니다."
성균관대학교,의예과,"학생이라면 어떻게 했을 것 같나요? / ‘더 나은 대안’으로는 무엇이 있을 수 있을까요? / SNS에 올리는 게시물은 자유 아닌가요? 올리는 사람의 책임이 있다고 봐야 할까요? / 네, 시간이 다 되었으니 나가봐도 좋습니다. 수고하셨습니다."
성균관대학교,의예과,"먼저 저희 성균관대학교에 지원해주셔서 감사합니다. / 민서의 행동에 대해 어떻게 생각하나요? / 지원자가 수영이라면 어떻게 행동할 것인가요? / 그렇게 하면 민서가 한 개인으로서 너무 힘들지 않을까요? / SNS로 인한 사회적 파장에 책임을 지게 해야 한다고 생각하나요? / SNS는 개인의 공간인데 사회적 책임까지 지게 하는 건 너무 과하지 않나요? / SNS로 인한 결과가 예측 불가능한 경우가 많은데, 그래도 사회적 책임을 지게 하는 게 맞을까요?"
성신여자대학교,경영학과,"우선, 성신여대에 지원해 주셔서 감사합니다. 각인 효과를 극대화하는 광고에 관한 탐구를 진행했다고 하 / 여러 가지 동아리 활동을 하셨는데 가장 인상 깊은 활동을 말해주세요. / 가장 열심히 이수하였던 수업은 무엇이었나요? / 사회과제연구에서 중소기업의 ESG 경영 전략에 대한 탐구보고서를 작성하였는데, 어떤 내용이었나요? / ‘가짜노동’이라는 책을 읽었습니다. 이 책의 내용과 본인에게 어떤 영향을 주었는지 이야기 해주세요. / 여러 책을 읽었는데 가장 인상 깊었던 책은 무엇인가요? / 성과급 제도를 주제로 토론 후 그에 따른 문제를 해결하는 방안을 토의하였습니다. 어떤 방안이 있나요? / 1, 2학년 때는 마케팅 내용이 많은데 이제는 인사 관련으로 흥미가 있으신 건가요? / 성신여대에 합격한다면 어떤 수업을 들어보고 싶으신가요? / 마지막으로 하고 싶은 말을 해주세요."
성신여자대학교,미디어커뮤니케이션학과,"긴장했나요? / 학과를 나오고 무슨 일을 하고 싶은가요? / 어떻게 보면 여러 사람들을 초청하면 토크쇼의 방향성이 애매해질 것 같은데. 이러한 문제는 구체적으로 / 그렇다면 유퀴즈와 같은 결인가요? 본인이 생각하는 토크쇼는 유퀴즈와 어떤 차이점이 있나요? / 그럼 PD를 하고 싶은 건가요? / 작가의 역할이 AI로 감소되고 있는데, AI를 어떻게 이용할 것인가요? / 출결에 병결이 상대적으로 많은데 컨디션 조절을 잘못한 건가요? / 전교부회장 활동을 하면서 겪은 갈등이 있다면 말해주세요. / 노인 대상 미디어 리터러시에 관한 탐구를 많이 했는데, 본인은 미디어 리터러시를 어떤 방식으로 / 시간을 딱 맞춰서 끝내줬네요. 네, 이만 나가주셔도 괜찮습니다."
성신여자대학교,융합보안학과,동아리에서 가장 기억에 남는 활동 말해주세요. / 그 활동에서 학생의 역할이 무엇인가요? / 사전 실험을 진행하며 어려움은 없었나요? / 월패드 해킹 사건에 대해 탐구했다고 나와 있는데 이에 대해 설명해주세요 / 반사공격이 무엇인가요? / DoS 공격과 DDoS 공격이 무엇인가요? / 인간에게 가장 필요한 AI가 무엇이라고 생각하나요? / Chat GPT가 가장 필요한 이유는 무엇인가요? / Chat GPT의 문제점은 무엇이 있을까요? / 마지막으로 하고 싶은 말 해주세요.
성신여자대학교,프랑스어문·문화학과,"긴장하지 말고 보세요. 가번호 OO번 맞나요? / 제2외국어로 중국어를 들었는데 프랑스어I 과목도 들었네요. 어떻게 듣게 된 건가요? / 왜 처음 프랑스에 관심을 가지게 되었죠? / 실존주의란 무엇인가요? / 네, 알겠습니다.‘구토’를 읽고 사르트르의 구토의 의미를 통한 진로 오디오북을 제작했는데 이 활동 / 어떤 꿈을 꾸게 되었나요? / 이민정책연구원이 어떻게 긍정적인 영향을 줄 수 있나요? / 프랑스 혁명에 대한 활동을 많이 했는데, 프랑스 혁명의 세계사적 의의가 뭔가요? / 시간이 다 되었네요. 마지막으로 하고 싶은 말 있다면 해주세요."
성신여자대학교,화학·에너지융합학부,화학이랑 에너지 전공 뭐 선택하고 싶으세요. / 산불이랑 기상이변이 무슨 상관인거죠? 그건 서로 연관이 없는 얘기인 것 같은데. / 흠..그러면 불이 붙는 조건 얘기해 보세요. / 비스페놀a 실험에 대해서 자세히 설명해보세요. / 비스페놀a추출 과정 더 자세히 얘기해주실 수 있어요? / 생기부 부면 리더로서 여러 활동을 했는데 스스로한테 리더의 자질이 있다고 생각하세요? / 화학신소재라는 과도 있는데 왜 이 과여야만 했죠? / 전기자동차 문제점 짧게 말해보세요.
세종대학교,AI로봇학과,안녕하세요. 세종대학교 AI로봇학과에 지원해주셔서 감사합니다. 우리 학과에 지원하게 된 지원동기 말 / 혹시 이 학과에 진학하게 된다면 이루고 싶은 최종 목표가 있나요? / 우리 학과 홈페이지에 들어가 봤나요? 만약 들어가 보았다면 들어보고 싶은 과목이 있나요? / 우리 학과와 관련된 공부를 위해서 무엇을 했나요? / 버블소트 알고리즘을 어떤 언어로 작성했나요? 잘 작동 되었나요? / 같은 활동에서 한 손 글씨 인식 프로그램에 대해 기억나는 것이 있나요? / 인공지능과 관련해서 알고리즘을 만들어 본 적이 있나요? / 3학년 활동중에 이미지 인식 프로그램에 대해서 설명해주세요. / YOLO 알고리즘에 버전이 있다는 것을 알고 있나요? / 코딩을 하면서 힘들었던 적이 있나요?
세종대학교,생명시스템학부,"우리 학부에 지원한 동기가 무엇인가요? / 1학년보다 2학년의 성적이 낮아졌다 다시 3학년 1학기에 올라갔는데, 성적 하향 이유가 무엇인가요? / 다른 학생들도 다 마찬가지 아닌가요? / 학교 생활에서 생명과학을 위해 노력한 것이 있나요? / 생기부를 보면 약사를 희망했던 것 같은데, 왜 우리 학부에 지원했나요? / 교과 중에 수학 성적이 특히 낮은데, 이유가 무엇인가요? / 시간이 충분하면 다 풀 수 있나요? / 바이오 의약품의 종류에는 무엇이 있나요? / 생명시스템학부에 입학한다면, 학부에 어떻게 기여할 수 있나요? / 노화 방지 방법에는 무엇이 있나요? / 텔로머레이즈가 너무 많으면 다른 이상이 생기지는 않나요? / 마지막으로 자신의 장단점 말해주세요."
세종대학교,컴퓨터공학과,"네, 앞에 앉으시면 됩니다. / 먼저 우리 학과에 지원하게 된 동기를 묻고 싶네요. / 그렇군요. 다양한 컴퓨터 활동을 진행한 것 같은데, 생각나는 컴퓨터 프로그래밍 활동이 있을까요? / 최근에 한 활동은 무엇이 있을까요? / BCI 관련 학술 자료를 읽은 것으로 확인되는데, 이에 대해서 설명해줄 수 있나요? / 인공지능 알고리즘 관련한 논문을 읽었는데 여기서 배운 FSM 알고리즘 혹시 기억하나요? / 시간이 거의 다 되었네요. 마지막으로 하고 싶은 말이 있으면 해주세요. / 네 이제 나가봐도 됩니다."
세종대학교,컴퓨터공학과,"자기소개 해 보세요. / 고등학교 3년 생활하면서 자랑하고 싶은 활동 말해보세요. / 팀으로 만들었나요? / 그 프로그램이 윈도우에서 작동하는 건가요. 아니면 파이썬 내에서 작동하는 건가요? / 컴퓨터 한 대에서 작동하는 건가요. 아니면 여러 대에서 작동하는 건가요. / 그럼 그냥 선착순으로 하지. / 프로그래밍 하면서 필요한 장점 말해보세요. / 그건, 어느 분야 나 필요한 거니까, 자신의 수학적 역량에 대한 말해보세요. / 어떤 식으로 만들었나요? / 수학은 어떤 걸 사용해서 구현했나요? / 수학에 어떤 과목을 좋아하나요. / 전체적으로 시각적인 거 좋아하네요. / 꿈이 뭔가요. / 그건 다 같은데, 꿈에 대해 말해보세요. / 구체적으로 만들고 싶은 프로그램을 만들고 싶나요? / 마지막으로 하고 싶은 말 있으면 하세요."
숙명여자대학교,생명시스템학부,"우선 간단하게 지원동기 들어볼까요? / 네, 알겠습니다. 1학년 진로와 직업 시간에 '면역에 관하여'라는 책을 읽고 백신 옹호론자와 백신 / 그런데 집단 면역의 의미가 그것 뿐일까요? ... 꼭 집단 구성원 모두가 백신을 접종해야 할까요? 아 / 네 그렇죠. 알겠습니다. / 1학년 통합과학 시간에 물질대사 이상 질환들을 대사성 질환이라고 소개하고, 많은 사람이 겪고있 / 네, 알겠습니다. / 생명과학2 생기부에 Macropinocytosis, 거대음세포작용이라는 어려운 용어가 나와있네요. 거대 음세 / (고개를 끄덕이며) 네 그렇죠, 알겠습니다. / 생명과학Ⅰ생기부에 유전자 스위치라는 책을 읽고 후성 유전학이라는 학문을 새롭게 알게되었다고 / 조금 어려우면, 우선 유전자 스위치라는 책에서 알게 된 후성 유전에 대해 아는대로 설명해볼까요? / 그 후성유전학적 조절에 대해 좀 더 자세히 설명해줄 수 있을까요? / (웃으며) 네, 알겠습니다. / 행동특성 및 종합의견에 뛰어난 공감 능력과 언어전달력으로 원만하게 소통하는 갈등관리역량...이 / 그렇군요, 그런데 혹시 학급 말고 사회나 가정에서 갈등관리역량을 발휘한 경험도 있을까요? / (웃으며) 가장 확실하고 뛰어난 갈등관리 경험이네요. 알겠습니다. / 네, 시간이 거의 다 되었는데, 혹시 마지막으로 하고싶은 말이 있을까요?"
숙명여자대학교,영어영문학전공,"안녕하세요. 먼저 오기 전 긴장했을 수도 있으니까 긴장을 풀 겸 가벼운 질문을 해볼게요. 대학 중 / 학생은 오기 전에 우리 학교 교과목에 대해 좀 찾아보고 온 것 같네요? / 생활기록부에 인공지능과 문학에 대해 탐구를 많이 했는데 이러한 건 어떻게 생각하세요? / 네 경제수학에서 ‘세일즈맨의 죽음’을 읽고 환율에 대해 탐구했다고 했는데 이거에 대해서 말해 / 그 고정환율…뭐라고 했죠? / 네. 그럼 고정환율제도가 그 책에 구체적으로 드러나는 대목이 있나요? / 네. 그러세요 / 아까 처음에 기술과 융합한 번역을 말했는데 그 기술과 융합한 번역은 뭐라고 생각해요? / 네. 알겠습니다. 2학년 때 영어와 독해에서 영문학과 한국문학을 비교했다고 했는데 어…이 둘의 차 / 그러면 한국문학을 영문학으로 번역할 때 한국 문학적인 요소를 강조해야 하나요? 아니면 영어권 / 그러면 이런 한국 문학적인 요소를 강조하기 위해서 무엇을 해야 하죠? / 아까 인공지능에 대해 얘기를 했는데 요즘은 기술이 발전하고 있고 인공지능이 다양한 데이터를 분 / 본인이 생각하는 작가의 의도란 뭐라고 생각해요? / 인공지능이 전혀 문학적 가치를 지니지 않는다고 말했는데 그럼 음악, 문학, 그림과 같은 곳에 쓰이 / 네. 지금 시간이 얼마 안 남았는데 마지막 할 말 있으면 해주세요."
숙명여자대학교,영어영문학전공,자기소개해보세요. / 셰익스피어 관련 활동을 했는데 이 활동에 대해 설명해 주세요. / 동아리 활동에서 ‘뇌과학 관점에서의 영어 학습법’이라는 주제로 탐구 했는데 설명해보세요. / 화학물질의 사용과 도덕적 이념의 관계에 대해 조사하고 발표했다는데 이 활동에 대해 발표해보세요. / 빅데이터 관련 활동에 설명해보고 빅데이터에 대해 주의할 점을 설명해보세요. / 그러면 빅데이터를 주의해야 하는 구체적 사례를 들어주세요. / 2학년 때는 이과를 선택하고 3학년 때 문과로 바꾼 이유를 알려주세요. / 자기소개를 들어보면 미디어학부도 관심이 있었을 것 같은데 영어영문학 전공을 선택한 이유를 알려 / 저희 학교 커리큘럼 중에 영미 문학도 있으신 거 아시죠? / 마지막 할 말 해보세요.
숙명여자대학교,일본학과,"처음은 쉬운 질문부터 하겠습니다. 왜 숙명여대 일본학과를 선택했는지 지원 동기를 말씀해주세요. / 1학년때 일본의 아쿠타가와상과 나오키상에 대해 발표했는데 간단히 설명해주시고 이 작가들 책 읽 / 라쇼몽을 읽었다고 했는데 무슨 내용인지 알려주세요. / 헤이안쿄 말씀해주셨는데, 헤이안시대 특징에 대해 아는 것이 있나요? / 그럼 그 국풍 문화를 예를 들어 설명해주세요. / 하이쿠 짓기를 했는데 무슨 내용이었는지 알려주세요. / 하이쿠와 센류의 음수율이 어떻게 되나요? 둘의 차이는 무엇인가요? / 버블경제에 대해 탐구했는데 버블경제가 발생하게 된 과정과 일본의 해결책 말씀해주세요. / 해결책 말씀해주세요. / 이건 학생 생기부를 보고 저도 처음 알게 된건데 야미 바이토가 무엇인지 설명해주세요. / 네 이제 시간이 다 되어서 마지막으로 하고 싶은 말 하시면 됩니다."
숭실대학교,건축학부,"저희 숭실대학교 건축학부에 지원해주셔서 감사합니다. 자기소개 먼저 해주시겠어요? / 위에서 말한 내용 중 학교의 지진하중 계수를 구하는데 필요한 CS값을 구했다고 하였는데 혹시 이 / 그럼 응답계수가 어떤 것을 의미하는 지 알고 계시나요? / 응답계수는 지진하중 계수가 건물 중량의 30%정도임을 알려줍니다. 그러면 3년 동안 000이라는 동아 / 다른 학교들에도 건축학부가 있는데 숭실대 건축학부에 지원하신 이유가 있으실까요? / 3년동안 반장부반장 활동을 하며 기억에 남는 일화가 있다면 소개해주세요. / 지원자가 생각하는 건축에서 가장 중요한 것은 무엇인가요? / 그러면 최근 인천지하주차장 붕괴 사고에 대해서도 알고 계시나요? / 오, 그러면 광주 아파트 붕괴사고의 원인은 무엇이었나요? / 그렇다면 지원자는 이러한 문제를 어떻게 해결해야 한다고 생각하십니까? / 좋습니다. 시간이 이제 다 되어서 마지막으로 하고 싶은 말씀이 있다면 해주세요."
숭실대학교,건축학부,"숭실대 실내건축전공에 지원했는데 이를 위해서 어떤 노력을 했나요? / 그럼 그동안 했던 활동 중에 이 실내건축과에 가장 관련 있는, 도움이 된 활동은 무엇인지? / 실내건축전공에 지원했는데 관련해서 했던 활동 중에 가장 도움이 되거나 혹은 아쉬웠던 활동이 있 / 실내건축전공에 가기 위해 지원자에게 가장 도움이 된 과목은 무엇인가요? / 심화국어에서 건축에서의 크로노토프에 대해 탐구했는데 이거는 뭔가요? 결론이 뭐예요?? / 아까도 언급했던데 언어와 매체 시간에 <행복의 건축>이라는 책을 읽었다고 하는데 이건 뭔가요? / 융합과학에서 영화 속 건축물을 자신의 진로와 엮어서 탐구해봤다고 하는데 이건 뭐예요? / 본인이 다른 학교,학과도 지원했을텐데 여기 숭실대의 실내건축전공을 가야하는 이유가 무엇인지 / 마지막으로 준비한 말 해보세요."
숭실대학교,국어국문학부,"숭실대 국어국문학부에 지원한 이유는? / 생기부 보면 언어학에 전체적으로 관심이 많은 것 같은데 왜 국어국문학과에 지원했는지? / 영어랑 한국어의 차이가 무엇이라고 생각하는지? / 출결란을 보면 조퇴랑 결석이 많이 보이는데 이유는? / 자기주도적 학습이라고 했는데 자신만의 공부 방법이 있는지? / 국어 성적이 1학년 때는 1등급이었는데 2, 3학년 때는 왜 성적이 내려갔는지? 본인은 나름대로 성장 / 요즘은 1학년 때 중세국어를 배우나보죠? 어떤 시료로 공부하는지? / 용비어천가가 어떤 내용인지? / 용비어천가 처음에‘ 해동 육룡이 나르샤’라는 문장이 있는데, 여기서 육룡이 무엇을 뜻하는지 알고 / 생기부 내용 중에 한국 문학사의 발전 과정에 대해 탐구했다는 내용이 있는데, 어떤 탐구 활동이었 / 마지막으로 생기부에서 꼭 말하고 싶었는데 면접관이 질문해주지 않은 내용 있는지? / 시간이 다 됐네요. 수고하셨습니다."
숭실대학교,글로벌미디어학부,"네 착석해주세요. / 자, 자기소개나 지원동기 말해볼까요? / 성적이 1학년 때는 열심히 하고 2, 3학년 때는 우하향 그래프를 그리는데 이유가 있을까요? / 꿈이 영화 감독이라고 하였죠. 좋아하는 감독이 있을까요? / 그럼 봉준호 영화 감독의 초기 영화와 지금의 영화 연출에서 어떤 점이 변화했죠? / 네, 그러세요. / 그럴 수 있죠. / 가장 기억에 남는 활동을 말해주세요. / 2학년 때 학급 반장을 하면서 가장 기억에 남는 활동이 있나요? / 연출을 하고 싶다고 했는데 그럼 지금까지 연출한 작품이 몇 개나 되나요? / 2학년 진로 활동 시간에 도시 설계에 관해 탐구했네요. 기억에 남는 도시 좀 말해줄 수 있을까요? / 영화 ‘가타카’를 봤네요. 이 영화가 전달하는 메세지가 뭐라고 생각하세요? / 시간이 다 되었네요. 마지막으로 못한 말 있으면 해주세요."
숭실대,금융학부,"네 먼저 숭실대학교에 지원해주셔서 감사드리고 먼저 예 그 일단은 기본적인 거부터 네 질문할게요. / 확통에서 릿지회귀, 라쏘회귀 탐구했는데 어떤 내용이고 직접 회귀를 시뮬레이션 돌린건가요? / 백테스팅이 뭐냐 / PER같은 금융 쪽 언어나 그런거 고등학생이 관심 있을만한게 아닌데 왜 했냐 / 펀드매니저 하고싶다했는데 금융학과 나오면 펀드매니저 말고 뭐 할 수 있냐 디지털 금융 트랙 탄다 / 1,2,3 다 임원했는데 갈등 상황 있으면 어떻게 극복했냐 / 아 그리고 성적 올라가는 추세인데 그 이유가 뭔가요 / LSTM이 뭐냐 그거 어떻게 쓴거냐 파이썬에 있는 function이냐 직접 써본거냐 제무제표 데이터 어디"
숭실대학교,기계공학부,지원동기가 뭔가요? / 수학 잘하고 흥미 높다고 되어있는데 원래부터 좋아했나요? / 그럼 왜 수학과 지원안하고 여기 지원하셨나요? / 다른 대학에도 기계공학과 많은데 왜 이 학교를 지원하셨죠? / 4대 역학 중에서 가장 좋아하는 역학은 뭔가요? / 관련 공식 아는 거 있어요? / ‘미분가능하면 연속이다.’명제의 역 반례 예시 말해보세요. / 정역학 동역학 차이점이 뭔가요? / 수학 이렇게 좋아한다고 되어있는데 3학년 미적분 성적이 낮네요? 수능은 확통 과목 선택하셨죠? / 지구과학을 수강 안하셨네요. 과탐 과목은 뭐 뭐 들었죠? / 수능은 과탐 뭐 선택하셨나요? / 1과목이요? / 기계제도 과목은 본인이 특이하게 수강한 건가요? 아니면 일반적으로 모두 듣는 과목이었나요? 왜 / 정역학 동역학 공통점이 뭔가요? / 프로그램 이용한 내진설계 구조 탐구활동 하셨네요? 이때 어떤 프로그램 쓰셨죠? / 근데 건축물의 모든 지점에 탄성력 높은 물질 넣으려면 너무 힘들지 않을까요? / 힘점 이라는게 정확히 뭐죠? / 이미지 객체 탐지와 분류 활동 시 어떤 프로그램을 사용하셨죠? / 처음부터 코드 다 짰나요? / int 다음 뭔가요? / 그거 말고요. / 마지막으로 할 말 있으신가요? / 융합 교육이 뭔가요? (마지막으로 할 말 말하던 중간에 질문하심) / 창조적 지식인이라는게 뭔가요? (마지막으로 할 말 말하던 중간에 질문하심) / 수고하셨습니다. 나가셔도 좋습니다.
숭실대학교,기독교학과,"안녕하세요. 숭실대학교 기독교학과에 많은 관심 가져주셔서 고마워요. 이제 면접 시작할게요. 먼저 / 네, 그렇군요. 기독교학과에 들어오면 뭘 배우고 싶어요? / 그래요~. 그럼 이제 생기부 관련해서 물어볼게요. 생기부를 보니까 교육에 초점이 많이 맞추어져 있 / (웃음)네, 변명 해보라고 묻는거에요. / 그럼 심리 쪽으로 가고 싶어하는 것 같은데, 뭐, 생기부에 있는 했던 활동이나 그런 거 하나 말해볼 / 수고했어요, 마지막으로 하고 싶은 말 있어요? / 네, 이제 나가셔도 됩니다."
숭실대학교,법학과,"마지막까지 오래 기다렸네~ (실제로 뒤에서 2번째, 2시간 반 대기) / 우리 학교에 지원한 동기 말해볼까요? / 미술 시간에 업 사이클링 아트를 했다고 하는데, 이것에 대해 설명해주세요. / 아까 지원 동기도 들었지만, 구체적으로 왜 우리 학교에 오고 싶은지 궁금한데? / 세계사 시간에 파르테논 신전에 대해 탐구했다고 하는데, 설명해 주세요. / 그러니까 뭐 어떤 걸 제시했는지? / 스톡옵션이 뭔지? / 가정과학 시간에 청소년 야식 섭취에 대해 보고서를 썼다고 하는데 설명해 주세요. / 그럼 뭐 몸무게는 다시 되돌린 건가?(웃음) / <동물농장>의 내용이나 시사점을 말해주세요. / 확률과 통계에서 <통계의 거짓말>이라는 책을 읽었다고 하는데 사례랑 같이 설명해 주세요. / 그래서 사례는? / 생기부에 보니까 경찰 관련된 내용이 되게 많은데, 왜 경찰이 되고 싶은지? / 그럼 경찰이 돼서 이건 꼭 해야겠다 싶은 건? / 소년법 폐지에 대한 본인 입장을 알려주세요. / 1, 2학년에 비해 3학년 성적이 월등히 좋은데 어떻게 한 건지? / 시간이 이제 다 된 거 같은데, 마지막으로 하고 싶은 말 있으면 해주세요."
숭실대학교,전자정보공학부,우리 학과에 지원해 주셔서 감사합니다. 먼저 지원 동기 말해주세요. / 2학년 동아리에서 큐브위성 탐구한 적이 있네요. 이게 뭐죠? / (긴장하는 모습 보이니 분위기 편하게 해주시려고 학교는 뭐 타고 왔는지 같은 질문 하심.) / 아두이노 GPS 모듈 실험을 했네요. 이것에 대해서 말해보세요. 코딩은 어떻게 했죠? / 왜 야외에 탁 트인 곳에서 하면 통신이 잘 되나요? / 그럼 우리 쓰는 스마트폰은 통신이 잘 되고 있는데 그거랑 뭐가 다르죠? / 항공우주공학에 관심이 많은 것 같은데 왜 우리 학과를 지원했죠? / 감성 컴퓨팅 기술 관련해서 탐구를 했네요. 감성 컴퓨팅이 뭐죠? / 우리 학과와 관련해서 생기부에 쓰인 거 말고 다른 활동 한 게 있나요? / 마지막으로 하고 싶은 말 있나요?
숭실대학교,컴퓨터학부,안녕하세요. 여기 앞에 앉으면 됩니다. / 먼저 우리 학과에 지원하게 된 동기가 무엇인가요? / 혹시 나아가고 싶은 진로는 무엇인가요? / 컴퓨터와 관련된 수학 쪽의 성적이 매우 높은 편은 아닌데 이에 대해서 어떻게 생각하나요? / 수학I에서 지수가 활용된 RSA 암호화 알고리즘에 대해서 탐구한 것으로 보이는데 이에 대해서 설명 / 이산 로그 개념을 활용한 암호화 복호화 과정을 설명해주세요. / 기하에서 3차원 형태로 컴퓨터에서 구현한다는 것이 무엇인가요? / 네. / 네 알겠습니다. 혹시 심화수학 때 진행한 푸리에 급수에 대해서 설명해줄 수 있나요? / 진로활동에서 진행한 게임 NPC 관련 논문 탐독 활동을 간결하게 정리해서 알려줄 수 있나요? / 시간이 다 되었군요. 혹시 마지막으로 할 말이 있을까요?
숭실대학교,화학과,"우리 학과에 지원한 특별한 동기가 있는지 궁금합니다. / 파킨슨병의 약물 작용 기작에 대해 생각나는 대로 설명해 보세요. / 화학을 배우면서 가장 재미있었던 부분이 무엇인가요? / 수학 동아리와 의료 동아리에서 활동했네요. 모두 화학과 직접적인 연관은 없어 보입니다. 가입한 이 / 가장 좋아하는 과목이 수학인가요? / 그럼 화학에 대한 질문을 하나 하겠습니다. 산과 염기에 대해 설명해 보겠어요? / 출석에 미인정 지각이 많은데, 이유가 무엇인가요? / 3학년 때 성적이 떨어졌는데, 자신을 변호해 보세요. / 마지막으로 더 하고 싶은 말 있나요?"
□ 면접 시간: 8분간 문제 풀이 / 2분 이상 5분 이하로 답변 제출,연세대학교 산업공학과 학생부종합 활동우수형,문제 1. (가)와 (나)는‘관찰’에 대해 이야기하고 있다. 이를 바탕으로 (가)와 (나)의 관찰에 대한 관 / 문제 2. 제시문 (라)를 설명하고 (라)를 바탕으로 (다)를 설명하시오.
연세대학교,식품영양학과,문제 1번 문제 설명해 보세요. / 2번 문제 답변해 보세요. / 각 문제에 대해 설명해 보세요.
연세대학교,의예과,"일찍 와서 오래 기다리느라 수고했어요. 1번 문제부터 차례대로 답변해 주세요. / 네, 시간이 다 되었으니 나가봐도 좋습니다. 수고하셨습니다."
연세대학교,의예과,준비되셨나요? 1번 문제부터 답변 시작하시면 됩니다. / (다른 면접관께) 혹시 더 질문하실 내용 있으신가요? 그럼 면접 마치도록 하겠습니다. 수고하셨습니
연세대학교,의예과,"(1학년 자율활동 내용)에서 어떤 문제점이 있었고, 어떻게 개선하였나요? 문제점은 1학기부터 계속 / (2학년 자율활동 내용 2개)은 왜 했고, 각각 어떤 장점과 단점이 있었나요? / (3학년 자율활동 내용 학생 참여 프로젝트)에는 모두가 참여하였나요? / 인공지능 관련해 (생기부 내용)이라고 생각했다고 되어있는데, 그렇다면 이러한 인공지능 기술을 앞 / (3학년 자율활동 내용 중 선생님 견해)에서 선생님께서 (~)라고 본인을 평가하셨는데, 왜 그렇게 평가"
중앙대학교,공공인재학부,"네 안녕하세요. 준비한 질문이 많습니다. 지금부터 답변해 주시면 되고 긴장하지 마세요. / 정치와 법 시간에 정치적 불평등, 시민참여의 부재 원인은 뭐라고 생각하세요? / 시민참여의 부재를 해결하기 위한 개인적인 노력은? / 사회탐구 방법에서 다문화 교육과 다문화 수용성과의 관계에 대해서 연구하셨는데 그 과정과 결과에 / 통계분석은 어떻게 했어요? / 마지막으로 하고 싶은 말은?"
중앙대학교,물리학과,"기다리느라 힘들었죠? …(블라인드 면접 유의 사항 안내) … 긴장하지 말고, 침착하게 답변하시면 됩니 / 수학Ⅱ 시간에 구간 단속 카메라의 원리를 탐구했는데 설명해 주세요. / 미적분 시간의 맥스웰 방정식 및 물리학적 의미를 탐구했는데 설명해 주세요. / 자기 홀극이 발견된다면 맥스웰 방정식을 수정해야 할까요? / 방금 말 한 게 정답이에요. / 수학 과제 탐구 시간에 괴델의 불완전성 정리와 하이젠베르크의 불확정성 원리를 비교하여 탐구했는데 / 그럼 위치와 운동량은 정확히 측정할 수 없나요? / 동아리 시간에 엡실론 델타 논법을 탐구하여 다양한 문제에 적용했는데, 이에 대해 설명해 주세요. / 엡실론 델타 논법이 극한을 이해하는 데 정말 도움이 되던가요? / 많이 어려운 내용이긴 한데 개인적으로 인상 깊었습니다. EPR 역설에 대해 설명해 주세요. / 양자역학은 이해할 수 없나요? / 시간이 부족해서 마지막으로 하고 싶은 말이 있으면 해주세요."
중앙대학교,소프트웨어학부,"긴장 푸시고, 몇 가지 질문 진행하겠습니다. 준비되셨나요? / 고급 수학에서 자연어 처리와 수학적 원리, 추천 알고리즘을 이용한 직업 추천 프로그램을 만드는 / 사용자의 데이터는 어떻게 받았나요? / 수학 과목에서 진행된 프로젝트인데, 어떤 수학적 원리가 사용되었나요? / 고급 생명과학 시간에 진행한 유전적 특성 기반 머신러닝 분류 프로그램에서 어떤 알고리즘과 언어 / 데이터 셋은 어떤 데이터를 이용하였나요? / NCBI에서 제공하는 .*** (파일 확장자인데 모르는 형식이라 기억 안 남) 파일을 학습하고 처리한 건 / 시퀀스 데이터에도 다양한 종류가 있는데, 어떤 종류를 사용하였습니까? / whole dna이면 몇 기가바이트 정도로 파일이 큰데, 처리하는 데, 안 어려웠나요? / 결과는 어땠나요? 정확도 괜찮았나요? / 네, 좋습니다. 고급 화학에서 유기 반응 클라이언트를 개발했다고 했는데, 개발 과정상에 어려운 점 / 그러면 이 과정을 기기 내에서 진행한 건가요? / Vercel에서는 서버를 만들어서 진행한 건가요? / 좋습니다. 30초 정도 남았는데, 마지막으로 하고 싶은 말 있으면 해 주세요."
중앙대학교,유럽문화학부(러시아어문학전공),"(면접 유의사항 간단하게 설명해 주셨습니다.) 성적이 전체적으로 우수한 편이에요. 수학, 과학 성적 / 러시아어 공부할 때 어려운 점이 있었다면 이야기해 주세요. / 네. 하고 싶은 말이 많겠지만, 시간이 없어서 여기까지 들을게요. 러시아어 책자 만들기 활동에서 AI / 기계번역을 통해 번역하고 한계를 극복하여 수정한 건가요? / 직접 번역했다는 거죠? / 독서 시간에 러시아 아방가르드 지문에 관해 탐구했는데 무슨 내용인가요? / 이민 문학을 비교하는 활동을 했는데 어떤 공통점과 차이점이 있었나요? / 궁금한 게 많은 지원자인데 시간이 없어서 지원자가 마지막으로 꼭 하고 싶은 말 해주세요."
중앙대학교,화학과,"네~ 생기부에서 아스피린 합성 실험의 에스테르화 반응과 타이레놀 합성 실험의 아세틸화 반응의 차 / 생기부에서 생플라스틱에 대해서 탐구했는데, 이것의 장단점을 플라스틱과 비교하여 설명해 주세요. / 생분해 플라스틱은 자연물 있는 그대로를 사용해서 만들어지나요? / 화장품에 관심이 많던데, 최근 화장품 업계에서 소비자를 기만하고 속이는 광고가 많아지면서 소비자 / 그럼 그러한 경향이 괜찮다고 생각하시는 건가요? / 마지막 말 해주세요."
총신대학교,역사교육과,"안녕하세요. 총신대학교에는 어떻게 오셨나요? (처음에 긴장을 풀어주시기 위해 간단한 질문을 해주 / 먼 길 오시는데 수고하셨네요. 그럼, 이제부터 면접을 진행하게 될 것인데 앞에 있는 책자를 넘기시 / 나의 롤 모델 발표하기 활동에서 이다지 역사 강사를 롤 모델로 뽑았는데 이다지 역사 강사를 통한 / 주제 탐구 발표 활동에서 ‘조선을 망치려 했던 3대 간신들’에 대하여 발표했었는데 왜 이 주제를 / 마지막으로 하고 싶은 말이 있으면 해주세요. / 네. 수고하셨습니다~~"
한국외국어대학교,Social,"2학년 때 인공지능 활용 모의수업 활동을 했던데, 자세히 설명해 주세요 / 요즘 챗GPT 많이 쓰는데, 사용해 보신 적 있나요? 코드 만들 때요. 어떻게 느끼셨어요? / 프로그래밍 활동을 많이 하셨던데, 했던 활동 중에 가장 기억에 남는 게 있을까요? / (꼬리질문) 그럼 베이지안 정리를 이용해서 빈도 말고 뭘 구해보면 더 좋을 것 같아요? / (친절하게 추가 설명 해주셨습니다.) 음, 그러니까 베이지안 정리를 이용하면 빈도 말고도 구할 수 있 / 이건 좀 다른 얘기인데, 만약에 대학에 진학했는데, 어떤 친구가 지원자분에게 힘들다고 토로한다면, / 우리 학과는 수학이 정말 중요한데, 다른 과목들에 비해 수학 성적이 좀 낮더라고요. 물론 아까 베이"
한국외국어대학교,경영학부,"지원동기 말해주세.요 / 대학 졸업 후 들어가고 싶은 기업에 대해서 말해주세요. / 국내 기업에서 취업하고 싶은 기업과 그 이유에 대해서 말해주세요. / 전문경영인이 되고 싶다고 하셨는데, 그럼 고교 시절 동안 많은 노력을 했을 것 같아요, 그중 가장 / (이 앱에 관련된 질문을 하셨는데 제대로 못 듣고 마지막 문장만 알아들음) 그럼 돈을 지불하지 않은 / 돈은 어떻게 지불하나요? / 학생으로서 선거 방식을 개편했다고 되어있네요. 이에 대해 말해주실 수 있나요? / 전 학년 학급 반장, 학생회장, 동아리 회장까지 계속 리더의 역할을 맡아 오셨어요. 학업에 부담도 / 네, 간단하게 말씀해 주세요. / 네, 알겠습니다. 이제 시간이 다 돼서 마무리해야 할 것 같습니다. 수고하셨습니다."
한국외국어대학교,국제학부,"(3학년 진로) 미 중 경쟁에 관심이 많아 보이네요. 여기에 미중 패권 경쟁이 세계 경제 질서 형성에 / 그렇다면 미 중 패권 경쟁이 지속될 것으로 생각하나요? 아니면 이제는 어느 정도 안정기에 도달했 / 이러한 상황에서 우리나라는 어떤 전략을 펼쳐 나가야 할까요? / (3학년 자율) 국제 문제 해결 프로젝트에서 이스라엘-하마스 전쟁과 러시아-우크라이나 전쟁 간의 상 / (3학년 동아리) 동아리에서 '탄소 사회의 종말'을 읽고 (기후 위기를) 이를 인권 문제로 보아야 한다 / 네! 그럼, 면접은 이 정도로 마쳐야 할 것 같네요. 우리 학교에 지원해 주셔서 감사합니다."
한국외국어대학교,국제학부,"안녕하세요. 학생부 기반 면접이고 자신의 이름, 학교 등을 드러내는 답변은 하면 안 됩니다(정확히 / 그럼 바로 면접 시작할게요. 3학년 동아리 시간에 인플레이션을 조사했었는데 코로나 이후 인플레이 / 네, 그러면 세계적인 인플레이션 사례로는 무엇이 있을까요? / 이스라엘 팔레스타인 전쟁을 조사했다고 하였는데 요즘 이러한 전쟁들이 많이 발생하는 이유는 무엇 / 음, 중동뿐만이 아니라 우크라이나 러시아 전쟁 등 전 세계적으로 요즘 전쟁이 많이 발생하고 있는 / 3학년 진로 시간에 국제기구에서 사용하는 공용어에 대해 탐구하였다 되어있는데 그 국제기구는 유 / 그럼 국제기구에서 공용어를 사용할 때 발생하는 장점과 단점에 대해 말해주세요 / 네, 그럼 면접 시간이 얼마 남지 않아서 질문 하나만 더 할게요. 우리 학교 국제학부 커리큘럼을 확 / 네, 답변 잘 들었고요, 이제 면접 시간이 다 되어서 여기서 마무리하겠습니다. 수고했습니다~"
한국외국어대학교,디지털콘텐츠학과,"논술 시간에 OTT 가격 조정 관련하여 해결 방안을 작성하셨다고 되어있는데, 어떤 내용이었나요? / 근데 (여러 OTT 플랫폼 사례 들어주심)도 있습니다. 이러한 사례를 보면 충분한 혜택을 제공하고 / 디지털 콘텐츠라는 큰 분야 중에서 정확히 어떤 분야에서 관심이 있는 거예요? / 그럼 만약 지원자분이 영화감독이 되셔서 학교폭력을 주제로 하는 영화를 제작한다고 하셨을 때 어 / 어떤 내용으로 구성하실 건가요? / 디지털 콘텐츠 분야에서 자신의 강점은 뭐라고 생각하시나요? 성실함 이런 것도 있겠지만 디지털 / 어떤 툴을 주로 사용하시나요? / 아까 축제 영상, 교내 영상 등을 제작하셨다고 했는데 봉사활동 시간에는 입력이 되어있지 않네요? / 영화에 관심이 많은 것 같은데 우리한테 소개해 주고픈 영화가 있나요? / 영화 관련해서 읽었던 책 있을까요?"
한국외국어대학교,언어인지과학과,"한국외대 언어인지과학과에 지원한 가번호 000 학생 맞으시죠? / 그럼 바로 면접 시작하도록 하겠습니다. 먼저 1학년 체육 시간에 언어능력과 체육 능력의 관계에 / 소설가가 꿈인 것 같은데, 언어인지과학과에 지원하셨어요. 본인이 생각하기에 소설가랑 언어인지 / 그럼 자신에게 영향을 준 소설이 있나요? / 그래서. 본인도 그런 책을 쓰고 싶다? / 그럼 본인이 생각했을 때 소설가로서 부족한 역량과 충분한 역량은 무엇이라고 생각하나요? / 그럼, 그런 창의성이 잘 발현된 사례가 있나요? / 3학년 때 반장을 했어요. 반장을 하면서 리더십을 발현한 일이 있다면 소개해 줄래요? / (미소 지으며 부드럽게) 아, 그건 안 돼요. 그럼 다른 질문으로, 반장으로서 어려웠던 일이 무엇인 / 그럼 마지막으로 질문할게요. 과학 시간에 AI의 글쓰기 능력에 대해 발표하였는데 관련해서 짧게 / 면접 수고하셨습니다. 이제 나가시면 됩니다."
한국외국어대학교,자연과학대학[통합모집],"네, 앞에 앉아주시고요, 블라인드 면접은 ~한 방식으로 진행됩니다. 지원동기 말씀하시면서 시작해 / 네~ 어렸을 때 한 재미있는 상상의 예시를 말해주시겠어요? / 생기부를 보니까 생명 쪽으로 많이 채워져 있네요. '파란 장미'에 대해 활동한 거 모두 말해주시겠어 / 그런데, 수학 성적이 좀 낮네요? 어디서 외대에 지원할 자신감을 얻었을까요? 그리고 다른 친구들은 / 음...그럼 3학년 동아리때 진행했던 '알파미스센스' 활동을 2학년 때 배운 확률과 통계 과목과 연관 / 영어 논문을 읽었어요? 어려울 텐데 진짜 읽은 게 맞아요? / 네~ 10분이 다 돼서 나가주시면 될 것 같습니다."
한국외국어대학교,정치외교학과,"세계지리 시간에 남중국해 영유권 분쟁과 관련하여 국제법적인 관점에 의하여 함의를 냈다고 했는데, / 공동 교육 과정 국제법 시간에서 국내법과 국제법이 충돌하는 사례를 조사하여 발표했다고 나와 있 / 이전에 법 관련 활동을 많이 했는데 정치외교학과에 지원하게 된 동기가 궁금합니다."
한양대학교,교육학과,"교육학과에 지원한 동기가 무엇인지 간략하게 말씀해 주세요. / 교육학에 관심 가지게 된 이유가 있나요? 활동이 있다면 말해주세요. / 교육행정학에 관해 탐구했다고 했는데, 어떤 탐구를 한 건가요? / 영어 독해와 작문 과목에서 시험의 학습 효과와 시험 위주의 교육에 대해 탐구했다고 했는데, 시험 / 교육학 과목에서 STEAM 교육에 대해 탐구했는데, 그럼, STEAM 교육이 무엇이고, STEAM 교육이 어 / 가장 열심히 공부한 과목은 무엇이고 어떻게 공부했는지 말씀해 주세요. / 자기 주도적으로 탐구한 경험을 말해주세요."
한양대학교,수학교육과,"네, 그럼 타이머 7분 맞추고 면접 시작하겠습니다. / 먼저, 수학포기자가 생기는 원인과 수학포기자를 상대로 어떻게 교육을 해야할지 본인의 생각을 말씀 / 네, 수업량 유연화 주간에 수학 교육과 관련된 활동을 많이 하셨는데, 그러한 활동이 본인이 생각하 / 이번에 말씀하셨던 것도 그렇고 지난 질문에 말씀하셨던 것도 그렇고, 말씀하시는 건 어느 정도 수 / 지속적으로 멘토링 활동을 진행한 것으로 보이는데, 기억에 남는 재밌는 에피소드 같은 것이 있을까 / (웃음) 네 편하게 생각하셔도 됩니다. 그냥 에피소드니까요 생각이 안나시면 없다고 말씀하셔도 됩니 / (웃음) 시간이 다 되어서 나가셔도 됩니다."
홍익대학교,자율전공(미술대),"안녕하세요. 지금부터 시간 잴게요. 1번 문제 설명해 주세요. / 네. 2번 문제 설명해 주세요. / 공기원근법을 사용했네요? / 아뇨. 잘 보여요. / 공기원근법을 사용한 대표적인 작품이 뭐가 있을까요? / 오… / 우리 학교 지원 동기가 뭔가요? / 장래 계획은 어떻게 되나요? / 먼 미래에 이제 회사에 들어갈 거잖아요? 회사에 들어가면 학생이 하고 싶은 디자인과 대중이 원하 / 좋아하는 책이 있나요? / 좋아하는 디자이너나 작품이 있나요? / 너무 유명하신 디자이너이신데, 오늘날 현대에 좋아하는 디자이너나 작품이 있나요? / 최근에 가 본 전시회가 있나요? / (알람 소리가 들리고 나서) 시간이 딱 됐네요! / 시간이 다 끝나서 아쉽지만 못해요."
가천대학교,AI인문대학,"학생 가천대학교 면접에 와주셔서 감사하고, 시간이 없을 때는 중간에 말을 끊을 수도 있어요. 그 / 중국의 일대일로에 대해서 조사했는데 일대일로는 어떤 것인가요? / 장점은 알겠고, 단점을 말해주세요. / 일대일로를 견제해서 나타난 게 미국에 있다고 알고 있는데 이것에 대해 설명해 주세요. / 네, 거기까지 / 생기부에 처음으로 문학이 나온 게 수업량 유연화에서 위화의 ‘허삼관매혈기’와 한국 영화 ‘허 / 문화대혁명의 시기가 언제인지 아나요? / 시간이 다 되어서요. 마지막으로 하고 싶은 말 짧게 부탁드릴게요. / 짧게 부탁해요."
가천대학교,간호학과,(서로 인사한 후) 바로 시작해도 되죠? / 지원동기 말씀해 주세요. / 일하고 싶은 부서 있나요? / 2학년 때도 그렇고 3학년 고급 생명과학에서 마약에 대해 많이 탐구해 보신 거 같은데 마약의 작용 / 리포좀이 뭔가요? / 에피네프린의 약리작용에 대해서 말씀해 주세요. / 아나필락시스는 뭔가요? / 어떤 증상들이 있나요? / 에피네프린이 아나필락시스 치료에 왜 효과적인가요? / 이제 시간이 다 된 거 같네요. 마지막으로 하고 싶은 말씀해 주세요.
가천대학교,금융·빅데이터학부,"(기본적인 면접 유의 사항 한 번 더 설명, 심호흡할 시간 주시고 기본 질문 시작) / (동아리 활동 관련 질문) / 설문은 어떻게 돌린 거에요. 종이? 온라인? / 이전에도 비슷한 데이터분석 활동이 있네요. (2학년 활동) 여기선 반 학생들만을 대상으로 했고, 3학 / 네 알겠습니다. / 수학 관련 질문 좀 할게요. (어떤 간단한 식을 극한으로 어떻게 표현할 수 있는지 질문) / 수학 활동 중에 경사하강법과 이 3가지 종류와 쓰임에 관해 탐구했네요, 3가지 종류 설명해 주세요 / 그럼 경사하강법은 어디에 쓰는 건가요? / 로스 함수가 우리말로 손실함수죠? 그럼, 손실함수가 뭔가요? / 혹시 우리 학과 관련해서 공부한 교과목 사례 그런 거 있나요? / 확률과 통계 시간에 ‘인기있는 영상 플랫폼의 알고리즘 탐구’이거 설명해 주세요 / 평소에 학교생활을 정말 성실하게 했나 봐요, 행발에 ‘예의’ 라는 단어가 3번이나 반복됐는데요, / 그럼, 존경하지 않는 어른한테는? / 네 시간이 거의 끝난 거 같은데 마지막 하고 싶은 말 있으면 해주세요. / 네. 나가셔도 좋습니다."
가천대학교,기계공학부,"지원동기를 말씀해 주세요. / 고등학교 미적분 시간에 소방과 관련된 적분에 대해서 탐구한 내용에 대해 자세히 말씀해 주세요. / 3학년 물리학Ⅱ에서 운동에너지와 위치에너지 변화를 예측할 수 있다고 하는데, 운동에너지와 위치에 / 지각을 한 번도 안 하셨는데, 지각을 안 한 이유가 있을까요? / 그럼 대학교에서도 지각을 하지 않을 자신이 있나요? / 생활과 과학에서 소방복에서의 형상기억 합금 활용에 대하여 탐구하셨는데, 형상기억합금이 어떻게 / 공기층이 단열효과를 할 수 있나요? 확실한가요? / 과학사 시간에 연기감지기의 광전식과 이온화식에 대하여 탐구했다는데, 자세히 말씀해 주세요. / 소방관에 관심이 많으신 것 같은데 화재의 3요소에 대하여 아시나요? / 이건 어려운 질문인데 화재의 4요소에 대하여 아시나요? / 마지막 말씀해 주세요."
가천대학교,물리치료학과,지원동기 말해주세요~ / 생기부 기반 질문
가천대학교,물리치료학과,네 안녕하세요. 우선 본교에 지원해 주셔서 정말 감사합니다. 그럼 본 학과에 왜 지원하게 됐는지부 / 아 그렇군요. 운동선수에 대한 관심을 계기로 이 꿈을 꾸게 되었군요.(대충 공감의 표시) 생기부에 보 / 그렇군요. (공감의 말) 그럼 탐구해 보면서 인대와 힘줄의 차이에 대해 아는 것이 있나요? / (좀 크게 웃으심) 그러면 학생 가천대학교 홈페이지 들어가서 본 적 있나요? / 거기서 도수치료 운동치료 재활치료 이런 것들의 정의가 나와 있어요. 기억나는 거 있나요? / ( 지금부터 입학사정관 질문) 앞으로의 학업 계획에 대해서 말해주실 수 있을까요 / 학교생활 하면서 전교 부회장으로 활동했네요. 학교생활 중에서 리더십 발휘한 경험 얘기해주세요. / 마지막으로 하고 싶은 말 있어요?
가천대학교,미디어커뮤니케이션학과,"(말을 끊고 살짝 웃으며) 저희가 시간 관계상 이렇게 말을 끊게 되는 경우도 있습니다. 자리에 앉아 / 먼저 지원 동기부터 말씀해 주세요. / 2학년 수학Ⅱ 과목에서‘미적분의 쓸모’를 읽고 전산유체역학과 N-S 방정식을 탐구했네요. 이 중, / 학교 홍보 영상을 만드셨는데, 혼자 제작했을 때와 팀원들과 함께 제작했을 때의 단점과 극복 방안 / 가천대 미디어커뮤니케이션학과를 졸업한 후 어떤 일을 하고 싶나요? 향후 진로 계획이 있다면 말씀 / 기획? 편집? 어느 쪽인가요? / 지원 동기에서도 말씀하셨다시피 뉴스를 제작하셨네요. 실제 뉴스와 비슷한 기법을 사용했다고 기재 / 행특에 자기주도 학습 능력이 뛰어난 학생이라고 기재되어 있네요. 혹시 자신만의 특별한 공부 방법 / 봉사 시간이 상당히 많네요? 학업에 방해가 되진 않았나요? / 시간이 다 되었네요. / (아쉬운 것을 알아주시는 듯이 웃어주시면서) 퇴장해 주시면 됩니다. 수고하셨습니다."
가천대학교,미디어커뮤니케이션학과,"지원 동기가 무엇인가? / 교내 스포츠를 좋아하는 편 같은데, 시합 중 불화나 경합은 없었는가? / 3학년 동아리 활동에서, 어떤 뉴스를 제작하였는가? / 1학년 동아리 활동에서, TV 뉴스 제작 활동에서 어떤 뉴스를 제작하였는가? / 경로잔치 영상을 제작했다고 쓰여 있는데, 실제로 어르신분들을 모신 건지? 이어 어떻게 기획하고 영상 / 진학 이후, 진로에 대해 어떻게 준비할 것이며 무엇이 되고 싶은가?"
가천대학교,미디어커뮤니케이션학과,"답변은 되도록 30초에서 1분 내외로 해주시고 너무 길어지면 저희가 중간에 자를 수도 있습니다. / 영화에 관심이 많으신 것 같아요, 진로와 직업 시간에 LED 가상 스튜디오에 조사하셨는데, 여기 / 2학년 활동에서 촬영 기법, 등등 분석했는데 구체적으로 어떤 활동을 하셨나요? / 영화 '악마를 보았다' 속 장경철이라는 인물을 로크의 사상을 적용해 분석하였다고 했는데, 로크의 / 축제 영상 같은 영상 제작 활동을 많이 하셨는데, 축제 영상 속에서 주안점이 되었던 내용과 이를 / 네, 긴장하셨을 텐데 말씀해 주셔서 감사합니다. 마지막으로 할 말 있으실까요?"
가천대학교,바이오로직스학과,안녕하세요. 먼저 지원 동기 말해보세요. / 동화작용과 이화작용에 대해 설명해 볼래요? / 제한효소가 뭐죠? / 화학 시간에 구내염 치료제에 대해 탐구했는데 구내염 치료제의 원리를 말해보세요. / 물리 시간에 MRI에 대해 탐구했는데...(질문을 반복해서 말씀하셨는데 잘 안 들렸음.) / 고등학교 생활하면서 따로 봉사활동을 한 경험이 있나요? 있다면 무슨 내용의 봉사활동을 했나요? / 가천대학교에 입학한다면 무엇을 하고 싶은가요? / 마지막으로 하고 싶은 말 있나요?
가천대학교,반도체대학,안녕하세요. 편하게 대답하시면 되고 답변이 너무 길면 끊을 수 있어요. 유의해 주세요. / 먼저 지원동기 말씀해 주세요. / 햇빛 저금통을 만드셨네요? 여기서 태양광 에너지에 대해 설명하고 사용 방안을 말씀해 주세요. / 키트를 사용하신 건가요? / 물리 시간에 배운 일반 상대성 이론과 특수 상대성 이론에 대해 차이점과 공통점을 설명해 주세요. / 리튬 이온 배터리에 대해 탐구했네요? 리튬 이온 전지에 대해 설명하고 이에 대한 활용 방안을 설명 / C 코딩을 했네요.어떻게 사용한 거예요? / 초전도체에 대해 탐구했네요. 이에 대해 설명해 보세요. / 마지막으로 하고 싶은 말 있나요?
가천대학교,법과대학,"지원동기 말씀해 주세요. / 변호사로서의 덕목, 윤리, 책임감에 관해서 탐구했는데, 변호사로서의 윤리가 드러난 탐구 활동 말해 / 노동법원 설치론에 대해서 탐구했는데, 어떤 입장이었는지 설명해 주세요. / ‘우리는 왜 함무라비 법전의 법률과 같은 법을 선호하는가?’라는 주제로 토론했는데 설명해주세요. / 직장 내 젠더갈등 해결 방안에 대해서 탐구했었는데 이것에 대해서 설명해 주세요. / 마지막으로 하고 싶은 말 있으면 해주세요."
가천대학교,사회복지학과,"가천대학교에 지원해 주셔서 감사합니다. 문 두드릴 때 놀라지 말고, 하던 말끝까지 해주세요. 그럼, / 1학년 때부터 사회복지에 꾸준히 관심을 가져온 것 같은데요, 고전과 윤리 시간에 롤즈의 차등의 원 / 차등의 원칙을 적용하면 1원칙에 위반될 것 같은데 어떻게 생각하세요? / 행특에 곤란한 상황이 생기면 기꺼이 먼저 나서주는 학생이라고 나와 있는데 사례를 말해줄래요? / 코칭 동아리에서 부장으로 활동했는데 느낀 점과 한계는 뭐였어요? / 저출산 관련 문제에 대해서 탐구하면서 원인 구조와 정책 접근 방식에 대해서 말하셨는데 이거에 대 / 네, 잘 들었습니다. 마지막으로 하고 싶은 말씀 있으면 해보세요."
가천대학교,생명과학과,"안녕하세요. / 우리 학과에 지원한 동기는 무엇인가요? / 생활기록부의 행동 발달 특기사항에서 1학년 때와 2학년 때 친구들에게 다정하다는 긍정적인 평가를 / 생활기록부에서 비암호화 RNA의 기능과 종류에 관해 설명해 보세요. / 산성과 염기성이 어떤 물질로 인해 구분되는지 알고 있나요? / 3학년 동아리에서 변형 프라이온으로 인한 질병에 대한 탐구를 수행한 것으로 나오는데, 변형 프라이 / 마지막으로 하고 싶은 말을 해 보세요."
가천대학교,식품생명공학과,"네. 안녕하세요 / 네. 거기 앉으시면 됩니다. / 이 학과를 지원하신 동기가 어떻게 되나요? / 출결사항을 보니까 깨끗하던데 왜 개근을 하셨나요? / 성실한 학생이네요. 그럼, 학업 쪽으로 넘어갈게요. 화학Ⅰ에서 셀룰로오스의 어떤 성분 때문에 살이 / 아뇨. 어떤 성분 때문에? / 그럼 셀룰로오스의 화학식은 알아요? 어떤 원소로 이루어져 있는지 / 화학Ⅱ에서 산과 염기의 중화반응에 대해서 조사했는데 화학Ⅱ의 산과 염기에 대해서 말씀해 보세요. / 네네. (3초뒤) 모르시면 대답 안 하셔도 돼요. / 수소결합과 표면장력의 관계성에 대해서 말해주세요. / 그럼 자신이 생각했을때 리더십을 가장 잘 표현한 활동에 대해서 말해주세요. / 마지막으로 하고 싶은 말 있습니까? / 수고했습니다."
가천대학교,식품영양학과,"자기소개와 함께 지원동기를 말해보세요. / 건강한 식생활을 통해 병으로부터 나았던 경험이 있다고 하셨는데 설명해 주실래요? / 학생 3학년 물리Ⅱ 교과목과 화학Ⅱ 교과목에 군 장교에 관한 내용이 있네요? 식품영양과 군인 중 / 대학교에 진학해서 학사장교라는 길도 있잖아요? / 근데 장교가 되고 싶었던 거예요? 아니면 전투기 조종사가 되고 싶었던 거예요. / 화학Ⅰ 생기부에 감미료 언급이 있네요? 아아 이건 추후 계획에 대한 내용이네요. 고분자 화합물 내 / 그럼 탄수화물과 단백질에 대해 잘 알겠네요? 탄수화물의 한 종류인 셀룰로스와 단백질의 아미노산 / 진로활동 시간에 식품 보존 및 패키징 기술을 조사했네요. 동결건조 방법이 뭐죠? / 그럼, 가스 치환 기술은 뭐죠? / 가천대에 와서 꼭 하고 싶은 활동이 있나요? / 마지막으로 하고 싶은 말 있나요?"
가천대학교,신소재공학과,들어오세요. / 안녕하세요. 간단하게 지원 동기와 진학 이후 활동을 말해주세요. / 생활기록부 내용을 보니 고급 화학을 이수했다고 돼 있는데 혹시 메테인과 암모니아는 어떤 형태로 / 혹시 그 둘의 차이는 뭐가 있는지 말해줄 수 있나요? / 네. 그러면 다이아몬드와 그래핀의 차이를 설명해 줄 수 있나요? / 네. 잘 들었습니다. 그러면 물리Ⅱ 시간에 물질의 파동성에 대해 조사했다고 나와 있는데 간단하게 / 네. 잘 들었습니다. 화학Ⅱ 시간에 이상기체방정식을 이용한 실험을 했다고 나와 있는데 설명해 주세 / 너무 긴장 안 하셔도 됩니다. 충분히 잘하고 계십니다. 그러면 지원 동기 말씀해 주실 때 맥신에 대 / 네. 잘 들었습니다. 마지막으로 하실 말 있으면 간단하게 해 주세요.
가천대학교,심리학과,우선 가천대학교에 지원해 주셔서 감사합니다. 많이 긴장되실 텐데 천천히 답해주시면 됩니다. 10분 / 가천대학교 심리학과에 지원하게 된 이유가 뭔가요? / 생기부에 아들러 심리학을 주제로 탐구보고서를 작성했다고 하는데 아들러 심리학의 주된 내용이 무 / 2학년 영어 교과 세부 특기사항에 다니엘 카너먼의 심리학 이론과 관련된 영어 지문을 읽고 그 이론 / <죽음의 수용소에서>라는 책을 읽고 서평을 작성했다고 하는데 책의 내용과 저자의 핵심적인 주장이 / 집단 극화가 무엇인가요? / 도파민과 파킨슨병이 어떤 상관관계가 있나요? / 마지막으로 고등학교 생활 동안 가장 기억에 남았던 활동은 무엇인가요? / 네. 수고하셨습니다. 이제 나가셔도 됩니다.
가천대학교,약학과,"안녕하세요. 앉으세요. / 현재 사용되고 있는 CAR-T 치료제에 대해서 알고 있나요? / 네. 나노 전달체의 항암치료에 관해 설명해 주세요. / ‘인류에게 필요한 11가지 약’이라는 책을 읽었는데 이 중에서 약학 대학에서 연구하고 싶은 분야 / 완충 시스템에 대해 설명해 주세요. / 반응속도와 촉매에 관해 설명해주세요. (정확한 질문은 생각이 안 나는데 내용은 반응속도와 촉매에 / 네. 수고하셨습니다. / 안녕하세요. 앉으세요. / 약물 중독 문제의 발생 기작에 대해 말해주세요. / 네. 신경전달물질에 대해서 말씀해 주셨는데 신경전달물질의 예시를 알고 계신 게 있나요? / 자가면역질환의 발생 이유를 설명해 주세요. / 약대에 오기 위해 어떤 것을 공부하셨나요? / 화학이나 생명과학에 관해 공부하셨다고 했는데 가장 인상 깊었던 단원이 있나요? / 네네 / 네네 / 네. 수고하셨습니다. / 안녕하세요. 앉으세요. / 지원 동기에 대해 말씀해 주세요. / 네. 생각을 해 봅시다. 대상포진이라는 병이 있어요. 되게 아프고 그렇거든요. 만약 본인이 약사예요. / 그런 게 없어요. (두 분이 동시에) / 그러면 가족이 죽을 수도 있는데요? 그래도 처방하지 않으실 건가요? / 허허 네 갈 수 있죠. 허허 / 네. ㅎㅎ / (다른 면접관님) 생기부에, 광화학 반응에 대한 내용이 있는데 설명해 주시겠어요? / 시간이 다 되어서 마지막으로 하고 싶은 말을 10초만 해주세요. / 네. 수고하셨습니다."
가천대학교,유아교육학과,"가천바람개비에 지원해 주셔서 감사합니다. 가천대학교에 지원한 동기와 입학 후 학업 계획에 대해 / 2학년 동아리 시간에 2022 개정 교육과정을 읽고 5~9세 맞춤 한국어 해독 능력을 기르기 위한 활동 / 미술 시간에 HTP기법을 활용한 미술치료를 조사했다고 하는데 어떤 활동이었는지 설명해 줄래요? / 일본의 유아교육에 대해서 조사했다고 쓰여 있는데 조사하기 어려웠을 텐데 어떻게 조사했고, 또 한 / ‘아이의 사회력’이라는 책을 읽었다고 되어 있는데, 이 책에서 아이의 사회력을 기르기 위해 무엇 / 수학Ⅱ 시간에 저출산이 교육에 미치는 영향에 대해서 조사를 했는데, 이걸 왜 수학 시간에 조사했 / 루소의 자연주의 교육이 무엇인지 한 마디로 얘기해 보세요. / 시간이 다 되었네요. 마지막으로 하고 싶은 말 있어요?"
가천대학교,의예과,"1학년 동아리 시간에 마약류에 관해 심화 탐구하였는데, 마약이 우리 뇌에 작용하는 생물학적 메커니 / 그렇다면 마약류가 우리에게 미치는 영향을 해결하는 방법이 무엇인가요? / 2학년 동아리 시간에 노블 교수와 리처드 도킨스 교수의 논쟁을 보며 환경이 개인에 미치는 영향을 / 3학년 진로 시간에 크리스퍼 파지에 관해 조사하였는데 크리스퍼가 뭐고 크리스퍼 파지는 어떤 메커 / 생명과학 실험 시간에 플라스민 효소를 당뇨병성 망막증 치료에 적용하는 방식에 주제로 조사하였는 / 네 알겠습니다. 면접 보시느라 수고 많았습니다./ 인사 후 퇴실 / 3학년 화학 시간에 헨더슨 하셀바흐 방정식과 산증 알칼리증에 대해 조사하였는데 그 탐구 과정에 / 그렇다면 우리 몸에서 산증, 알칼리증이 왜 발생하는지 알고 있나요? / 수소와 질소가 반응하여 암모니아가 되는 과정은 발열 반응입니다, 그러면 이때 엔탈피는 감소할까요 / 네, 감소하지요, 그러면 이 반응은 낮은 온도에서 잘 일어날까요 높은 온도에서 잘 일어날까요? / 그런데 현대 암모니아 합성은 고온 고압 상태에서 진행합니다. 왜 그럴까요? / 3년간 진행하였던 진로 관련 활동 중에 가장 인상 깊은 활동은 무엇인가요? / 그렇다면 항생제 내성균에 관한 인식은 왜 중요할까요? / 그렇다면 항생제 내성은 공중보건에 어떠한 영향을 미칠까요? / 그러면 학생은 취약계층이 항생제 내성균에 감염될 확률이 더 높다고 생각하는 건가요? / 3학년 생명과학Ⅱ 시간에 항생제와 항바이러스제의 생물학적 치료 기전을 조사하였는데 이에 관하여 / 네 알겠습니다. 면접 보시느라 수고 많았습니다./ 인사 후 퇴실 / 학생이 의예과에 지원하게 된 동기가 무엇인가요? / 학생이 호의를 가지고 다른 사람에게 행한 일이 오히려 그 사람에게 피해를 끼쳤다고 할 때 학생은 / 최근 AI 기술이 발전하고 의료 분야에서도 적용되고 있습니다. 학생은 AI가 의사를 대체할 수 있을 / 1학년 국어 시간에 의사 조력 존엄사에 대한 찬반 토론을 진행하였네요, 학생의 입장을 밝히고 토론 / 마지막으로 하고 싶은 말 있나요? / 네 알겠습니다. 면접 보시느라 수고 많았습니다./ 인사 후 퇴실"
가천대학교,인공지능학과,간단하게 자기소개 해보세요 / 앱이나 웹을 개발하는 프로그래머가 되고 싶다는 거죠? / 인공지능에 대해 어떻게 생각하나요? / 인공지능 시대에 인간은 어떤 역할을 해야 하나요? / 인공지능이 스스로 학습하고 알고리즘을 만든다면 인간은 어떤 역할을 해야 하나요? / 킬버튼은 어떨 때 사용하죠? / 교과 질문으로 넘어갈게요. 확률과 통계 시간에 베이즈 정리에 대해서 배웠는데 베이즈 정리가 무엇 / 베이즈 정리를 식으로 어떻게 나타낼 수 있죠? / 사건 A가 독립이고 사건 B가 독립일 때 베이즈정리 (질문 정확히 기억 안 남) / 3학년 미적분을 수강했어요. 적분 아시죠? / 정적분이 활용되는 예시는? / 네. 거기까지만 들을게요. 부분적분이 활용되는 예시로는 뭐가 있을까요? / 미적분에서 경사하강법을 탐구했어요. 경사하강법이 무엇이고 미분이 어떻게 사용되죠? / 경사하강법 이야기할 때 최소인 지점을 구하는 방법이라고 했어요. 최소인 지점이 무엇인가요? / 최소제곱법이 무엇인가요? / 경사하강법이 인공지능에서 어떻게 쓰일까요? (질문하실 때 노크 소리 들림) / 시간 관계상 여기까지만 할게요. 마지막으로 하고 싶은 말 있으면 하세요.
가천대학교,인공지능학과,"오느라 수고 많았어요. 자기소개 짧게 해볼까요? / 네. 학생이 생각하는 인공지능은 무엇인가요? / 그럼 사람들이 생각하는 인공지능은 뭐라고 생각하나요? / 인공지능이 우리 사회에 왜 필요한가요? / 네 그렇지만 자동차는 단순 이동 수단이지만 인공지능은 인간의 지능을 대체할 수 있잖아요, 만약 / 네! 여기까지만 듣겠습니다. (여태 한 분이 계속 질문하셨고 이제 다른 분이 계속 질문하심) / 이제 세특 활동을 여쭤볼게요. 몬테카를로 트리 탐색이 뭔가요? / 그럼 그런 경우가 모두 트리 탐색인가요? / 조건부 확률에 대해 말해보세요. / 사건의 독립과 종속을 구별해보세요. / 독립을 벤 다이어그램으로 표현해 보세요. / 확률과 통계에서 유사도에 대해 공부했다고 했는데 뭐 배웠나요? / 유클리드 유사도와 코사인 유사도에 대해 말해보세요. / 유클리드 유사도는 어떻게 구하나요? / 유클리드 유사도보다 코사인 유사도가 유용한 경우를 말해보세요. / 네 수고하셨습니다. 마지막으로 할 말 하고 마무리할게요."
가천대학교,자유전공학부(자유전공),"마지막 순서여서 기다리는 시간 동안 긴장이 많이 풀렸을 것 같아요. / 아 그렇군요. 면접 진행할게요. 자기소개와 지원 동기, 학업 계획을 말해주세요. / 도시계획학을 배우고 싶은 이유나 특별한 동기가 있을까요? / 그러면 도시계획으로 잘 된 사례나 직접 경험한 것들이 있나요? / 서울 목동에 있는 곳 말씀하시는 거죠? / 그런데 대전에는 말씀하신 것과 같은 공원이나 공간이 없지 않나요? / 그런데 지금까지 이야기하시는 것들은 도시계획이 아니라 조경학과와 관련된 이야기만 하시거든요? / (생기부를 보며) 1학년 과학 시간에 유전자 도핑을 탐구했다고 나와 있는데 유전자 도핑에 대해 설 / 마지막으로 하고 싶은 말 있나요?"
가천대학교,자유전공학부(자유전공),"안녕하십니까. 가천대학교 지역 균형 전형으로 자유전공에 지원하신 000(가번호)번 맞습니까? / 긴장되시겠지만,~ (이후 분위기 풀어주시는 말씀을 하심) 답변은 30초에서 1분 내외로 해주시고 준 / 그러면 2학년 때 전공을 선택하게 될 텐데 어떤 과를 선택할 것 같나요? / 생명과학 중에서도 다양한 분야가 있잖아요. 뭐 식물이나, 동물이나 여러 분야가 있는데 어떤 분야에 / 네. 그러면 대학 졸업 후에 무슨 직업을 가지고, 어떤 일을 하고 싶나요? / 네. 이제 기록된 생활기록부를 바탕으로 물어볼게요. 3학년 사회문제 탐구 시간에 ‘이기적인 방역’ / 생명과학Ⅱ 시간에 유전자 재조합 기술에 대해 조사하여 발표했다고 되어있는데, 어떠한 유전자 / 그 기술이 어떻게 이루어지는지 알고 있나요? / 네, 그리고 생명과학Ⅱ 시간에 광합성 색소 추출 실험에 대해서도 실험을 한 것으로 되어있어요. / 유전자 변형 농수산물 사료에 대해서 조사했다고 되어있는데, 이것에 대해 아는 것을 말해볼까요? / 경제적으로 이익을 준다고 했는데, GMO 사료가 왜 경제적으로 이익이 될까요? / 네. 확률과 통계 시간에 모집단을 설정하여 표본조사를 했다고 되어있는데, 모집단과 표본집단의 / 그럼 표본집단을 선택할 때 기준을 알고 있나요? / 네. 화학 시간에 치료용 방사성 동위원소가 암세포를 파괴하는 것에 대해 조사했는데, 방사성 동위원소 / 그럼, 이 방사성 동위원소가 암세포를 치료하는 정확한 원리에 대해 알고 있나요? / 네. 그럼, 마지막으로 하고 싶은 말이 있나요?"
가천대학교,자유전공학부(자유전공),"네, 오시느라 가천대학교에 입학해서 학업 계획이 어떻게 되나요? / 의용생체공학에 대해서는 홈페이지를 찾아본 건가요? / 그러면 현재 학과 명이 바뀐 것도 알고 있겠네요. / 그 반대에요. / 그렇다면 의공학과에 대해 관심이 많은 것 같은데, 의료기기나 의료 기술에 대해 한 활동 중 자랑 / 그러면 줄기세포가 무엇이고 특징이 무엇인가요? / 줄기세포에 대해 관심이 많으니 이 내용으로 더 물어볼게요. 고등학교 2학년 때 상호 텍스트 분석 / 세포 핵이식 기술에 대해서 설명해 줄래요? / 고등학교 통합과학 시간에 DNA에 대해 배웠다고 되어 있는데, DNA는 무엇으로 이루어져 있나요? / 염기에는 몇 종류가 있죠? / 화학 시간에 산화환원에 대해 배웠다고 하는데, 산화가 뭔가요? / 생명과학Ⅱ 시간에 PCR에 대해 탐구했다고 하는데, 원리를 설명해 줄래요? / 학생에게 장점도 있겠지만, 혹시 단점에 대해서 말해줄래요? / 마지막으로 하고 싶은 말 있으면 짧게 해주세요. / 간명하게라는 말을 아네요."
가천대학교,자유전공학부(자유전공),"네 안녕하세요. 자유전공학부에 진학하게 된다면 가지고 있는 학업 계획이 있을까요? / 생명과학 연구원이라는 꿈이 확고한 것 같은데 혹시 우리 학교 생명과학 관련된 학과를 따로 찾아보 / 네 알겠습니다. 그러면 고2 생명과학 시간에 자가면역질환인 류마티스 관절염의 치료법을 설명했다고 / 알겠습니다. 세포의 구성요소에는 어떤 것이 있는지 알고 있으신가요? / 그 외는 기억이 나질 않으신가요? / 퓨아죄유 법칙에 대해 조사했다고 하는데 퓨아죄유 법칙이 무엇인가요? / 그러면 그게 미적분과 어떤 연관이 있죠? / 오일러 공식에 관해 조사하였다고 하는데 오일러 공식이 뭐죠? / 그럼, 벡터의 내적은 어떻게 구하죠? / 마지막으로 하고 싶은 말이 있으시다면 해주세요"
가천대학교,자유전공학부(자유전공),"앞으로의 학업 계획은 무엇인가요? / 왜 IoT 연구하고 싶은데 컴퓨터공학이 아니라 전자공학과에 가고 싶은가요? / 오일러 방정식이 무엇이고 어떻게 유도했나요? / 그렇다면 테일러 급수는 무엇인가요? / 분산이 무엇인가요? / 정규분포가 무엇인가요? / 신뢰도에 따른 신뢰 구간을 구할 때 신뢰 구간은 95%가 더 큰 가요 99%가 더 클까요? / 그 이유는 무엇인가요? / 독립 변인, 종속 변인, 변인 통제에 대해 말해주세요 / 마지막으로 하고 싶은 말"
가천대학교,자유전공학부(자유전공),면접 시간은 총 10분이고 시간이 거의 다 끝나갈 때 밖에서 노크 소리가 들릴 거니까 너무 놀라지 / 먼저 자유전공학부에 지원하셨는데 진학 후 구체적인 학업 계획에 대해서 말씀해 주세요. / 바이오나노학과와 미디어커뮤니케이션 학과의 연관성이 없는 것 같은데 복수 전공이나 부전공을 했 / 계면 공학에 대해 말하셨는데 계면 공학이 무엇인지 설명해 주세요. / 화학 시간에 몰 분율을 이해하고 정확히 계산했다고 나와 있는데 뭔지 설명해 주세요. / 그럼 미적분 시간에 약동학에 관해 탐구했다고 나와 있는데 탐구 내용을 설명해 주세요. / 생명과학 시간에 스테로이드 연고에 대한 보고서를 작성했다고 나와 있는데 어떤 보고서인지 말씀해 / 마지막으로 하고 싶은 말 있으세요?
가천대학교,자유전공학부(자유전공),"안녕하세요. / (뒤에서 노크 소리 들려도 당황하지 말고, 끝까지 말해라. 중간에 말 끊을 수도 있지만, 면접 시간 / 저희가 2학년 때 전공선택을 하는데, 현재로서 진학을 생각하고 있는 학과는 무엇인가요? / 그렇군요, 작품이라면 구체적으로 어떤 것을 만들고 싶은 겁니까? / 왜 게임이죠? (답변 부족) / 그럼 졸업 후 진로에 대해 생각해 보신 것이 있습니까? / 네, 알겠습니다. / 사회 문화 시간에 복지에 대해 많이 생각해 보신 것 같은데, 선택적 복지에 관해서 어떻게 생각하 / 선택적 복지라는 건 복지 혜택을 받아야 하는 사람을 선택해서 (개념 설명) / 경제 수학 시간에 sns의 (생기부 내용이었는데, 대충 유튜브 프리미엄 가격 인상에 관한 내용이었 / 네, 잘 들었습니다. 마지막으로 하시고 싶은 말씀 있으시면 해주시면 됩니다."
가천대학교,클라우드공학과,"네. 자리에 앉아주세요. / 일단 가천대학교에 지원해 주셔서 감사하고, (솔직히 잘 기억은 안 나지만 안내 사항 같은 거 이 / 네~ (옆 교수님께 눈길 주심) / 그럼, 이제 제가 질문하겠습니다. 3학년 데이터과학과 머신러닝 과목에서 의과대학 증원. 이 프로 / 음. (고개를 끄덕이시며) 그럼 회귀분석은 뭔가요? / (잠시 정적) 아, 네.. 그럼, 사이킷런의 Linear Regression은 어떻게 쓰이나요? / 그럼 회귀분석의 결정계수가 뭔지 아나요? / (고개 끄덕이시면서) 네. 3학년 기하 시간에 타원곡선 암호 ECC에 관해서 탐구한 바가 있는데 여 / 네, 맞아요. 그거 물어본 거예요. 대답 잘했네요. (교수님 쳐다보심) / 다음 질문할게요. 1학년 자율활동에 학생회 활동을 한 경험이 있는데 학생회 활동으로 무엇을 하 / (고개 끄덕이시고는) 지금 생활기록부를 보면 고등학교 내내 컴퓨터와 관련되어 한 활동들이 정 / 우리 클라우드공학과에 진학하게 되면 (10분 끝났다고 알리는 노크 들려옴) 진학하게 되면 3학년 / 네. 혹시 마지막으로 하고 싶은 말 있을까요?"
가천대학교,패션산업학과,"지원동기 얘기해주시겠어요? / 왜 패션머천다이저인지 (정확하게 기억 안 남) / 2학년 때 섬유에 관해서 공부한 것으로 보여요. 총보다 강한 실 도서를 읽었네요. 천연섬유와 합성 / 패션머천다이저로써 갖춰야 할 역량과 지원자의 역량과? 관련해 설명해 주세요. / 지원자분이 아까 자기소개하실 때 한국과 세계를 연결 짓고 싶다고 하셨는데, 3학년 때 한국 패션 / 2학년 행동 특성에 선생님께 예의를 갖춰 질문한다고 적혀있는데, 왜 그렇게 했고 이를 통해 배운 / 2학년 때 패션 동아리 부장이셨네요. 힘든 점은 없으셨나요? / (밖에서 똑똑 2번 하심) 마지막으로 하고 싶은 말 있으시면 짧고 간략하게 부탁드리겠습니다."
가천대학교,화공생명배터리공학부,"안녕하세요. 오는 길은 힘들지 않았나요? 지금 많이 긴장되나요? / 네 그럼 지금부터 시작하겠습니다. 자기소개 해 주세요. / 3학년 동아리로 ○○○동아리를 했는데 기억하나요? 동아리 시간에 에스터 향 관련 실험을 했던데, / 표면장력에서 표면장력이 잘 안되게 하려면 극성 분자랑 무극성 분자 중에 어떤 걸 넣어야 할까요? / 완충용액은 무엇인가요? / 완충용액을 할 때 넣을 용액으로 생각나는 것이 있나요? / 네 구연산도 가능합니다. 중화적정은 짝산과 짝염기로 진행되잖아요. 구연산은 짝산인가요? 짝염기인 / 중화적정은 무엇인가요? / 중화적정 실험은 어떻게 진행했어요? / 이것을 통해 분자량을 어떻게 구하나요? / 네 고민해 보세요) 부피를 이용해서. 죄송합니다. 정확히 떠오르 / 수산화나트륨 부피를 이용해서 몰수를 구할 수 있습니다. 그러면 다른 질문으로 다시 물어볼게요. 어 / 그렇다면 분자량이 높은 것과 낮은 것 중 어떤 것을 넣었을 때, 어는점 내림 차이가 크게 날까요? / 이제 시간이 다 지나서 여기서 마무리하겠습니다. 수고했어요. / 네 해보세요. / 네 수고하셨습니다."
가천대학교,회계세무학과,"입학 사정관, 면접관 2: 교수님 면접관 1: 안녕하세요, 가천대학교 회계 세무학과 면접에 오신 것을 축하합니다. 너무 긴장하지 마시고 시간 / 우리 학과에 지원한 동기에 대해서 설명해 주세요. / (꼬리질문) 회계사가 되어 기업의 재무적 불확실성을 해결한다고 했는데. 재무적 불확실성이 무엇 / 수학 과제 탐구에서 한계비용과 총비용을 이용해 미분했다고 했는데, 각 개념과 어떻게 미분했는 / 2학년 때 수학이 ##점이나 상승했다고 적혀있는데, 이렇게 상승할 수 있었던 이유가 무엇이라 생 / 선생님께 질문했다고 했는데 자세하게 예를 들자면 어떤 거에 대해 질문하셨나요? / 오, 함수의 미분이요? / 화법과 작문 시간에 ㅇㅇ건설의 워크아웃을 주제로 활동을 하셨는데, ㅇㅇ건설의 워크아웃이 왜 발 / 부동산 PF를 갚지 못해 워크아웃을 신청했다는 거죠? / 그러면 이 워크아웃으로 어떻게 구제해 줄 수 있나요? / 엔저 현상에 대해 많은 활동을 했는데 이 엔저 현상이 우리나라에 미치는 영향에 대해 설명해 주 / 1학년 행특을 보면 부반장의 역할을 열심히 했다고 하는 데 부반장으로써 중요하게 생각하는 거, / 네. 알겠습니다. 그럼, 시간 관계상 마지막으로 하실 말씀 있으면 하시고 마무리하겠습니다."
강남대학교,글로벌문화콘텐츠대학,긴장 안 해도 돼요.~ 우선 지원 동기부터 들어볼까요? / 그 스포츠 활동 중에 걷기가 있네요? / 빠른 콘텐츠 소비에 대한 문제점은 무엇이라고 생각하나요? / 출결에서 학년이 올라갈수록 많이 빠졌던데 이유가 있을까요? / 최근 OTT 사이에서 한류 예능을 만드는데 경쟁 관련 성향 예능 리얼리티가 인기가 있는 이유는 무 / 시간이 다 돼서 마지막으로 하고 싶은 말이 있을까요?
경기대학교,사회에너지시스템공학과,"면접 기다리느라 수고 많으셨습니다. (순서가 뒷번호였음) 편하게 질문에 대답해 주세요. / 출결에서 보면 많지는 않지만, 질병 지각과 조퇴가 있는데 왜 있었나요? / 봉사활동에서 어떤 활동이 가장 기억에 남았나요? / 근데 왜 2, 3학년에는 하지 않았나요? / 뭘, 후회까지 하나요? / 다른 과목에 비해 수학 성적이 낮은데 어떻게 공부했나요? / 네, 그러면 사피엔스 원서로 읽었다고 적혀있는데 어떻게 읽으셨나요? / 기억나는 내용 있나요? / 그건 총 균 쇠 내용 아닌가요? / 뭐. 사피엔스에도 이런 내용이 있었던 것 같네요. / 친환경 항공유 개념 설명해 주세요. (1학년 통합과학 생기부 내용) / 가장 인상 깊은 실험 말해 주세요. / 어떤 부분을 이끌었나요? / 우리 학과가 세분하게 나뉘어있는데 어떤 거에 관심이 있나요? / 마지막으로 하고 싶은 말해주세요."
경기대학교,수학과,"네, 오는 길은 괜찮았나요? / 수학과를 지원하게 된 지원동기를 말해주세요. / 그럼 수학과에 오기까지 본인이 한 노력이 무엇이 있나요? / 1학년 때 지각이랑 조퇴가 각각 한 번씩 있네요? 왜 한 건가요? / 본인은 수학 문제를 풀 때 어떻게 접근하나요? / 3년 동안 여러 봉사활동을 했던데 가장 기억에 남는 봉사활동이 있나요? / 1학년 땐 방송부를 했는데 2, 3학년 땐 다른 동아리를 했네요? 이유가 있나요? / 여기에‘멘티에게 교과의 흥미를 붙여줄 수 있는 역량을 키우고자 여러 활동에 자발적으로 참여함’ / 베르트랑의 역설은 무엇인가요? / 확률과 통계 과목에서‘초저출산율을 누적 출산율을 대입한 회귀모형, 연령별 출산율을 적용한 회귀 / 아 구체적으로 설명은 안 해도 되고 이 논문이 왜 확률과 통계 과목에서 쓰인 건가요? / ‘페르마의 마지막 정리’ 이거 정말 유명하죠. 이거에 관해 설명해 보겠어요? / 마지막으로 하고 싶은 말 있으면 해 주세요. / 네, 수고하셨습니다."
경기대학교,영어영문학과,"질문 시작하겠습니다. 생기부에 보니 영어 음성학과 관련된 내용이 많던데 이 중에 1학년 자율 활동 / 그렇군요, 그럼 voiceless stop에 관해서도 설명할 수 있나요? / 그렇다면 영어 문학과 영어 음성학 둘 중 어느 분야에 더 관심이 있나요? / 진로활동에 기억 스키마에 관한 내용도 있던데 설명해 줄 수 있나요? / 이제는 간단한 질문을 드릴 건데 모르면 모른다고 하셔도 좋습니다. 1~4차 산업혁명에 대해 말해볼 / 시간이 다 되어서 하고 싶은 말이 있다면 해주시겠습니까? / 네, 수고하셨습니다. 나가보셔도 됩니다"
단국대학교,건축학부,"3학년 심화 국어 시간에 공간이 사람의 경험에 미치는 영향에 관해 탐구했는데 사례 같은 것이 있 / 목재의 장점과 우리나라에서 목재가 환영받지 못하는 이유에 대해 말해주세요. / 한옥이 현대 건축물에 어떻게 적용될 수 있을까요? / 건축에도 다양한 분야가 있잖아요. 아직 구체적으로 정하지는 않았겠지만, 특별히 관심 있는 분야가 / 사회적 약자를 위한 건축물이라는 것이 무엇일까요? / 주변 건축물에서 약자를 위한 요소 중 이런 것을 좀 바꾸고 싶다거나 느낀 점 있으면 말해주세요. / 수고하셨습니다."
단국대학교,고분자시스템공학부,"AI를 이용한 단백질이 최근에 화제인데, 본인이 한 AI 진로 연계 활동에 관해 설명해 주세요. / AI가 고분자 공학에 사용된다면 어떤 이점이 있을까요? / 생분해성 플라스틱의 예시와 분해 과정을 설명해 주세요. / 생명 관련 활동이 많아 보이는데, 고분자 공학에 관련해서 읽은 책 하나 말씀해 주세요 / 갈등이 일어났을 때 본인의 역할은 주로 무엇이었나요? / 반장을 해보고 싶으셔서 한 것인가요? / 반장 하면 힘들지 않나요? 어떤 점이 힘든가요?"
단국대학교,토목환경공학과,"자리에 앉아주시면 됩니다. / 배 안 고파요? / 아이구 면접 빨리 끝내줘야겠네. / 생기부 기반으로 진행되는 거니까 부담 갖지 말고 편하게 답해주시면 됩니다. / 먼저 생기부를 보니까 3학년 때 반장을 하면서 리더 역할을 했는데 반장으로서 어떤 학급을 만들기 / 네~ 보니까 공부를 열심히 한 것 같아요. 생기부에 또래 멘토링 활동을 했다고 적혀있는데 친구에게 / 생기부를 보니까 도시공학에 관심이 있어 보이는데 관심을 갖게 된 계기가 특별히 있나요? / 우리 학과 홈페이지 들어가 봤나요? / 보면 4가지 분야. 구조공학, 지반공학, 수공학, 환경공학 이렇게 4가지가 있는데 알고 있나요? / 보니까 물리학Ⅰ은 수강을 했는데 물리학Ⅱ는 수강을 안 했네요? 이유가 있나요? / 디지털 트윈 시티에 관해 탐구한 활동이 있다고 하는데 무슨 활동이었는지 설명해 주세요. / 4D 프린팅 기술 관련해서 활동했는데 4D 프린팅이 무엇인지 설명해 주시고, 어떤 활동이었는지 설명 / ‘눈이 오면’부터 다시 말해주세요! 한 문장 정도요. / 네 이상으로 면접을 마칩니다. 수고하셨습니다."
명지대학교,법학과,"지원 동기 말씀해 주세요. / 성적 향상이 있으셨는데 비결이 있나요? / 인공지능에 관해서 탐구했었네요, 현재 인공지능에 대해서 어떻게 생각하세요? / 인공지능에 자유의지가 있을까요? / 그럼 인공지능은 공정한 판결이 가능할까요? / 함무라비 법률에 관해서 토론했었다고 했는데, 이것에 관해서 설명해 주세요. / 사회 시간에 징병제와 모병제에 관해서 탐구했었다고 했는데, 본인의 의견은 어떤지 말씀해 주세요. / 모병제의 단점 중 하나가 사회적 약자들이 모병제에 자원할 수밖에 없게 된다는 것인데 이에 대해 / 제2 외국어 중국어 시간에 홍콩에만 있는 특별한 법률에 관해서 탐구했었는데 이것에 관해서 설명해 / 노동법원 설치론에 관해서 탐구했었는데 혹시 어떤 의견이었나요? / 마지막으로 하고 싶은 말 있으면 해주세요."
신한대학교,경영대학(자율전공),네. 안녕하세요. 그럼 준비해 온 지원동기 말씀해 주세요. / 잘 들었습니다. 그럼 본인 진로와도 관련된 질문일 텐데 SNS 인플루언서의 마케팅 활동에 대한 장점 / 네. 수고하셨습니다. 나가셔도 좋아요.
아주대학교,건설시스템공학과,안녕하세요.~ 38번 학생 맞나요? / 편하게 앉으시고 손은 편하게 두시면 됩니다. / 네 우선 아주대학교 건설 시스템공학과에 지원해 주셔서 감사합니다. / (옆 면접관분께) 별로 긴장 안 한 것 같은데요? / 엄청 긴장해 보이는데요? / 자 그럼 먼저 아주대학교 건설 시스템공학과에 지원하게 된 동기를 말해주세요. / 보니까 터널에 관심이 많은 것 같아요. 그럼 혹시 몇 살 때부터 관심이 있었나요? / 네~ 혹시 그럼 터널에 사용되는 공법 중에서 아는 공법이 있을까요? / 그렇다면 TBM 공법이 무엇인지 설명해 주실 수 있나요? / 네 좋아요. 터널 말고도 건설 시스템공학과에서 다루는 것들이 무엇이 있을까요? / 혹시 또 다른 것 아는 것이 있나요? / 네~ 그렇다면 혹시 교량의 종류로 무엇이 있는지 설명해 줄 수 있나요? / 혹시 사장교가 무엇인지 설명해 줄 수 있나요? / 네 좋아요. 혹시 5년에서 10년 후 자신의 진로 계획이 있다면 무엇인지 말해주세요. / 이제 시간이 얼마 남지 않아서 생기부 질문을 드릴게요. 수학Ⅰ 시간에 삼각함수로 지점반력을 구하 / 이제 시간이 없어서 마지막으로 하고 싶은 말이 있다면 해주세요. / 네. 이상으로 마치겠습니다. 수고하셨습니다. / 수고하셨습니다.
아주대학교,건축학과,"선생님과 대화하는 것처럼 편하게 대화하면 됩니다. / 학교 처음 와보셨어요? / 학교 와보니까 어땠어요? / 오 기다리면서 축구 대회도 봤군요. / 많은 학과 중에 왜 이 학과를 지원했습니까? / 이 꿈을 고등학교 때 처음 가졌나요? / 동아리가 건축 관련된 동아리는 안 했는데 그런 동아리가 개설되지 않아서 그런 건가요? / 독일 바람길 사업은 2학년 때 한 탐구 활동인가요? / 그럼 동아리 활동 중에 이 분야와 가장 관련된 활동으로 포트홀 수리 로봇에 관해 탐구했는데 설명 / 이 로봇이 도시에 어떤 도움이 될 수 있나요? / 이 과에 와서 본인의 학습 계획을 말해주세요. / (이때까지 한 면접관님만 질문하심. 다른 면접관님에게 질문하시라고 하심) / 독일 슈투트가르트 바람길 사업은 어디서 알았나요? / (정확한 질문은 기억나지 않지만, 이 사업의 의의 비슷한 걸 물어보심) / (자연의 힘을 이용해 도시 문제를 해결한 사례라는 것에 동의한다는 듯이 말씀하심) / 본인이 이 학과에 적성이 있다고 생각한 계기를 말해주세요. / 본인이 나중에 하고 싶은 건축은 어떤 것입니까? (정확하지는 않지만, 미래 나의 목표에 관해 물어보 / (밖에 면접 도우미분이 시간이 다 되었다는 의미로 노크하심) 네 수고하셨고, 나중에 학교에서 만났"
아주대학교,건축학과,"네 앉아주세요. (앉음) 우선 아주대학교 건축학과에 지원해 주셔서 감사합니다(웃으면서). 건축학과 / 2학년, 3학년 때 건축 동아리 활동을 했는데 건축 동아리 이름 뜻이 뭔가요? / 3학년 때 동아리 활동에서 우리가 꿈꾸는 학교 건축물 만들어보기라는 활동을 했는데 사각형인 건물 / 그래서 원형 건물과 어떤 차이가 있나요? / 또 삼 학년 때 건축가 두 명의 특징에 대해 알아보았다고 적혀있는데 여기 문화적 맥락을 고려해서 / 행동 특성을 보면 자리 배치지기를 했다고 나와 있는데 이건 뭔가요? / 그동안 건축 관련 책도 많이 읽었는데 가장 기억에 남는 책이 있나요? / 마지막으로 하고 싶은 말 간단하게. (이미 시간이 지났는데도 물어봐 주심)"
아주대,금융공학과,"금융공학과가 다른 경제학이나 금융학과 다른 점은? / 금융공학과에 지원한 동기? / 블랙 숄즈 모형을 배웠다고 하는데 블랙 숄즈 모형이 무엇인지? / 그럼 블랙 숄즈 모형에는 어떤 변인이 있나요? / 프로그래밍 관련 질문 (기억은 안 나지만 생기부에 존재하는 내용을 토대로 질문, 질문이 생각보다 / 입학한다면 어떻게 할 것인지, 졸업 후 목표는 어떻게 되는지? / 그럼 학교 커리큘럼에서 주로 배워보고 싶었던 것은? / 동아리에서 부회장을 하기도 했고 펀드를 운용하려면 리더십이 필요할 텐데 리더를 할 때 가장 중요 / 생기부에 동전 던지기 관련 탐구가 있는데 이게 무엇인가요? / 마지막으로 할 말이 있다면?"
아주대학교,기계공학과,"우리 학과에 지원하게 된 동기는 무엇인가요? / 학생의 생기부를 보니 원자력에 관심이 많은 학생인 것 같습니다. 원자력 발전에 흥미를 느끼게 된 / 원자력 발전에서 우라늄을 사용하는 이유가 있습니까? / 발전 원리를 열의 이동과 관련하여 설명할 수 있나요? / 생기부를 보니 제염 과정을 조사했다고 나와 있는데요, 제염 과정이 무엇인가요? / 원전 해체에서 제염 과정이 필요한 이유는 무엇인가요? / 시간이 다 됐네요. 지원자의 면접 내용을 보니 우리 학교에 잘 오신 것 같다는 생각이 듭니다. 수고"
아주대학교,미래모빌리티공학과,"아주대학교 모빌리티공학과에 지원하게 된 동기는? / 세특 내용 중 경사하강법에 대해 작성했는데, 경사하강법의 정의는? / 고등학교 3년 동안 친구들과의 협동이나 리더쉽을 드러낸 상황"
아주대학교,불어불문학과,"마지막 순서네요, 기다리느라 수고 많았어요. 가장 중요한 건 긴장하지 않는 거니까 긴장하지 말고 / 그럼 먼저 지원동기부터 이야기해 주세요. / 그럼 이민정책연구원이 하고 싶은 건가요? / 한마디로 표현하긴 어렵겠지만 프랑스의 이민정책은 한 마디로 뭐라고 정의할 수 있을까요? / 그럼 프랑스의 이민정책이 영국, 독일과 다른 점이 뭐라고 생각해요? / 한국의 정책은 어디에 더 가까운가요? / 프랑스 이민정책연구원이라는 직업이 너무 한정적 아닌가요? / 생기부에 과학과 관련된 내용이 많네요, 2학년 때 진로를 변경한 것 같은데 진로를 변경하게 된 계 / 네, 알겠습니다. 아까 학교에 와서 어떻게 학습하고 싶은지 아주 잘 이야기해 주었는데요, 혹시 가장 / 마지막으로 하고 싶은 말 해 주세요."
아주대학교,산업공학과,"자기소개 한 번? / 정보보안에 대해 탐구활동을 하였던데 어떻게 진행? / 깊이 우선 탐색, 너비 우선 탐색, 이진 탐색에 관하여 각각 탐구한 기록이 있는데 설명 가능? / 최적화 함수를 통해 의료자원 분배에 대한 탐구활동 설명 가능? / 인공지능 기초 과목을 들으면서 보스턴 집값 예측하기 예제를 해결하였다 했는데 방법과 관계는? / SDGs에 관해 나라별로 선형회귀를 통해 시각화했던 활동 어떻게 진행? 그다음 느낀 점? / 시간이 다 지나서 마지막으로 할 말?"
아주대학교,의학과,안녕하세요? 제시문 잘 읽으셨죠? 제시문에 자율주행 자동차와 관련된 내용이 있었는데요. 자율주행 / 요즘 다양한 분야가 개척되면서 우주여행 등 다양한 신기술이 나오고 있습니다. 이러한 기술적인 부 / 세상을 살아가다 보면 다양한 상황과 다양한 규칙을 맞이하셨을 것입니다. 위 사례와 같이 현행하고 있는 규칙과 변화하는 사회가 맞지 않았던 경험과 이를 해결하기 위해 한 행동을 말해주세요.
아주대학교,전자공학과,너무 긴장하지 마시고 편하게 답변하세요. / 지원하게 된 동기가 무엇인가요? / 그럼 아주대학교 홈페이지에 들어가 본 적 있나요? / 그럼 커리큘럼을 한 번 훑어본 적 있나요? 기억나는 과목 있나요? / 동아리 시간에 만든 게임은 어떤 프로그램을 사용했나요? / Python을 사용했던 활동은 없나요? / 수학이나 과학 중에 가장 자신 있는 과목은 무엇인가요? / 해당 과목에서 배운 내용 중 실제로 적용해 본 개념이 있나요? / 확률과 통계 과목의 성적 상승이 눈에 띄는데 어떤 방식으로 공부했나요? / DRAM은 무엇의 약자인가요? / Random access memory죠? DRAM에 대해 설명해 보세요. / 잘 알고 있네요. 마지막으로 할 말 있나요? / 수고하셨습니다. 나가보세요.
아주대학교,지능형반도체공학과,"어제 잠 잘 잤어요? 긴장 많이 되시죠? / 우리 학과가 굉장히 좁은 분야로 특정되어 있는데 지원하게 된 이유에 대해 말해보세요. / PID, MOS 센서에 관해 탐구하였는데 작동 원리를 설명해 보세요. / 네. 테일러급수에 관해 설명해 보세요. / 예 맞아요. 그럼, 테일러급수 간단한 거라도 괜찮으니 하나만 말해보실래요? / 무선충전기를 만들었다고 되어 있는데 이때 쓰이는 전자기유도 법칙에서 코일이 있고 자석이 있을 / 그러면 코일과 자석 사이에 저항체가 있으면 흘러요? 안 흘러요? / 전력을 구할 때 옴의 법칙 알아요? 전압이 증가하면 전류가 어떻게 되나요? / 그래요? 아까 그 MOS 센서에서 트랜지스터가 들어갈까요? / 학생의 성적 추세가 하락하는 것 같은 데, 그 이유에 대해 말해보세요. / 네 3학년 성적이요. / ACE 전형에서는 사회에 봉사하고 헌신하는 것을 중요하게 여기는데 학생은 봉사 시간이 적어요. 이 / 이제 시간이 다 되어서 수고하셨습니다."
아주대학교,첨단바이오융합대학,"먼저 지원동기부터 말해볼까요? / 네. 학교에서 실험하는 게 쉽지 않은데 실험을 많이 했더라고요. 천연 지혈제 탐구와 탄닌 추출 실험 / 그 갑오징어 뼈로 어떤 걸, 어떻게 했나요? / 그렇군요. 보니까 동아리 활동을 다양하게 하셨던데, 1학년 때 동아리 부반장을 맡기도 했고, 뭔가 / 네, 그러면 좋을 것 같아요. / (옆 다른 면접관분한테 넘기심) 아까 보니까 뭐 다른 걸 얘기하고 싶어 한 것 같은데 말해볼까요? / 네, 보니까 봉사활동 시간이 많아요. 특별히 기억에 남는 게 있을까요? / 아 네, 해보세요. / 네, 보니까 생활과 과학 시간에 리포솜을 이용한 약물 전달 방법에 관해 탐구했던데, 다른 약물 투여 / 네, 그리고 후생 유전학에 관심이 많은 것 같던데 후생 유전학에 관해 설명해 줄 수 있나요? / (처음 면접관분께 넘어감) 음 보니까 살충제에 관해 탐구했었던 것 같아요. 그렇죠? / 혹시 살충제가 벌레를 죽이는 원리에 대해서도 알고 있을까요? / 그렇군요. 이제 얼마 안 남았는데 마지막으로 할 말해주세요"
아주대학교,첨단바이오융합대학,"아침부터 여기까지 오느라 피곤하진 않으세요? / 시작하기 전에 심호흡 한번 하고 시작할까요? / 이제 시작하겠습니다, 여기 생기부를 보면 공동 교육 과정을 이수하셨네요? / 공동 교육 과정은 왜 수강하게 된 건가요? / 그렇다면 공동 교육과정을 수강하며 학업 외에 배운 점이 있을까요? / 여기 보니 2년간 학생부에서 총무 역할을 맡았던데 그 이유가 있을까요? / 그렇다면 총무로 활동하며 가장 기억에 남았던 활동이 있을까요? / 3학년 생기부에 보면 이기적유전자라는 책을 읽었다고 되어 있는데 다 읽었나요? / 그렇다면 윌슨의 사회생물학과 함께 이 책을 읽으며 탐구했다고 하는 데 느낀 점이 있었나요? / 그렇다면 이기적유전자에서 저자는 왜 책 이름을 이기적이라고 지었을 것 같나요? / 지원동기에서도 말씀하셨다시피 방사선에 관하여 탐구를 많이 하였던데 방사선이 내분비계에 미치는 / 마지막으로 하실 말씀 있으신가요?"
아주대학교,첨단바이오융합대학,"긴장 풀고, 심호흡 한번 같이하고 시작할까요? 지원해 주셔서 감사합니다. / 우선, 우리 학교에 지원하게 된 동기와 간단한 자기소개 먼저 들어볼게요. / 학생이 수강한 선택과목을 보니까 물리학이나 지구과학을 수강하지 않았던데, 혹시 이유가 있나요? / 다른 친구들과는 다르게 생기부에 플라스미드라고 있던데 3학년 생명과학Ⅱ 전기영동 부분에 있어요. / 약물 전달 시스템에 관해 설명해 주세요. / 생기부 보니까 3년 개근이더라고요. 질병 결석이나 조퇴로 쉬고 싶은 마음도 있었을 텐데, 개근을 한 / 봉사부 차장, 학급 반장, 부반장 등 리더 역할을 정말 많이 수행했더라고요. 혹시 대표로 활동하면서 / 그럼, 만약에 실험 물품이 깨지는 등의 사고가 발생해서 실험 활동 진행에 어려움을 겪었을 땐 어떻 / 벌써 10분이 다 되어가요. 마지막으로 하고 싶은 말 자유롭게 해주세요. / 지금까지 답변 잘 들었습니다."
아주대학교,프런티어과학학부,"지원동기 먼저 말해 볼래요? / 모포나비 특성을 활용한 필름으로 에너지 절약이 가능하다고 하는데 그 원리가 뭔지 설명할 수 있나 / 광결정 구조에 관해 설명할 수 있나요? / 물리와 화학에 관심이 많다고 했는데 그럼 화학 과목을 좋아하겠네요? / 화학이 왜 좋아요? / 화학 과목에서 배웠던 개념을 일상생활에 적용할 수 있나요? / 그래핀에 관한 내용에 대해 많이 탐구한 것 같은데, 그래핀이 뭔가요? / 왜 열과 전기 전도성이 우수한가요? / 강도가 강하다고 했는데 그럼 그래핀을 수백 개 이상 합치면 강도가 더 강하겠네요? / 그러면 수백 개 이상 합친 그래핀을 뭐라고 부르는지 아나요? / 물리Ⅰ 과목은 인원수가 적어서 등급이 안 나온 거겠죠? / 고급물리학 과목도 수강했네요. 고급물리학에서 가장 기억에 남은 게 뭔가요? / 여기 빛의 회절 간섭 실험을 통해 머리카락의 굵기를 측정해 보았다고 하는데 이거 설명 좀 해줄 수 / 머리카락의 굵기는 어떻게 측정했나요? / 그럼 머리카락의 굵기는 어느 정도 될 것 같아요? / 그냥 물어보는 거니까 아무렇게나 편하게 대답해도 돼요. / 물리Ⅰ 과목에서는 가장 기억에 남는 것이 있을까요? / 더 얘기를 나누어 보고 싶은데 시간이 다 되어서 마지막으로 하고 싶은 말 있을까요?"
아주대,프런티어과학학부,"지원동기 말씀해 주세요. / 물리에 더 관심이 많은 것 같고, 보통 한 과목만 하려고 하는데 왜 화학도 같이 전공하고 싶은가요? / 물리에 관심이 더 많은 것 같아요. 물리에 관심을 가지게 된 계기가 있나요? / 타 과목에 비해 영어 성적이 높아요. 이유가 있을까요? / 영어를 모국어로 만들고 싶다는 생각을 왜 하게 되었나요? / 진자 파도 실험 잘 이해가 안 돼요. 어떤 실험인가요? / 진자 파도 실험을 32회나 실시한 이유가 무엇인가요? / 진자 파도 실험 중에 어떤 오류가 있었나요, 그리고 진자들이 서로 어떻게 영향을 줄 수 있나요? / 영상 촬영도 해야 했을 것 같아요. 영상 촬영은 진행했나요? / 봉사활동 시간이 많던데 수업에 영향을 미쳐 방해가 되지는 않았나요? 그리고 봉사활동 중 어떤 것 / 멘토링 활동이군요. 물리 멘토링을 위해 어떤 노력을 기울였나요? / 고등학교 활동 중 기억에 남는 것이 있다면 말씀해 주세요. / 구리 선과 에나멜선이 어떤 차이가 있는 것이고, 왜 그런 생각을 했나요? / 에나멜선을 구리 선으로 교체하겠다고 생각했을 때 혹시 다른 무언가를 발견했는지 궁금했는데 전자 / 마지막으로 다하지 못한 말이 있으면 해주세요."
아주대학교,환경안전공학과,"안녕하세요. 가번호 ○○번 맞으시죠? 면접은 총 9분 진행할 예정이고, 질문은 번갈아 가면서 질문 / 아주대에 지원하게 된 지원동기와 왜 우리 학과에 지원하게 되었나요? / 우리 학과를 졸업한 후에 진로 계획에 대해 있으면 말해주세요. / 이송확산 방정식에 관해 탐구했는데 설명해 주세요. / 환경에 대해 동아리 시간에 대기오염 농도를 측정하는 실험을 진행했는데 실험을 진행하면서 어 / 다양한 봉사활동을 했던데 가장 기억에 남는 봉사활동에 대해 말해주세요. / 살충제나 생물학적 방제법에 관해서도 탐구를 진행했던데 탐구 내용에 관해 설명해 주세요. / 시간이 30초 정도 남았는데 마지막으로 하고 싶은 말을 해보세요."
을지대학교,의료경영학과,"안녕하세요. / (웃으시면서) 네~블라인드 면접이기 때문에 학생 개인정보와 관련하여 학생 재학 중인 학교나 선생님 / (남자 면접관이 먼저 질문하심) 인성 관련 질문 먼저 하겠습니다. 2학년 인성 관련 부분에서 학교에 / 학교에 미리 나와서 청소를 한 건가요? / 네. 인성 부분 관련 질문 하나 더 하겠습니다. 실질적인 반장과 부반장 역할을 할 수 없는 상황에서 / 친구에게 솔직하게 말한 뒤에 친구가 학교에 잘 나왔나요? / (여자면접관) 네. 들으면서 그때 힘들었던 게 눈에 막 그려지네요. 그럼, 이제 창의적 활동 질문 관련 / 의료경영학과에 대해 많이 공부한 것 같아요. 의료경영학과에서 배우고 싶은 것이 있나요? / 네. 마지막으로 면접 다 하고 난 뒤에 이 말을 못해서 아쉽다! 라고 생각할 만한 거 딱 한 가지만 30 / 네. 나가셔도 좋습니다."
인천대학교,경영학부,"너무 긴장하지 말고, 열심히 써 둔 생기부 기반으로 질문할 거니까 편안하게 대답해 주세요. / 우선 경영학부에 지원하게 된 동기가 있을까요? / 학생회장이나 동아리 부장 등 여러 개를 한 것 같은데 리더가 뭐라고 생각하고 리더로서 어려움을 / 수학Ⅱ 시간에 빅데이터와 관련하여 활동했다고 적혀있네요. 빅데이터가 무엇이고 빅데이터와 경영과 / 동아리 시간에 천연 에너지 음료에 대해 구체화했다고 하는 데 구체화하는 과정에 대해 자세히 설명 / 노이즈 마케팅 사례에 관해 탐구했다고 하는데 어떤 브랜드의 사례인지 구체적으로 설명해 주세요. / 마지막으로 할 말 있나요?"
인천대학교,경영학부,경영학과에 지원하게 된 동기와 학업 계획에 대해 말해보세요. / 데이터 분석에 관심이 많은 건가요? / 감마분포를 이용하여 활동했다고 나오는데 설명해 주실래요? / 역시 수학을 좋아하시나 보네요. / 리더쉽을 발휘한 활동이 있는지 말해보실래요? / 어떤 부분에서 리더쉽을 발휘했나요? / 이타적 유전자라는 책을 읽었다고 나오는데 어떤 책인가요? / 탄력성에 관해 탐구했다는데 이에 대해 설명해 주실래요? / 마지막으로 하고 싶은 말 있으면 하실래요?
인천대학교,수학교육과,"오늘 아침 언제 왔어요? / 오 저보다 일찍 오셨네요. 먼저 자기소개 해주세요. / (면접관 2 에게) 혹시 하시고 싶은 질문 있으세요? / (면접관 1 에게) 아 제가 할까요? (나에게) 저는 논리적인 답변을 받고 싶네요. 요새 A I교육 기술 / 그러면 교사들의 할 일이 없어지지 않을까요? / 저는 아까도 말씀드렸지만, 논리적인 답변을 원해요. 학생의 논리를 살펴보고 싶습니다. 혹시 수학 / 자세히 어떤 현상이요? / 그래서 어떤 현상이요? (이때 면접관의 질문 의도를 이해하고 생기부와 엮어 답변 시작함) / 수학 시간에 오일러 등식을 유도한 과정을 명쾌하게 발표했다고 했는데, 어떤 식으로 유도했는지 / 몫의 미분법으로요? 어떻게요? / 어. / (면접관 2에게) 혹시 더 물어보실 것 있으세요? / 마지막으로 하고 싶은 말 있어요?"
인천대학교,수학교육과,"오늘 아침 언제 왔어요? / 오 저보다 일찍 오셨네요. 먼저 자기소개 해주세요. / (면접관 2 에게) 혹시 하시고 싶은 질문 있으세요? / (면접관 1 에게) 아. 제가 할까요? (나에게) 저는 논리적인 답변을 받고 싶네요. 요새 AI 교육 기술 / 그러면 교사들의 할 일이 없어지지 않을까요? / 저는 아까도 말씀드렸지만, 논리적인 답변을 원해요. 학생의 논리를 살펴보고 싶습니다. 혹시 수학 / 자세히 어떤 현상이요? / 그래서 어떤 현상이요? (이때 면접관의 질문 의도를 이해하고 생기부와 엮어 답변 시작함) / 수학 시간에 오일러 등식을 유도한 과정을 명쾌하게 발표했다고 했는데, 어떤 식으로 유도했는지 / 몫의 미분법으로요? 어떻게요? / 어. / (면접관 2에) 혹시 더 물어보실 것 있으세요? / 마지막으로 하고 싶은 말 있어요?"
인천대학교,창의인재개발학과,"일단 우리 학교에 지원해 주셔서 감사합니다. / (웃음) 그럼, 이제 슬슬 질문 시작할게요. 생활기록부를 보면, 대부분 PD나 미디어 계열을 희망하는 / 그렇군요. 1학년 정보과학 시간에 메타버스에 관한 보고서를 썼네요. 메타버스의 의미와 교육에 활용 / 1학년과 2학년 때, 인사이드 아웃이라는 심리 동아리에서 활동하며 심리 기법에 대해 활동했네요. 그 / 그럼 교육에 부정적인 학생이 있다면 어떻게 대처할 건가요? / 마지막으로 하고 싶은 말이 있을까요? / (두 분 모두 웃으심) 네, 안녕히 가세요."
인하대학교,간호학과,"안녕하세요. 여기까지 오느라 고생 많았어요. 긴장되진 않아요? / 괜찮아요. 너무 긴장하지 말고 그냥 편하게 내 얘기 한다고 생각하고 이야기하면 돼요. / 그럼 지금부터 질문 시작할게요. 항원 항체 반응에 관해서 설명해 줄 수 있어요? / 음. 항원이랑 항체가 어떻게 반응하는지 설명해 줄 수 있어요? / 약물의 반감기에 관해서 이야기해 줄래요? / 자가 염증 치료제에 관해서 탐구를 진행하였다고 하는데 왜 이 주제로 탐구를 진행했나요? / 바이러스유사입자 백신에 관해서 탐구를 진행했다고 하는데 탐구 과정 중에서 어떤 점이 인상 깊었 / 2학년 화학 시간에 아드레날린 합성 과정을 조사했다고 나와 있는데, 조사 내용 중에 기억나는 것 / 1학년 때 담임 선생님께서 우리 반의 빛과 소금이라고 생기부에 적어주셨는데, 어떤 부분에서 본인이 / 2학년 때 선생님께서 적극적으로 아이디어를 제안하여 민주적인 학급 문화 형성에 기여했다고 적어 / 간호사에게 가장 필요한 능력이 뭐라고 생각하나요? / 간호학에 관심을 가지게 된 계기가 뭐예요? / 마지막으로 하고 싶은 말 있나요? / 네. 수고하셨어요. 나가시면 됩니다."
인하대학교,간호학과,떨리시죠? (잘 기억 안 나는데 긴장 풀어주는 식으로 얘기함.) / AED 사용법과 심폐소생술의 관련 자격증인 BLS와 KALS을 취득할 수 있는 기본 조건 및 방법에 대 / 화학Ⅱ 시간에 르샤틀리에 원리에 대해 학습하고 이것이 생명체의 항상성과 유사함을 언급했다 나와 / 이번에도 화학Ⅱ인데요. 미카엘리스 멘텐 방정식에서 저해제 유형에 따른 분석을 했다고 하는데 설 / 지구과학Ⅰ 시간에 기후변화로 인한 전염병 발생과 간호사의 역할에 관해 탐구했다고 되어있습니다. / (밖에서 똑똑함) 벌써 시간이 다 되었네요. 여기서 끝내야 할 것 같습니다. 수고하셨습니다.
인하대학교,고분자공학과,기억에 남는 동아리 활동에 대해서 알려주세요. / 국소 평면 플라즈마 공명 현상이란 무엇인가요? / (토론의 주제에 관한 질문) / 남에게 도움을 줬던 활동이 있다면 하나 말씀해 주세요. / 좋습니다. 이제 시간이 다 되어서 나가주세요.
인하대학교,기계공학과,"밥은 먹고 왔어요? (시간이 점심시간 이후였음, 아이스브레이킹) / 그럼 이제부터 질문 시작하겠습니다 (타이머 누르심). 자기소개 및 지원동기 간단하게 말해주세요. / 미적분에서 실생활에 적분이 활용된다는 것에 대해 알아보았는데, 어떤 것들이 있었는지 말해주세요. / 물리학Ⅰ에서 파동에 대해 학습한 후, 파동의 특징에 대해 알아보았다고 했는데 간섭과 회절이 무엇 / 회절은 물체에 대해 휘어져 나간다고 했는데, 휘어져 나가지 않을 수도 있나요? / 고급 물리학에서 마찰력을 로봇 분야와 연관 지어 탐구했다고 쓰여있는데 이 내용에 대해 말해주세요. / 물리학Ⅱ에서 에너지 하베스팅에 관해 탐구했는데, 에너지 하베스팅에 대해 아는 만큼 설명해 주세요. / 단진동 주기 측정 실험에 대해 본인이 알고 있는 만큼만 설명해 주세요. / 학생부에 리더십이 뛰어나다는 이야기가 많이 있는데 본인이 생각하는 리더십은 뭐라고 생각해요? / 이제 퇴장해 주시면 됩니다. 수고 많았어요."
인하대학교,문화콘텐츠문화경영학과,"학생부 기반 내용으로 질문할 거니까 너무 긴장하지 말고, 대답하면 됩니다. / 생기부 보니까 3년 내내 학급 임원을 했네요. 학급 임원 하면서 가장 기억에 남는 일이 있다면 말해 / 학급 임원 하면서 특별히 어려웠던 점이 있다면 무엇이고 이를 어떻게 극복해 나갔는지도 말해봅시 / 동아리 활동 내용을 보니까 사이버폭력 예방 영상광고를 만들었다고 하는 데 본인의 역할이 무엇이 / 텍스트힙 활용 광고도 제작했네요. 여기서 본인의 역할과 가장 기억에 남는 것은 무엇인가요? / 1학년 진로 시간에 기업가 정신 프로젝트를 했다고 하는데, 여기서 구체적으로 어떤 활동을 한 건가 / 근데 커뮤니티 앱 제작이랑 기업가정신이랑 무슨 연관이 있죠? / 여기서 UI 디자인을 했다고 하는데, 구체적으로 어떤 디자인을 한 건가요? / 그거 두 개만 디자인한 건가요? / 네 알겠습니다. 시간이 다 되어서 나가주시면 됩니다."
인하대학교,반도체시스템공학과,"지원동기에 대해 말해주세요. / 생기부의 베이즈 정리와 조건부 확률에 관한 얘기가 있던데 이에 대해 설명해 주시겠어요? / 혼자 공부하는 컴퓨터 구조와 운영체제라는 책을 읽었다고 나오는데 무슨 내용이었나요? / 생기부에 편미분 관련된 얘기가 나오는데 이게 무슨 내용인가요? / 그럼, 그 파이썬은 학교에서 배우신 건가요? (꼬리 질문) / 생기부에 임베딩과 관련된 내용이 있는데 이에 대해 설명해 주시겠어요? / 예 시간이 다 되어서 혹시 마지막으로 하고 싶은 말 있나요?"
인하대학교,사회인프라공학과,"가번호 19XX36 맞으시죠? / 네. 질문 시작하겠습니다. (7분 타이머 시작) ‘진동해석을 이용한 구조물 상태 진단’이라는 주제로 / 네. 아까 뭐 폭우나 이런 것처럼 토목공학 쪽으로 많이 탐구하셨는데 사회 인프라 공학과에 지원하 / 네. 1학년 수학 시간에 복소수에 관해 탐구하셨는데, 이게 1학년한테는 어려울 수 있는데 이것에 관 / 2학년 수학 시간에 벡터의 내적, 함수의 내적, 리만적분, 직교성, 오일러 공식 등 고등학생치고는 수 / 기하 시간에 이차곡선을 이용한 문제 만들기에서 남들과는 다른 창의적인 풀이를 하셨다고 나와 있 / 어떤 활동이었는지 말씀해 주시겠어요? / 아? 네 (말도 안 되는 답변이라 살짝 웃으심) 학교 정문 구조. (7분 타이머 울림) 그럼 이쯤에서 마무 / 그냥 하셔도 될 거 같아요. / 그럼, 이 질문으로 마무리하겠습니다. 학교 정문 구조의 지진 안전성에 의문을 가지고 이것에 관해 / 네. 끝났습니다. 이제 나가셔도 됩니다."
인하대학교,생명공학과,"박테리오파지에 관해 설명해 주세요. / 박테리오파지가 사용된 사례를 한 가지만 말해볼까요? / 미생물 발효를 이용한 수소 생산 기술에 대해 발표했다고 하는데, 상용화에 제한적이라고 되어 있어 / 수학 교과와 관련된 탐구활동을 많이 한 것 같은데요, 미적분 시간에 진행한 ‘미생물 사멸 효과 예 / 2학년 때 선생님들께서, 특히 동아리 담당 선생님께서 상당히 좋은 평가를 해주신 것 같은데 그 이 / 수업량 유연화 주간에‘플라즈마를 이용한 미생물의 폐플라스틱 분해’를 탐구했다고 하는데 미생 / 고급 생명과학을 수강하면서 제한효소와 전기영동의 원리에 대해 이해했다고 하는데 전기영동의 원 / 시간이 거의 다 되어서 마지막으로 하고 싶은 말이 있으면 간략하게 해주세요. / 수고하셨습니다."
인하대학교 생명공학과 학생부종합 인하미래인재,ㅜ,"생기부를 보면 바이오 의약품에 대해서 많이 탐구한 것 같아요. 바이오 의약품과 화학 의약품의 차 / 네, 그리고 여기 바이오 의약품의 공정 과정에 대해서 친구들에게 발표하여 설명해 주었다고 나와 / 여기 영어 시간에 암세포 검사법에 관한 강의를 들었다고 나와 있는데 자세히 설명해 줄 수 있어요? / 그 분자가 정확히 무엇인지 알 수 있을까요? / 여기 생명과학 시간에 오토파지에 대해서 학습했다고 나와 있는데 오토파지에 관해서 설명해 줄 수 있 / 그렇다면 여기에 오토파지와 암세포의 관계를, 도표를 통해서 설명했다고 나와 있는데 설명해 줄 수 / 확률과 통계 시간에 6 시그마, QbD 관리법에 대해 학습했다고 나와 있는데 설명해 줄 수 있나요? / 네, 그러면 ANOVA 분산 관리법에 관해서 설명해 주실 수 있나요? / 여기 진로 시간에 웨어러블 기기에 대한 의학적 접근에 대해 보고서를 작성했다고 나와 있는데 어떠 / (저게 무슨 말이지 라는 표정으로 날 쳐다봄) 네, 알겠습니다. / 여기 보면 동아리 시간에 후배들을 격려하고 이끌었다는 내용이 있는데 후배들을 위로하는 본인만의 / 인하대 생명공학과에 온 이유가 무엇인가요? / 생명과학 시간에 바르부르크 효과에 대해서 학습했다고 나와 있는데, 이를 암세포와 관련하여 설명 / 시간이 다 끝나서 이제 마지막으로 한마디 하시면 됩니다."
인하대학교,수학과,"7분 시간 재고 진행할 거고, 심호흡 한번 하고 시작할게요. / (타이머 누르심.) 진로에 회계사에게 관심이 있다고 했는데 왜 회계사를 진로로 생각하고 있나요? / 네. 그러면 생기부에, 등비급수에 관한 내용이 있는데 등비급수의 수렴과 발산에 대해 말해주세요. / 그럼 등비급수가 수렴하면 등비수열도 수렴할까요? / 무한급수와 교대조화급수에 관해 탐구했다고 했는데 설명해 보세요. / 이차곡선에 관한 내용이 있는데 이차곡선의 종류가 뭐가 있죠? / 한번 설명해 주세요. 그림으로 그려서 설명해도 됩니다. / 원뿔을 이용해서 포물선, 타원, 쌍곡선을 만들 수 있는데 한번 설명해 보세요. / (시간이 오래 걸리자 넘어감) 그럼 이차곡선의 실생활 활용 사례를 조사했다고 했는데 어떤 사례가 / 미분의 기하학적 의미를 활용한 디자인을 했다는데 어떻게 했나요? / 그게 미분의 기하학적 의미와 무슨 관련이 있죠. / 네, 이제 나가보세요."
인하대학교,이차전지융합학과,너무 긴장하신 거 같은데 스트레칭하시면서 긴장 좀 풀고 계세요. / 지원동기에 대해서 말해주세요. / 전기 자동차의 급속충전과 완속 충전에 관해서 탐구한 내용이 있습니다. 자세한 원리에 관해서 설명 / 그러면 급속충전과 완속 충전의 충전 시간은 어느 정도인가요? / 인공위성의 탈출 속도에 관해서 탐구하고 발표해 폭발적인 반응을 얻었다고 했는데 어떤 조건을 고 / 그러면 프로그램을 직접 제작해서 발표했나요? / 화학Ⅱ 과목 말고 지구과학Ⅱ 과목을 선택한 이유에 대해 말해주세요. / 화학 시간에 반도체에 실리콘 대신 저마늄과 탄소를 사용할 수 없는 이유에 대해서 말해주세요. / 마지막으로 하고 싶은 말 해주세요.
인하대학교,전기전자공학부,"고급 물리학에서 무선 충전에 관하여 탐구하면서 Q factor, 결합계수 등에 대해 알아본 것 같은데 이 / 빛의 입자성을 나타내는 실험에는 무엇이 있는지 혹시 알고 있나요?"
인하대학교,조선해양공학과,"안녕하세요. 자리에 앉아주세요. / 3학년 진로활동 중에 미적분과 선박에 대해 탐구하셨는데, 더 구체적으로 설명 가능 할까요? / 다른 과목에 비해 영어 실력이 월등한데 이유가 있을까요? / 1학년 통합과학 시간 때 ‘항해사가 바다에서 쓰나미를 만났을 때 벗어나는 방법’에 대해 탐구했는 / 스털링 엔진에 관해 설명해 주세요. / 3년 동안 반장을 하며 어려웠던 상황은 무엇이었고 어떻게 극복하였나요? / 학과의 지원 동기와 앞으로의 계획에 대해 말해주세요. / 마지막으로 하고 싶은 말 있을까요? / 다른 친구들은 미래에 자율 운항 분야로 많이 빠지는데 본인은 함정 개발에 힘쓰실 건가요? / 네 면접 끝났습니다. 수고하셨습니다."
인하대학교,중국학과,바로 시작할게요. 생기부에 옥시덴탈리즘 활동이 무슨 내용인지 설명해보세요. / 예전에 공부한거라 기억할라나 모르겠는데 한국사에 성리학 관련 탐구한건 어떤거에요? 성리학이 뭔 / 네 그러면 동아리에 있는 삼체는 어디서 본거에요? / 삼체 인상적이였던 부분이 있나요? / 신문화 운동? 루쉰 광인일기 말하는 것 같은데 줄거리랑 느낀점 말해보세요. / 옥시덴탈리즘은 어디서 알게 되었어요? 쉬운 주제가 아닌데 / 오빠는 뭐 대학생이에요? 어디과? / 광인일기는 누가 추천했어요? / 동아시아사 선생님이 좀 요즘 사람이신가보네. 삼체도 그렇고 광인일기도 그렇고 / 이제 가봐도 되요.
인하대학교,첨단바이오의약학과,"긴장한 것 같은데 긴장 풀고, 자기소개랑 우리 인하대학교에 지원하게 된 동기 말씀해주세요. / 아까 자기소개 때 압타머에 대해서 조사했다고 말씀하셨는데, 2학년 동아리에서 발표활동 했던 것 / 압타머는 어떤 물질이지? / 아니아니, 그래서 어떤 물질이냐고 / 어 그치. 맞아 맞아. / 2학년 행특에 보니까 선생님께서 학생을 팔방미인이라고 표현했는데, 어떤 모습을 보고 이렇게 생각 / 1학년 통합과학 때, 유전자 백신에 대햇 발표했던데 어떤 원리가 이용되는지랑 백신들에 대해서 설명 / 이 정도면 잘 알고 있는 것 같아! / 3학년 진로시간에 알지네이트 비드 실험을 진행하고, ADC 항암제 관련해서 이게 뭔지랑 어떻게 작용 / 2학년, 3학년 때 보니까 프리온에 대해서 계속 조사한 것 같아요. 혹시 계속해서 이 질병을 탐구한 / 그럼 프리온 질병에는 어떤 게 있는지도 알고 있나요? / 3학년 화학2 세특을 보니까, 이성질체에서 조사한 것 같아요. 이성질체가 뭔지, 어떤 종류였는지 설 / 아니아니, 그래서 어떤 종류가 있어? (이때 10분 다 됐다고 종쳤어요.) / 어어 그치. 그게 어떤 성질을 가진거야? / 카이랄성? 아~ 거울상 이성질체? / 지금까지 답변 잘 들었어요."
인하대학교,체육교육과,"생명과학Ⅰ 과목에서 gps트래커에 대해 탐구했는데 이 내용 말해줄 수 있어요? / 무슨 운동 잘하세요? / 운동하는 것과 운동을 가르치는 것은 엄연히 다른데 가르치는 것에 흥미가 있는 거 맞나요? / 고등학교 생활에서 반장, 전교 부회장 등 임원 활동을 많이 했는데 인기의 비결이 뭐라고 생각하세 / 교사로서 필요한 능력이 무엇이라고 생각하세요? / 그 능력이 본인에게 충분해요? / 아 시간이 다 돼서 면접 종치겠습니다."
인하대학교,컴퓨터공학과,"자기소개와 지원 동기를 말해주세요. / 동아리 토론 활동에서 인공지능 교사 도입에 대한 토론에서 왜 찬성하였나요? / 방금 질문의 꼬리 질문으로 사람도 똑같이 할 수 있는데 왜 인공지능 교사를 도입해야 하나요? / 베이즈 정리가 무엇인가요? / 베이즈 정리 계산이 어떻게 되나요? / RSA 암호가 무엇인가요? / 로봇 인공지능 어휘집을 만들었는데 이 활동에서 난이도별 용어 정리를 하였다고 했는데 어떤 기준 / 길 찾기 알고리즘인 깊이 우선, 너비 우선, 다익스트라 등을 만들었는데 이 중에 어떤 게 코드의 효 / 사전 확률, 사후 확률이 생기부에 많이 언급되어 있던데 사전 확률, 사후 확률이 무엇인가요? / 학교에서 배운 확률 분포 이외에 다른 분포를 조사하였다고 했는데 어떤 분포를 조사했나요? / 이제 시간이 다 되었네요."
인하대학교,화학공학과,"아침밥 먹었어요? / 시간 많이 늦었는데 하시고 웃으시고 끝나고 주변에 맛있는 거 많으니까 드세요. 생기부 안에서 질 / 화학공학과에 지원한 동기가 무엇일까요? / 아세톤에 관한 활동을 했는데, 무슨 활동을 한건가요? / 수소연료전지 관련 활동을 했는데 설명해 주세요 / 2학년 자율활동에 학급 부장으로 활동했다고 하는데 관련 리더쉽이 나타나는 사례에 대해 이야기해 / 고급 화학에서 태양광전지 활동을 진행하였는데 어떤 활동을 진행했나요? / 그 밑에 분자오비탈의 구조를 알아보는 활동을 했는데 오비탈이 무엇인가요?"
한국공학대학교,게임공학과,안녕하세요. 자기소개 먼저 해주세요. / 생기부를 보니 3년동안 동아리 반장을 해 왔다고 적혀있는데 반장의 역할이 무엇이라고 생각하나요? / 매년 동아리시간에 게임을 만들었는데 그 게임에 대해서 설명해 주세요. / 3학년때 본인은 서버를 구축하는 역할만 담당 했나요 아니면 전체적인 코딩까지 모두 담당했나요? / 혼자서 서버도 만들고 클라이언트도 만들고 이러면 그냥 게임 업계로 가지 한국공학대에 왜 지원 했 / 자료 구조에 대해서 공부했다고 나와 있는데 배열과 리스트의 차이가 무엇인가요? / 그렇다면 c#에서 가장 좋아하는 클래스가 뭡니까? / 네 마지막으로 하실말 있으시면 하세요 / 네 수고하셨어요.
한국공학대학교,컴퓨터공학부(컴퓨터공학전공),네 앉으세요. / 자기소개 먼저 해보세요. / 네 천천히 해도 돼요. 천천히 하세요. / 생기부에 판다스라고 있던데 판다스가 뭔가요? / 데이터를 합치거나 그런 건 되나요? / 오 자세하게 알고 있네요. 이걸 써서 프로그램을 많이 만들어봤나 봐요. / 생기부에 프로그래밍 언어에 관심이 있다고 쓰여있는데 프로그래밍 언어에 대해 말해보세요. / 그럼 클래스는 뭐죠? / 수학 성적이 뛰어난데 수학이 여러 가지 분야가 있잖아요. 그중에서 제일 맘에 들었던 과목이랑 그 / 그러지 말고 생각하고 있는 것을 그대로 말해보세요. / 우리 학교에 진학해서 어떤 공부를 해서 어떤 걸 하고 싶죠? / 시간이 거의 다 되었네요. 마지막으로 할 말이 있으면 하세요. / 네 수고하셨습니다.
한국항공대학교,공과대학,"지원동기와 자기소개 합쳐서 1분동안 말해주세요. / 생기부를 보니까 항력과 관련한 항공기 디자인에 대해 탐구하셨네요. 항력으로 인해 앞코가 어떻게 / 아니요. 초음속까진 고려하지 말아주세요. / 그렇다면 편평한 코보단 예리한 코가 더 낫다는 건가요? / 확신하시나요? / 그렇다면 예리한 코일 때, ~~(응력 관련 이야기) 어떻게 생각하시나요? / 아 그런가? 미안해요. / 아 보니까 2, 3학년 때는 괜찮은데 1학년 때 성적이 아쉽게 낮네요. / 그렇군요. 만약 입학한다면 2학년 때 전공은 어떤 걸로 선택할 예정인가요? 연구해보고 싶은 분야 있 / 그렇군요. 만약 입학한다면 2학년 때 전공은 어떤 걸로 선택할 예정인가요? 연구해보고 싶은 분야 있 / 조별활동 중에 본인이 대개 하는 역할이 뭔가요? -(이후 내용 기억 안남) / ◧ 혹시 뭐 어느 분야든 상관없이 알고 있는 최신기술 있으면 설명해주세요. / 아 이게 아무래도 연구를 하다보면 정말 상관 없어보이는 분야더라도 도움이 될 때가 있거든요. 정 / 아 그쪽에 관심있구나. 이제 시간 얼마 안 남았는데 마지막으로 하고싶은 말 있으면 해보세요. / 네, 알겠습니다."
한신대학교,미디어영상광고홍보학부,(웃으시며) 드디어 마지막이네요. / 그럼 질문하겠습니다. 고등학교 재학기간 중 자신의 진로와 관련하여 어떤 노력을 해왔는지 본인에 / 시선 옮김. / 시선 옮김. / 지원하는 전공 분야에 적합한 본인의 자질과 강점에 대해 말해보세요. / 시선 옮김. / 시선 옮김. / 네 수고하셨습니다. / 네 짧게 해 보세요.
스마트융합공학부,한양대학교(ERICA) 학생부종합 조기취업형 계약학과,"안녕하세요? 이제부터 면접 시작할 텐데 너무 긴장하시지말고 답해주세요. / 우리 학교에 지원한 이유를 말해주세요. / 먼저 우리 회사를 좋게 봐주시고 지원해 주셔서 감사하고 대학을 다니면서 실무를 병행하게 되면 일 / 우리 학과에는 주로 건축학교나 건축과 관련된 고등학교에서 지원하는 경우가 많은데 어떻게 건축에 / 그럼 저희 회사에 지원하셨는데 저희 화사가 하고 있는 일과 또 장점은 뭐라고 생각하시나요? / 회사일과 사회생활을 하게 되면 힘든 일이 생길 수 있는데 살면서 가장 힘들었던 일은 무엇이였나 / 마지막으로 생기부를 보다가 재미있는게 있어서 질문 드리는데 이차함수로 현수교 탐구하기라는 활 / 네, 면접 보느라 수고하셨고요, 이제 나가셔도 됩니다."
건양대학교,군사학과,"안녕하세요. 지원동기 말씀해주세요. / 언제부터 군인에 대해 관심을 가져왔나요? / 멋있음 뒤에 숨겨진 애완, 희생정신은 어떻게 생각하시나요? / 다른 협약 군사학과도 있을텐데 왜 굳이 건양대학교 군사학과죠? / 부모님께서 반대는 안하셨나요? / 아무리 그래도 여학생이다보니 반대가 조금은 있었을 것 같은데... / 돈관리랑 시간관리를 잘했다고 써있는데 어떻게 관리를 했나요? / 군인을 한다고 하니 친구들의 반응은 어땠나요? / 어떤 부분에서 잘 어울린다고 하였나요? / 자소서를 보니 좌우명에 조셉 캠벨의 말을 좌우명으로 썼던데 왜 썼나요? / 국가가 있으려면 개인이 먼저 있어야 하는데 그럼 국가가 먼저 존재한다고 생각하나요? / 그럼 국가가 있어야 개인이 존재한다고 생각하는건가요? / 혹시 마지막으로 하고 싶은 말 있나요?"
건양대학교,의학과,네 제시문 잘 읽어보고 들어오셨죠? / 그럼 항생제 내성과 항암제 내성의 유사점에 대해 설명해주세요. / 네. 그럼 항생제 내성 극복방법과 항암제 내성 극복방법의 차이점을 설명해 주세요. / 질문 바로 시작하겠습니다. 환자가 감기에 걸렸는데 항생제 처방을 원하고 있습니다. 의사로서 어떻 / 하지만 주변 사람들이 항생제를 처방받고 더 빨리 나았다고 하는데 어떻게 안 될까요? / 네 설명 듣고 1분 30초 동안 답변해 주시면 됩니다. 지금까지 살아오면서 가장 힘들었던 일과 어떻게
건양대학교,의학과,"네, OOO학생 맞으시죠? / 제시문 충분히 파악하셨죠? / 자, 그럼 질문 드리겠습니다. 항생제 면역과 항암제 내성의 공통점은 무엇이라고 생각하나요? / 네, 그러면 항생제와 항암제의 내성에 대해서 앞으로 이에 대한 해결책은 어떻게 다를 것 같으신가요? / 네, 수고하셨습니다. / 네, OOO학생 맞으시죠? / 앞의 제시문에 관련된 질문입니다. 지금 상황은 평범한 감기환자가 내원한 상황입니다. 그런데 환자 / 네. 아니 물론 항생제 사용을 안 해도 된다고 하시는데, 그래도 항생제 사용을 꼭 안 해야 되는 건 / 하지만 그래도 저는..(잘 생각나지 않지만 반복적인 질문/ 여기서 눈치를 채야함 다음 장에서 기술) / 네, 수고하셨습니다. / 네, OOO학생 맞으시죠? / 학생이 지금까지 있었던 가장 힘들었던 경험과 그 일을 어떻게 해결하였는지를 말씀해 주세요. / 네, 수고하셨습니다."
건양대학교,의학과,"(전공적합성 방의 첫 질문)(항생제와 면역항암제의 유사성) / (전공적합성 방의 두 번째 질문)(항생제와 면역항암제를 활용할 때 차이) / 제시문 잘 읽어보셨죠? / 단순 감기 환자가 항생제를 처방해달라고 요구하는 상황입니다. 이 환자가 면접관이라고 생각하고 / 아까 말하신 중에 내성균 얘기가 있었는데, 내성균이 어떻게 발생하는지 설명해 보시겠어요? / 살면서 가장 어려웠던 일과, 그로부터 배운 점을 설명해 주시겠어요? / 그럼 학생은 앞으로 무슨 전공과 의사가 되고 싶나요? / 아버지 때문에?"
건양대학교,의학과,"(전공적합성 방의 첫 질문)(항생제와 면역항암제의 유사성) / (전공적합성 방의 두 번째 질문)(항생제와 면역항암제를 활용할 때 차이) / 제시문 잘 읽어보셨죠? / 단순 감기 환자가 항생제를 처방해달라고 요구하는 상황입니다. 이 환자가 면접관이라고 생각하고 / 아까 말하신 중에 내성균 얘기가 있었는데, 내성균이 어떻게 발생하는지 설명해 보시겠어요? / 살면서 가장 어려웠던 일과, 그로부터 배운 점을 설명해 주시겠어요? / ○○○학생 맞으시죠? / (전공적합성 방의 첫 질문)(항생제와 면역항암제의 유사성) / (전공적합성 방의 두 번째 질문)(항생제와 면역항암제를 활용할 때 차이) / 제시문 잘 읽어보셨죠? / 단순 감기 환자가 항생제를 처방해달라고 요구하는 상황입니다. 이 환자가 면접관이라고 생각하고 / 아까 말하신 중에 내성균 얘기가 있었는데, 내성균이 어떻게 발생하는지 설명해 보시겠어요? / 살면서 가장 어려웠던 일과, 그로부터 배운 점을 설명해 주시겠어요? / 그러면 면접을 시작하겠습니다. 항생제 내성과 항암제 내성의 공통점은 무엇일까요? / (전공적합성 방의 첫 질문)(항생제와 면역항암제의 유사성) / (전공적합성 방의 두 번째 질문)(항생제와 면역항암제를 활용할 때 차이) / 제시문 잘 읽어보셨죠? / 단순 감기 환자가 항생제를 처방해달라고 요구하는 상황입니다. 이 환자가 면접관이라고 생각하고 / 아까 말하신 중에 내성균 얘기가 있었는데, 내성균이 어떻게 발생하는지 설명해 보시겠어요? / 살면서 가장 어려웠던 일과, 그로부터 배운 점을 설명해 주시겠어요? / 그러면 항생제 치료와 항암제 치료에 대한 방법의 차이가 있다면 설명해 주세요. / (전공적합성 방의 첫 질문)(항생제와 면역항암제의 유사성) / (전공적합성 방의 두 번째 질문)(항생제와 면역항암제를 활용할 때 차이) / 제시문 잘 읽어보셨죠? / 단순 감기 환자가 항생제를 처방해달라고 요구하는 상황입니다. 이 환자가 면접관이라고 생각하고 / 아까 말하신 중에 내성균 얘기가 있었는데, 내성균이 어떻게 발생하는지 설명해 보시겠어요? / 살면서 가장 어려웠던 일과, 그로부터 배운 점을 설명해 주시겠어요? / ○○○학생 맞으시죠 / (전공적합성 방의 첫 질문)(항생제와 면역항암제의 유사성) / (전공적합성 방의 두 번째 질문)(항생제와 면역항암제를 활용할 때 차이) / 제시문 잘 읽어보셨죠? / 단순 감기 환자가 항생제를 처방해달라고 요구하는 상황입니다. 이 환자가 면접관이라고 생각하고 / 아까 말하신 중에 내성균 얘기가 있었는데, 내성균이 어떻게 발생하는지 설명해 보시겠어요? / 살면서 가장 어려웠던 일과, 그로부터 배운 점을 설명해 주시겠어요? / 학생이 의사고 제가 환자예요. 사실 항생제를 복용 안 해도 되는데 항생제를 그럼에도 처방해달라고 / (전공적합성 방의 첫 질문)(항생제와 면역항암제의 유사성) / (전공적합성 방의 두 번째 질문)(항생제와 면역항암제를 활용할 때 차이) / 제시문 잘 읽어보셨죠? / 단순 감기 환자가 항생제를 처방해달라고 요구하는 상황입니다. 이 환자가 면접관이라고 생각하고 / 아까 말하신 중에 내성균 얘기가 있었는데, 내성균이 어떻게 발생하는지 설명해 보시겠어요? / 살면서 가장 어려웠던 일과, 그로부터 배운 점을 설명해 주시겠어요? / 그럼에도 불구하고 너무 아프다고 항생제 처방을 해 달라고 하면 어떻게 하시겠어요? / (전공적합성 방의 첫 질문)(항생제와 면역항암제의 유사성) / (전공적합성 방의 두 번째 질문)(항생제와 면역항암제를 활용할 때 차이) / 제시문 잘 읽어보셨죠? / 단순 감기 환자가 항생제를 처방해달라고 요구하는 상황입니다. 이 환자가 면접관이라고 생각하고 / 아까 말하신 중에 내성균 얘기가 있었는데, 내성균이 어떻게 발생하는지 설명해 보시겠어요? / 살면서 가장 어려웠던 일과, 그로부터 배운 점을 설명해 주시겠어요? / 수고하셨습니다. (웃으면서) 2분이 너무 짧죠? / (전공적합성 방의 첫 질문)(항생제와 면역항암제의 유사성) / (전공적합성 방의 두 번째 질문)(항생제와 면역항암제를 활용할 때 차이) / 제시문 잘 읽어보셨죠? / 단순 감기 환자가 항생제를 처방해달라고 요구하는 상황입니다. 이 환자가 면접관이라고 생각하고 / 아까 말하신 중에 내성균 얘기가 있었는데, 내성균이 어떻게 발생하는지 설명해 보시겠어요? / 살면서 가장 어려웠던 일과, 그로부터 배운 점을 설명해 주시겠어요? / 이름이 어떻게 되시나요? / (전공적합성 방의 첫 질문)(항생제와 면역항암제의 유사성) / (전공적합성 방의 두 번째 질문)(항생제와 면역항암제를 활용할 때 차이) / 제시문 잘 읽어보셨죠? / 단순 감기 환자가 항생제를 처방해달라고 요구하는 상황입니다. 이 환자가 면접관이라고 생각하고 / 아까 말하신 중에 내성균 얘기가 있었는데, 내성균이 어떻게 발생하는지 설명해 보시겠어요? / 살면서 가장 어려웠던 일과, 그로부터 배운 점을 설명해 주시겠어요? / 네, 그러면 학생이 지금까지 살면서 제일 힘들었던 일 하나와 그 일을 어떻게 해결했는지 1분 30초 / (전공적합성 방의 첫 질문)(항생제와 면역항암제의 유사성) / (전공적합성 방의 두 번째 질문)(항생제와 면역항암제를 활용할 때 차이) / 제시문 잘 읽어보셨죠? / 단순 감기 환자가 항생제를 처방해달라고 요구하는 상황입니다. 이 환자가 면접관이라고 생각하고 / 아까 말하신 중에 내성균 얘기가 있었는데, 내성균이 어떻게 발생하는지 설명해 보시겠어요? / 살면서 가장 어려웠던 일과, 그로부터 배운 점을 설명해 주시겠어요? / 보상을 하셨다고 했는데 어떻게 보상을 주셨나요? / (전공적합성 방의 첫 질문)(항생제와 면역항암제의 유사성) / (전공적합성 방의 두 번째 질문)(항생제와 면역항암제를 활용할 때 차이) / 제시문 잘 읽어보셨죠? / 단순 감기 환자가 항생제를 처방해달라고 요구하는 상황입니다. 이 환자가 면접관이라고 생각하고 / 아까 말하신 중에 내성균 얘기가 있었는데, 내성균이 어떻게 발생하는지 설명해 보시겠어요? / 살면서 가장 어려웠던 일과, 그로부터 배운 점을 설명해 주시겠어요? / 수고하셨습니다."
건양대학교,의학과,항생제 내성과 항암제 내성의 유사성을 설명하세요. / 이 두 가지 내성 문제를 해결할 수 있는 각각의 방안을 제시하세요. / 가벼운 감기에 걸린 환자가 있습니다. 항생제가 필요 없는 감기임에도 환자는 계속 항생제를 달라고 / “아니 카페나 블로그 이런데 보면 가벼운 감기여도 항생제를 쓰면 빠르게 낫는다고 말하던데요?” / 아니 그래도 쓰고 싶어요! → 이후 시간이 없어서 더 이상 면접이 진행되지 않음
건양대학교,의학과,"(제시문 숙지 후) 제시문은 다 읽으셨죠? 질문에 편하게 답변해 주세요 / 면접관이 감기에 걸렸는데, 항생제가 필요없는 경우임에도 항생제를 지속적으로 요구하면 어떻게 말 / 항생제로 인한 주의점?(부정적인 면이었던 것으로 기억나는데 워딩이 확실하지 않음)에 대해서는 무 / 자신의 인생에서 가장 힘들었던 경험을 말해보세요."
건양대학교,의학과,안녕하세요. OOO학생 맞나요? / 제시문 확인 다 하셨나요? / 그럼 첫 번째 문제에 대해 답변해 보세요. (항생제 내성과 항암제 내성의 유사한 점에 대한 질문) / 두 번째 질문에도 답해 보세요. / 상황극입니다. 환자는 항생제를 사용하지 않고도 질병을 치료할 수 있을 것으로 보이지만 항생제를 / 부작용 문제가 있을 수 있다고 했는데 대표적인 부작용에는 무엇이 있죠? / 내성 문제에 대해서도 더 자세히 설명해 주세요. / 살면서 힘들었던 경험과 그때 어떻게 극복했는지 얘기해주세요. / 그 활동에 대해서 더 하고 싶은 말이 있나요?
건양대학교,의학과,"지분을 잘 숙지했나요? 질문에 대해 생각한 대로 답해 주세요. / (계속 고개 끄덕이며 웃어주심) 그럼 두 번째 질문에 대해 답해 보세요. / 네, 수고하셨습니다. 들어오신 문으로 다시 나가시면 됩니다. / 상황극입니다. 면접관이 환자이고 면접자가 의사입니다. 환자가 감기가 잘 낫지 않는데, 의사로 / 제가 요즘 감기가 몇 주째 낫지 않고 있는데요, 코도 계속 막히고 목도 많이 아파요. 지금까지 / 아 선생님 근데…. 제가 바쁜 일이 있어서 감기가 빨리 낫게 하고 싶어요. 이번 한 번만 항생제 / (웃으시면서) 네, 알겠습니다. 선생님. / 네 수고하셨습니다. 들어오신 문으로 다시 나가시면 됩니다. / 이름을 말씀해 주세요. / 이름 말씀해주시면 됩니다. / 네 본인 확인되었습니다. 인성 영역 질문하겠습니다. 지금까지 힘들었던 점과 어떻게 해결했는지를 / 네, 뭐든 편하게 이야기해주세요. / 그럼 그 친구하고 아직도 잘 지내고 있을 것 같은데요? / 네 알았습니다. 오늘 면접 수고하셨습니다. 좋은 결과 있기를 바랍니다."
건양대학교,의학과,"주어진 제시문은 읽었죠? 제시문에 나온 세 가지 약의 이름과 치료하는 병명을 간단히 말해주세요. / 그 질병을 치료하기 위해 약 말고 필요한 것이 뭐가 있나요? / 셋 중 성격이 다른 치료제 하나는 뭐라고 생각하나요? / 세 가지 약 모두 가격이 비싼데 이를 해결할 방법은 무엇이 있나요? / 어떤 의사가 되고 싶나요? / ‘나’였다면 어떻게 했을 것 같나요? / 환자가 그럼에도 고통을 호소한다면? 그래도 약을 주지 않을 것 같나요? / 정신적인 고통 말고, 육체적인 고통을 해결할 수 있는 방법은? / 수고하셨습니다."
건양대학교,의학과,항생제 내성과 항암제 내성의 유사점으로는 무엇이 있나요? / 그럼 그 두 내성을 어떤 방식으로 다르게 접근해야 하나요? / 항생제가 필요하지 않은 상황에서 환자가 항생제 투여를 강력하게 주장하고 있는 상황입니다. 이 상 / 그럼 만약 환자의 상태가 악화 되어 항생제 내성을 감안하더라도 항생제를 투여해야 할 것 같다면 / 인생에서 가장 힘들었던 일과 그 일을 어떻게 극복했는지 말해보세요.
건양대학교,의학과,"지문 읽고 이해한 대로 질문에 답변해 주세요. / 단순 감기 환자가 항생제 처방을 요구하는 상황입니다. 환자를 어떻게 설득할 것인가요? 실제 환자에 / 살면서 가장 힘들었던 경험과 그것을 어떻게 극복했으며, 그 과정에서 배운 점은 무엇인가요?"
국립한밭대학교,건설환경공학과,"우리 학과에 지원하게 된 동기는? / 우리 과 관련해서 한 활동은? / 생기부 보니까 주로 건축학과 관련 내용들로 구성되어 있는데, 건설환경공학과는 토목 다루는 학과입니 / 마지막으로 하고 싶은 말은?"
국립한밭대학교,건축공학과,먼저 저희 학과에 지원해 주셔서 진심으로 감사드립니다. 그럼 자기 소개 부탁드리겠습니다. / 반장과 회장을 연임했다고 하셨는데 어려움은 없었나요? / 그럼 그건 문제를 본인이 도맡은 거네요? / 자 그러면 지원 동기와 졸업 후에 어떤 일을 할 것인지 답변해 주세요. / 아 그러면 인공지능 분야에 관심이 많은가 보네요? / 내진 설계에 대해 배우고 싶다고 하셨는데 내진 설계에 대한 책 같을 걸 찾아 보신 적이 있으신가요? / 다시 한번 저희 학과에 지원해 주셔서 감사합니다. 마지막으로 하실 말씀 있으십니까?
국립한밭대학교,건축공학과,자기 소개 하세요. 3분 드리겠습니다. / 네 잘 알겠습니다. 무인 중장비에 대해 탐구하고 발표하였다고 쓰여 있는데 이 활동은 무엇인가요? / 여기서 중요한 건 무엇이라고 생각하나요? / 학생생활기록부를 보면 1학년 선생님께서 봉사 정신에 대해 많이 언급하시는데 왜 그렇다고 생각하시 / 학생생활기록부에 내용을 보면 내용이 건축공학보다는 건축학과에 더 관련이 있는데 건축공학과에 / 동아리 활동 중에 모형을 만들었다고 기재가 되어있는데 어떠한 모형을 만드셨나요? / 그 동아리마다 건축 관련된 건 알겠는데 이름이 다 다른 이유는 무엇인가요? / 아 학교의 프로세서군요. / 여기 보면 AI를 이용하여 건축을 할 수 있다고 말하는데 구체적으로 어떻게 이용하는 것인가요? / 마지막 답변은 저희도 검토를 해봐야겠네요. / 마지막으로 더 하실 말 없나요?
국립한밭대학교,건축학과(5년제),"안녕하세요. 자리에 앉아주시면 됩니다. (긴장을 풀어주시려는 간단한 질문 후) 공통질문 확인하셨나 / 그러면 그때부터 준비했겠군요. 공통질문 준비한 거 까먹지 않게 빨리 진행하죠. 저희가 공통질문을 / 동아리 활동 중에 특이한 활동이 있네요. 라이다 기술의 건축에서의 활용이라는 보고서 작성 활동이 / 실제로 이런 기술들이 직접 측정하는 것보다 오차를 줄일 수 있어서 좋죠. 이 활동에서 직접 실험을 / 동아리 활동 중에 또 인상 깊은 것이 있다. 지역에 건립할 청소년 센터를 만드는 프로젝트에 참여했 / 조별 활동이였던 거죠? 그러면 이 활동에서 지원자가 제시한 아이디어가 무엇인지 말해보세요. / 혹시 이 활동에 앞서 관심있다고 말했던 공간 심리학 등을 융합한 것이 있나요? / 그 방법은 실제로도 건축에서 많이 활용되는 방식이죠. 또 생기부를 보면 건축을 위한 인공지능이라 / 그렇다면 현재 건축분야에서 인공지능이 어디까지 가능하다고 생각하나요? (잠시 고민하고 있으니) / 생기부를 보다보면 대부분 러더십이 좋고 적극적이다라는 평가가 있다. 왜 이러한 평가를 받았다고 / 조별 활동을 하다보면 종종 열심히 참여하지 않는 사람도 있는데, 그런 경우에 어떻게 대처하였나요? / 고래를 춤추게 만든 격이군요. 혹시 한밭대학교 건축학과에 지원한 이유나 계기가 있나요? / 조금 곤란한 질문일 수도 있습니다. 아무래도 성적이 조금 낮은 편인데 이에 대한 해명이나 이야기 / 대학교에 입학한 후에도 어려운 과목이 존재할 것인데, 이러한 어려운 과목에 어떻게 대처할지 이야 / 대학교에 와서 전공에 대해 고민하는 친구들이 있을 텐데, 이러한 친구들에게 어떠한 조"
국립한밭대학교,건축학과(5년제),"안녕하세요. 간단한 자기소개와 공통질문을 준비하셨을 거라 생각하고 질문을 읽어드릴 테니 질문이 / 건축학과에 지원한 동기와 졸업 후 10년 뒤 자신의 모습을 설명해 주세요. / 네, 잘 들었습니다. 이제 학생부를 보면서 질문을 드릴게요. 출결을 봤을 때 질병 결석이 꽤 보이는 / 음.. 그렇네요. 3학년 땐 거의 없네요. 그럼 다음 질문할게요. 한밭대학교를 어떻게 알고 지원하게 됐 / 학생부를 보니까 협력에 대한 내용은 별로 없는 거 같은데, 본인이 생각했을 때 협력했던 경험을 말 / 건축 분야에서 인기있는 ‘요즈음 건축’이라는 도서나 다른 건축 관련 도서들은 어떻게 알게 되었 / 건축학과가 적성에 맞지 않아 전과를 고민하고 있는 후배들한테 어떤 조언을 해줄 수 있을까요? / 만약 건축 설계를 의뢰한 의뢰인과 의견 충돌이 생기게 된다면 상황을 어떻게 해결할 것인가요? / 자기소개할 때 말했던 걸 보면 생각보다 빨리 진로를 정한 거 같은데 그게 건축학과였던 이유가 있 / 시간이 조금 남았는데, 자신이 준비를 했는데 못한 말이나 하고 싶은 말 있으면 해주세요. / 네. 면접 보느라 수고했습니다."
한밭대학교,경제학과,자기 소개 시작하세요. / 자기 소개에 대한 내용 질문 및 그 외 다양한 질문함 / 동아리 활동에서 페달 블랙박스를 이용한 창업 아이템에 대해 발표하였네요. 자세한 설명 부탁드립니 / 지방 소멸을 주제로 탐구 활동을 하셨네요. 자세하게 설명 부탁드립니다.
국립한밭대학교,경제학과,(자리를 손으로 표시하며 온화한 미소를 보이심) / 공통질문이 있죠? 지원동기가 어떻게 됩니까? / 와 상당히 자세하고 전문적이게 준비하셨네요 하하 평소에 관심이 많았나요? / 지원동기 말씀하실 때 경상수지라는 용어를 사용했는데 그 뜻은 뭔가요? / 그럼 국제수지는 뭔지 아세요?? / 혹시 자본수지는 뭔지 아세요? / 자본은 뭐인가요? / (3분 동안 경제 용어에 대해서 설명) / 3학년 때 부반장을 하셨는데 어려웠던 점이나 배운 점 있나요? / 수학이 경제학과에 중요한데 다른 참가자 평균보다 조금 아주 조금 떨어진 것 같아요. 괜찮으세요? / 최근에 보신 뉴스가 있다고 하셨는데 본 게 무엇인가요? / 내가 시간을 너무 잡아먹어서 미안해요. 마지막으로 하고 싶은 말 빨리 간단하게 해봅시다. / 수고하셨어요. 좋은 결과 있으면 좋겠네요.
국립한밭대학교,경제학과,"한밭대학교 경제학과에 지원하게 된 동기, 10년 뒤의 모습에 대해 말해보세요. / 아까 중학교 3학년 때에 경제 관련 도서를 읽으셨다고 하셨는데 어떤 책을 읽었어요? / 한번 말해보세요. / 어느 부분에서 케인스라는 학자와 같다고 생각하였어요? / 정부의 역할이 어떻게 도움이 되죠? / 알겠습니다. 아까 동아리 활동도 했다고 하셨는데 동아리에서 어떤 활동을 합니까? / 기억에 남는 활동 있어요? / 무슨 토론 활동 같은 걸 한 건가요? / 학생 표현으로 하위 주체들의 활동이 왜 시장 경제에 도움이 되죠? / 아까 금융 쪽에서 일하고 싶다고 했는데 혹시 생각해 둔 은행이나 기업 있어요? / 특별한 이유 있나요? / 학생은 혼자서 책을 읽는 걸 좋아해요? 아니면 뭔가 사람들이랑 활동하는 걸 좋아해요? / 특별한 이유가 있나요? / 동아리에서 토론 등을 했다고 했는데 어려움은 없었어요? / 어떤 활동에서요? / 내용에 대해 자세히 설명해 보실래요? / 이 학과에 붙어야 하는 이유 말해주세요."
국립한밭대학교,경제학과,"네 안녕하세요. / 아, 네 그럼 ... / 아, 네 하세요. / 학생은 꼭 경제학과를 오고 싶어요? / 학교 어디 썼어요? / 학교 이름은 말 안 해도 되고 경제학과를 다 쓴 게 맞는지 물어보는 거에요. / 아 그래요. 아까 행정고시 공부하고 싶다고 했는데 우리 졸업생 중에서 어려운 상황인데도 졸업할 / (다른 분이 말씀하시면서) 아 이제 제가 질문할게요. 사실 학생의 가장 인상깊었던 생기부였어요. 보 / 학생이 말한 대로 경제는 그러한 점이 있죠. 그런데 다른 학생들에 비해 봉사시간이 적은 편인데 왜 / 아 그렇군요. 3학년 때 최저임금제도에 대해 프로젝트를 진행했다고 했는데 이에 대해 자세히 설명 / 아 네 알겠습니다. 마지막으로 할 말 30초 정도 짧게 얘기해 주세요"
국립한밭대학교,경제학과,지원 동기와 10년 후 자신의 모습을 설명해주세요. / 왜 투자회사인가요? / 돈을 많이 버는 직업은 다른 것도 많을 텐데 왜 투자회사인가요? / (생기부 관련으로 넘어감.) 금투세라는 것에 대한 활동을 하셨던데 금투세란 무엇인가요? (이것보다 / 학생시절에 했던 다른 경제탐구 활동이 있었나요? / 최근에 읽은 경제 관련 책이 있으신가요?
국립한밭대학교,경제학과,자기소개하세요. / 경제학과에 흥미를 갖게 된 계기가 뭔가요? / 가장 기억에 남았던 활동은 무엇인가요? / 가장 좋아하는 과목은 무엇인가요? / 경제 관련 수업을 들었나요? / 경제 관련 수업을 듣지 않았는데 경제학과에 입학했을 때 어려움을 없을 것 같나요? / 수고하셨습니다. 마지막으로 하고 싶은 말 있나요?
국립한밭대학교,공공행정학과,안녕하세요. / 자기소개와 공통 주제에 대한 답변 해주시기 바랍니다. / 이제 지원동기와 10년 후 나의 모습을 얘기해 주세요. / 자신이 좋아하는 과목과 싫어하는 과목을 말해주세요. / 이유는 말 안 해도 알 것 같습니다. / 생기부에 3학년 동아리 활동시간에 모 사이트에서 강의를 들었다고 적혀있는데 정확히 어떤 강의를 / 학교 폭력이 아직도 있나요? / 그럼 이러한 행위를 해결하기 위해서 어떻게 해야 하나요? / 마지막으로 하고 싶은 말 있나요? / 네 감사합니다. 나가셔도 됩니다.
국립한밭대학교,공공행정학과,"안녕하세요. 앞에 앉으시면 됩니다. / 한밭대에 지원해 주셔서 감사합니다. 자기소개와 지원동기, 공통질문 10년 뒤 나의 모습을 5분안에 말 / 잘 준비하셨습니다. 책을 많이 읽은 것 같은데 어떤 책이 가장 인상깊었고 내용이 무엇인가요? / 그럼 요즘 한국사회에서 가장 큰 문제라고 생각하는 것은 무엇이라 생각하나요? / 동아리 활동을 하셨나요? / 어떤 활동이 인상 깊었나요? / 지금 말한 것은 단점을 극복하는 것을 말한 것인데 장점을 극대화하는 방법이 있다면 말해주세요. / (함박웃음) 분석을 너무 잘 하셨네요. / 미인정 지각이 한 번 있는데 왜 생긴 건가요? / 한밭대에 들어왔을 때 학업 계획에 대해 말해주세요. / 왜 한밭대에 지원했나요? / 그것 말고 다른 이유는 없나요? / 당연하죠. 천천히 답변하셔도 됩니다. / 그것도 중요합니다. 솔직하게 얘기하셔도 됩니다. 마지막으로 하고 싶은 말 있으면 하세요. / 이제 나가셔도 됩니다."
국립한밭대학교,공공행정학과,"공통질문인 이 학과에 지원하게 된 동기와 10년 후의 자신의 미래에 대해 설명해보세요. / 활동 내용을 보니까 책을 많이 읽고 활동했네요. 가장 인상 깊게 읽었던 책이 있나요? / 영어 시간에 다뤘던 활동 내용에는 뭐가 있나요? / 동아리를 활동했는데, 3학년 때 소속되었던 하늘빛 동아리의 이름 뜻이 뭔가요? / 정확한 뜻은 없다는 소리네요. 그러면 그 전에 활동했었던 리베르테 동아리의 이름 뜻이 뭔가요? / 그렇군요. 면접시간이 거의 끝나가는데 마지막으로 하고 싶은 말이 있나요?"
국립한밭대학교,공공행정학과,면접 순서는 5분간 자기소개하고 지원동기 말하면 됩니다. / 어필이 너무 짧은 것 아니에요? / 10년 후 자신의 모습은 어떨 것 같나요? / 대통령제와 의원내각제를 조사한 내용이 있던데 특징들을 설명해 주세요. / 그럼 의원내각제에서 대통령 선발 방식이 어떻게 되는지 아나요? / 그럼 적극행정에 대해 조사한 내용이 있던데 적극 행정이 뭐죠? / 내가 준비하지 못한 질문만 골라서 하나 보네요. 준비한 것이 뭐죠? / 네. 설명해 보세요. / 웹 크롤링이 어느 사이트에 있는 정보를 모으는 거죠? / 노잼도시 키워드가 많이 노출된다고 관광객이 늘어요? / 노잼도시는 부정적인 키워드 아닌가요? / 동아리 이름이 사회의 목탁이네요? 뜻이 뭐죠? / 무슨 활동을 하는 동아리죠? / 통관 번호가 무엇이죠? / 그걸 어떻게 확인할 수 있죠? / 그렇군요. 1학년 동아리 이름은 굳건이네요. 무슨 뜻이죠? / 허허 동아리 이름들을 잘 지었네요. 원래 있던 동아리인가요? / 학교생활 중 가장 즐거웠던 일과 힘들었던 일은 무엇이죠? / 좋아하는 과목과 싫어하는 과목은 무엇이죠? / 시간이 다 되어서 마지막 말만 듣고 끝내겠습니다.
국립한밭대학교,공공행정학과,"안녕하세요. / 먼저. 자기소개와 공통질문에 대하여 답해주세요. 다음 면접관님의 질문에 답하고 끝나면 제가 추가 / 3학년 1학기 매 갑자기 국어 성적이 떨어진 이유는 무엇인가요? / 성적과 관계없이 좋아하는 과목, 싫어하는 과목은 무엇인가요? / 저출산 원인은 무엇인가요? / 인구가 감소하면 안 되나요? / 구체적으로 어떤 행정을 하고 싶나요? / 마지막으로 하고 싶은 말 있으면 해주세요. / 네, 수고하셨어요. 나가셔도 좋습니다."
국립한밭대학교,기계공학과,"안녕하세요. / 네. 시작해주세요. / 미래에 기업에서의 직장, 연구원으로서의 연구, 둘 중에 어느 방향을 생각하고 계시나요? 만약 후자 / 자신이 생각하는 자신의 장단점이란 무엇인가요? / 다른 학생들에 비해서 성적이 좀 낮은데 이 부분에 대해서는 어떻게 생각하시나요? / 네. 수고하셨습니다. 나가셔도 좋아요."
국립한밭대학교,기계공학과,자기소개부터 해 볼래요? / (공통질문) 이 학과에 지원하게 된 동기가 무엇인가요? / (공통질문) 졸업 후 10년 뒤 자기 모습을 설명해 보세요. / 수학 성적이 3학년 때 하락했는데 그 이유가 뭔가요? / 그렇다고 하기에는 국어 성적도 같이 하락했는데 이 정도면 공부를 할 의지가 없어진 것이 아닌가요? / 물리학을 수강했었나요? / 작용 반작용 법칙을 설명해 보실 수 있나요? / 관성의 법칙을 설명해 보실 수 있나요? / 생활기록부에 ‘학업에 대한 고민이 있으면 담임교사와 교과 선생님께 상담을 요청하여 도움을 받고 / 동아리는 어떤 동아리를 들어갔나요? / 마지막으로 할 말 있으면 해주세요.
국립한밭대학교,도시공학과,꼬리 질문 같은 건 안 할 거니까 긴장하지 마시고 질문에 잘 답변해 주시면 됩니다. / 먼저 자기소개부터 들어볼게요. / 공통 질문인 동기와 10년 후 내 모습에 대해 말씀해 주세요. / 학생이 스마트 시티 구축 건축가가 되고 싶다고 했는데 전문가를 붙이면 되는데 왜 굳이 건축가라고 / 동기를 말할 때 토목공학과 환경공학을 복수전공을 할 수 있다는 점이 장점이라고 말했는데 복수전 / 3학년 진로활동 시간에 2인1조로 메타버스를 활용하여 미래도시를 구축하였다고 나와 있는데 이때 / 학생 생기부를 쭉 보면서 다 기계 관련이던데 기계공학과 지원해야될 걸 도시공학과에 잘못 지원한 / 아 기계공학과와 도시공학과의 차이점은 아는 거죠? 그럼 기계공학과를 희망하게 된 다른 계기가 있 / 학생 성적을 보니 3학년 때까지 등급이 떨어지진 않고 조금씩 다 오르네요. 비결이 있나요? / 근데 영어성적과 사회성적이 과학 과목에 비해 낮은데 이유가 있나요? / 사회 과목은 뭘 배웠죠? / 한국지리도 도시공학과에 관련된 과목인데 성적이 낮은 이유가 있나요? / 아 그게 성적이 낮은 이유가 될 수 있나? 암기를 싫어했나 보군요. 오늘 면접 수고했고 합격해서 내
국립한밭대학교,모바일융합공학과,코딩 동아리 활동을 진행하였는데 힘든 점이나 실패한 점은 없나요? / 3학년 때 OpenCV와 관련된 활동을 하였는데 OpenCV가 정확히 무엇이고 이것을 직접 실행시켜봤나
국립한밭대학교,모바일융합공학과,학년이 올라갈수록 성적이 낮아지는데 이유가 뭘까요? / 프로그램을 만들며 사회에 큰 도움이 되겠다거나 본인이 만들었던 프로그램 중에 기억에 남는 게 있 / 아까부터 계속 언급하셨는데 자습 프로그램이 뭐죠? / 보통 국어와 영어 성적이 같이 가는데 학생은 국어보다 영어가 훨씬 높은데 이유가 뭘까요? / 요즘에 유튜브 이런 쪽 때문에? / 성적이 과학보다 사회가 높은데 그럼 사회 쪽으로 좀 머리가 있어요? / 대학 졸업하시고 뭘 하고 싶으세요 되고 싶은 모습이라거나 / 동아리에서 번역기 프로그래밍을 하셨던데 이건 뭐로 진행을 하셨나요? / 번역기 만들기 까다로웠을텐데~... / 프로그래밍 과정 설명해 주세요. / 그럼 언어는 파파고에서 가져온 건가요? / 아까부터 사물인터넷 언급 많이 하시는데 현재 사용하고 있는 거 있으면 말해주세요. / (웃음) 시원하셨겠네요. 그러면 그 프로그램은 기업에서 제공하신거죠? / 마지막으로 하고 싶은 말 있으면 말씀하세요.
국립한밭대학교,산업경영공학과,준비하신 공통질문 바로 시작해 주세요. / 준비 열심히 해 오셨네요.
국립한밭대학교,산업경영공학과,많이 긴장하지 마시고 편안하게 대화한다고 생각하고 이야기해 주세요. / 먼저 공통 질문에 대해서 말씀해 주세요. / 저희 학교의 학과 중에 다른 과에 지원하신 것이 있나요? / 다른 지원자에 비해 봉사활동이 저조한데 그러한 이유가 무엇인가요? / 생기부에 산업경영공학과 관련된 활동이 없는데 이유가 무엇인가요? / 마지막으로 하지 못했던 말이나 하고 싶은 말이 있다면 해주세요.
국립한밭대학교,산업디자인학과,"오는 길에 차는 막히지 않았나요? / 자기소개 하세요. / 지원동기는 무엇인가요? / 왜 한밭대 산디과에 지원했나요? / 취미가 있나요? / 뜨개질로 만든 물건은 팔거나 할 수 있는데 팔아본 경험이 있나요? / 오 의미있게 나눠주고 있네요. 말하다 보니 긴장 많이 풀렸죠? / 생기부에 본인이 적극적이고 활발하고 논리적이라고 많이 쓰여 있는데 본인이 생각하는 본인의 장단 / 디자인에 관심을 가지게 된 계기는 무엇인가요? / 가장 잘하는 과목과 가장 좋아하는 과목은 무엇인가요? / 생명과학을 좋아하는 이유는 뭐고, 진로를 생명과학에서 디자인으로 바꾼 이유는 무엇인가요? / 대학 들어오면 하고 싶었던 일이 있나요? / 친구들과 놀아보고 싶었군요. 코로나가 심했을 땐 중학생이었나요? / 고등학교 와서는 전부 대면 수업을 했나요? / 고등학교 때는 수학여행 이런 거 다녀왔겠네요? 재밌었어요? / 아직 긴 생을 살아본 건 아니지만 지금까지 살면서 가장 힘들었던 경험은 무엇인가요? / AI 어떻게 생각하고 디자인 쪽에는 어떤 영향 미칠 거 같나요? / 친구나 지인 중에 주변에 디자인 전공하는 사람이 있나요? 있으면 어떤 얘기를 했나요? / 요즘 학생들 직업에 관련된 얘기하나요? / 이제 시간이 거의 다 됐는데 마지막으로 하고 싶은 말 있으면 하세요. / 네. 수고하셨습니다. 조심히 들어가세요."
국립한밭대학교,설비공학과,"점심은 드시고 오셨나요? / 그럼 면접 시작해도 괜찮을까요? 저희 학교에 지원하게 된 동기가 어떻게 될까요? (공통질문1) / 설비공학과의 관련된 시스템에 대한 구체적인 예시를 들면서 잘 얘기 한 것 같네요. 졸업 후 10년 / 스포츠 기업에 대해서 말씀하신 것 같은데 예를 들어 어떠한 기업들을 알고 있는지 아시나요? / 자랑 하고 싶은 자기만의 장점이 있습니까? / ‘컴퓨터 시스템 일반’이라는 과목을 이수하신 것 같아요. 컴퓨터와 관련된 기술을 배운 적이 있나요? / 스포츠에 대해 많이 얘기하신 것 같은데, 따로 스포츠와 관련된 직업들이 혹은 학과에 들어가기 위해 / 스포츠에 대해 열정이 많으신 것 같아요. 스포츠분야와 설비공학과 중에서 어느 쪽에 더 관심과 흥 / 네 알겠습니다. 마지막으로 하고 싶은 말씀 있으시면 하시고 면접 마무리 하도록 하겠습니다."
국립한밭대학교,설비공학과,자기소개해 주세요. / 지원동기와 10년 후 자신의 미래를 말해 주세요.
국립한밭대학교,설비공학과,안녕하세요. 우선 자기소개부터 한번 해 주시죠. / 수학 점수가 하락세를 타고 있는데 이 부분에 관해선 어떻게 생각하시나요? / 고등학교 2학년 때 물리 과목의 성적이 별로 좋지는 않았는데 물리 과목이 흥미가 없었던 것인가요? / 그럼 우리 설비공학과를 들어오고 싶은 이유가 무엇인가요? / 네 알겠습니다. / 한밭대학교를 졸업한 후 진로 계획은 무엇인가요? / 졸업 후 경력만 쌓으시진 않으실 텐데 혹시 다른 계획이 또 있으신가요? / 흥미롭군요 사업 쪽까지 확장하신다니 벌써부터 꿈이 크신 것 같아 좋네요. 마지막으로 면접관한테
국립한밭대학교,설비공학과,"인사 부탁드립니다. / (긴장을 풀 수 있는 간단한 대화 후 주의사항에 대한 안내) / 남들에게 자신을 소개할 때 나는 어떤 사람인지, 자기소개 부탁드립니다. / 우리 학과에 들어오기 위해 어떤 노력을 했나요? / (활동내용에 대한 추가질문) / 우리 과는 수학이 중요한데 수학 성적이 낮네요. 혹시 어떤 어려움이 있었는지 그 이유가 있나요? / (서류를 보며) 활동 내용을 보니까 정보통신학과 쪽에도 관심이 있는 것 같아요. 정보통신학과가 아 / (우리 학과에 들어와서 어 공부를 하고 싶은지에 대해 질문) / 마지막으로 내가 꼭 하고 싶었는데, 이 말은 꼭 해야 되겠다 하는 말이 있으시면 말씀해주세요."
국립한밭대학교,설비공학과,학교 생활 중 리더십을 발휘했던 경험과 리더십이 무엇이라고 생각하는지요? / 10년 뒤 자신의 모습은?
국립한밭대학교,설비공학과,지원동기를 말해줄 수 있을까요? / 설비공학과에서 가장 배우고 싶은 게 어떤 건가요? / 우리 과에 오면 소방 설비를 집중적으로 공부하는 게 아닌데 괜찮나요? / 설비공학과에 두 가지 전형을 썼는데 소중한 기회를 이렇게 써도 괜찮은가요? / 대학교 입학 후에 가장 하고 싶은 게 있나요? / 마지막으로 하고 싶은 말 있나요?
국립한밭대학교,신소재공학과,"우선 저희 공통 질문인 지원 동기와 10년 후 본인의 모습에 대한 답변 후 생기부 질문으로 넘어갑 / 우리 학과에 지원한 동기와 10년 후 자신의 모습에 대해서 말씀해주세요. / 네, 잘 들었습니다. 교과 활동 안에서 특별히 기억에 남는 활동이 있었을까요? / 미세플라스틱 업사이클링의 특징? 장점?은 무엇이 있을까요? 또 미세플라스틱을 어떻게 업사이클링 / 전 진짜 과정을 몰라서 묻는 거예요. 어떻게 진행되나요? / 괜찮아요, 앞으로 배워나가면 되는 거니까. / 학생의 생기부를 보니 생명체, 화학에 대해 관심이 많은 것 같은데 우리 과와 무슨 연관이 있습니까? / 우리 과에도 바이오 분야에 대한 수업이 이루어지나요? / 교육과정 찾아봤네요? / 그래도 우리 중에 따로 작게 연구하시는 분도 계시긴 합니다. 어.. 시간이 좀 된 것 같은데 준비해 / 준비해 온 답변이죠? 외워온 게 티나요. / 준비해 온 답변하는 시간이니 괜찮으니까 마저 답변하세요. / 다른 곳 면접에서는 외워온 답변 안 하는 게 좋아요. / 아니에요, 괜찮아요. 수고 많으셨습니다."
국립한밭대학교,영어영문학과,"안녕하세요, 날이 추워져서 오는데 힘들었죠? (웃으며 분위기 풀어주심) / 이제 면접을 시작할 건데, 모든 질문에 대한 답변은 솔직하고 구체적이게 해 주셔야 해요.(분위기가 / 네 그럼 먼저 공통 질문 이 학과에 지원한 동기와 10년 뒤 자신의 미래에 대해서 말해 주세요. / 네. 그럼 다음으로 자신만의 특별한 영어 공부 방법이 있다고 했는데 뭘까요? / 추리력도 높일 수 있었다구요? (음 그렇구나~ 하시는 반응이셨음) / 그럼 그렇게 공부한 것들을 어떻게 활용했나요? / 음~ 2학년 때 자신의 롤 모델에 대해서 글쓰기가 있었는데 혹시.. 누구 했는지 기억나나요? / 네 그럼 지금 말한 내용들에서 표현 할 수 있는 영어 단어나 문장 말해볼래요? / 네 천천히 생각해 보고 말해주세요. / 네 그럼 앞에서 영어반장 했다고 했는데 어떤 점이 가장 좋았나요? / 네 이제 시간이 얼마 남지 않아서 질문 몇 개만 하고 끝낼게요. / 아까 회화나 말하기를 더 알고 싶다고 했는데 혹시 그쪽으로 공부한 게 있나요? / 3학년 때 조기 영어교육에 대한 기사를 읽은 적이 있네요? 어떻게 생각하세요? / 아까 글로벌 마케터가 되고 싶다고 했는데 해외? 어디쪽으로 가고 싶어요? / 영어영문학과에 지원하면서 많은 학교랑 비교했을텐데 우리 학교를 선택한 이유가 있나요? / 네 그럼 이제 면접을 마칠텐데, 이 말은 꼭 해야겠다 라는 것들 말해주세요. / 네 그럼 면접 마치겠습니다."
국립한밭대학교,영어영문학과,안녕하세요. 면접의 마지막 순서라 많이 떨리죠? / 빨리 끝내고 갑시다! 공통질문인 영어영문학과에 지원한 동기와 자신의 10년 후 모습에 대해 말해주 / 고등학교 생활 중 읽었던 책 중에 가장 기억에 남는 것이 있을까요? / 성적 그래프가 상승세를 보이네요. 이에 따른 특별한 자신의 영어 공부방법이 있을까요? / 영어에 관련된 영문기사를 본적이 있나요? / 읽으면서 어려운 점이나 느낀 점이 있었나요? / 마지막으로 하고 싶은 말 있나요? / 네. 수고하셨습니다. 나가셔도 좋아요.
국립한밭대학교,영어영문학과,"들어오세요. / 네 앉으세요. 음, 오기 전에 공통 주제 보고 오셨죠? / 네. 저희 학과에 지원하신 계기와 본인이 생각하는 10년 뒤의 자신의 모습을 말씀해주실 수 있나요? / 음, 혹시 학과를 잘못 찾아오신 것 아닐지, 저희 학과는 그런 직업과는 크게 관련이 없는데 혹시 / 아 잘 알고 계시네요. 혹시 몰라 여쭈어 봤습니다. / 혹시 학교생활 도중 인상 깊었던 활동이 있을까요? / 혹시 기억에 남는 내용을 이야기 해주실 수 있나요? / 그런데 해당 작품은 조금 유아적인 감이 있는데 조금 높은 수준의 내용은 없을까요? / 영문으로 읽으신건가요? / 혹시 인상깊게 봤던 내용이 있다면 설명해주실 수 있나요? / 네, 가능합니다. / 예. 상당히 세세히 읽으신 모양이네요. / 생활기록부에 토끼 울타리라는 책을 읽고 등장인물들에 감정에 공감하고 이에 대해 발표한 내용이 / 네. / 아 괜찮습니다. 이제 면접 시간이 끝났는데 혹시 마지막으로 하고 싶다거나 한 말씀이 있으실까요? / 말씀하세요. / 하하. 예"
국립한밭대학교,융합경영학과,"아침을 먹고 왔는지, 오는데 불편하진 않았는지? / (공통질문) 학과, 지원동기, 10년후 자신의 모습? / 마케터가 필요로 하는 역량이 뭐라고 생각하는지? / 1학년 때 영어신문기사번역 동아리를 했던데, 요즘 영어권 나라의 이슈를 아는지? / 학교 다니면서 보람 있었던 일? / ‘고전 읽기 활동’에서 리더를 많이 해봤다고 하는데, 고등학생이라 힘들고 바빴을 텐데 왜 리더를 / 스스로 공부했다는 것인가? / 최근에 읽은 책이 있는가? / 어땠는가? / 취미가 있나? / 대학교에 오면 하고 싶은 게 있나? / 그런 거 말고, 대학생활에서 즐기고 싶은 거? / 경영에는 회계, 경제, 마케팅, it 등 다양하게 세분화되는데 마케팅에 제일 관심이 많아 보인다. 회계 / mbti가 뭔지? / 그 mbti가 본인이랑 잘 맞는 것 같다고 느끼는지? / j같아 보인다. / 생기부에서 흥미롭게 봤던 부분이, 영화 ‘센과 치히로의 행방불명’을 보고 거기 캐릭터인 ‘유바 / 미인정 지각이 있던데~ / 마지막으로 하고 싶은 말?"
국립한밭대학교,인공지능소프트웨어학과,지원 동기와 10년 후의 미래에 대해 말해주세요. / 생기부에 동아리에서 to do list 어플리케이션을 만들었는데 무슨 역할을 맡았나요. / 리더를 맡았나요? / 리더를 맡은 적이 있나요? / 생기부에 병결이 많은데 그 이유가 무엇인가요? / 운동으로 극복할 수 있습니까? / 마지막으로 하실 말씀 있으면 하세요.
국립한밭대학교,인공지능소프트웨어학과,안녕하세요. / 공통 질문에 대해 4분 동안 얘기해보세요. / 동기에 대한 것밖에 못 들었는데 졸업 후 10년 후에 자신의 모습에 대해 제대로 못 들었는데 뭐라고 / 사용자 맞춤형 공간 변환 시스템이나 인공지능 기반 가상 공간 협업 시스템에 대한 내용이 너무 추 / 잠시 생각한 후 대답하세요. / 마지막 번호라 너무 긴장해서 뭔가 생각해 놓은게 있지만 대답을 제대로 애기하지 못한 것 같네요. / 자신의 단점은 무엇인가요? / 이와 관련한 사례가 있나요? / 2학년 물리학I 성적이 많이 낮게 나왔는데 물리학이 중요한지 몰랐나요? / 지금은 어떤 것 같나요? / 면접보느라 수고했습니다. 좋은 결과 있을 겁니다.
국립한밭대학교,일본어과,우리 학과에 지원한 동기나 졸업 후 진로 계획 발표해 주세요. / 다문화가정에 관심이 많은 것 같네요. 왜 그런가요? / 우리 학교에 들어오기 위해서 어떤 노력을 했나요? 학과 홈페이지 같은 것도 보셨나요? / 좋아요 마지막으로 하고 싶은 말이나 자기가 정말 하고 싶었는데 못한 말 있나요?
한밭대학교,일본어과,안녕하세요. 가번호 OO번이네요. 면접 시작하겠습니다. 긴장하지 말고 편하게 얘기해 주세요. / 우리 학과에 지원하게 된 동기와 졸업 후 10년 뒤 자신의 모습을 설명해 주세요. / 네 알겠습니다. 문화재에 관심이 많다고 하셨는데 가장 관심 있는 문화재가 있나요? / 네 잘 들었습니다. 본인이 한 활동 중에서 가장 자신 있게 설명할 수 있는 활동이 있나요? / 네 괜찮습니다. / 자신을 어필할 수 있는 시간을 드릴테니 얘기하고 싶은 것이 있으면 해주세요. / 알겠습니다. 면접 보느라 수고하셨습니다.
국립한밭대학교,일본어과,저희 한밭대학교 일본어과에 지원하게 된 계기와 10년 후 자신의 미래 모습에 대해 들어볼게요. / 들어보면 중등교사와 통번역 분야 모두 상당한 일본어 실력이 요구되는 직업인데 일본어 수준이 어 / 실제로 일본인과 대화해 본 적 있나요? / 대전의 두 국립대학교 모두 일본어과가 있는데 혹시 다른 학교도 지원했나요? 다른 대학 말고 우리 / 그럼 대전권도 지원하고 수도권에 위치한 학교도 지원했겠네요? / 앞에서 말씀하신 한밭대 일본어과 학생회 SNS에서 눈여겨본 활동이 있나요? 어떤 활동을 보고 우리 / 다른 학생들에 비해 굉장히 차분하게 답변하고 있어요. 혹시 긴장을 잘 안 하는 성격인가요? / 생활기록부를 읽어보면 일본어와 일본문화에 관심이 굉장히 많은 학생인 게 잘 보이네요. 마지막으로 / (웃으심) 간략하게 하려고 해보세요. / 네 감사합니다. 퇴실하셔도 좋습니다.
국립한밭대학교,전기공학과,네. 질문을 하도록 하겠습니다. 이 학과에 지원하신 동기가 있나요? / 이 학과에 들어오면 물리와 관련된 수업을 진행하게 될 텐데 지원자는 물리를 선택하지 않았습니다. / 그러면 물리를 아예 배우지 않은 건가요? / 어디까지 배우셨나요? / 그럼 관련된 식 하나 말씀해 주실 수 있나요? (기대를 하며) / (생활기록부 확률과 통계에 관한 내용을 언급하며) 혹시 확률과 통계에 관련된 식 하나 말해보실 수 / 알겠습니다. 면접은 여기까지입니다. 수고하셨습니다.
국립한밭대학교,전기공학과,전기공학과에 지원하셨는데 지원한 동기와 10년 후의 자신은 어떤 모습일지 이야기해 주세요. / 코사인 법칙을 이해하셨다고 적혀있는데 코사인 법칙에 대해 설명해 주실 수 있나요? / 그럼 전에 미분 관련된 책을 읽으셨던데 미분은 무엇이라고 생각하시나요? / 근의 공식에 대해 아시나요? / 그럼 근의 공식은 뭔가요? / 그럼 판별식은 뭔가요? / 물리를 안 들으셨는데 향후 학습계획이 어떻게 되시나요? / 생활기록부를 보셨을 텐데 생기부에서 내가 이건 잘 대답할 수 있겠다 싶었던 건 무엇이었나요? / 그럼 대답하지 못할 것 같은 질문은 무엇이었나요? / 더 하고 싶으신 말 있으신가요? 없으시면 여기까지 하겠습니다.
국립한밭대학교,전자공학과,안녕하세요. 우리학교에 지원하게 된 동기와 희망하는 미래 모습을 설명해 주세요. / 엔지니어로 일을 하고 싶다고 하였는데 구체적으로 하고 싶은 분야가 있을까요? / 동아리 시간에 기억나는 일이 있을까요? / 앱을 실제로 스토어에 올렸나요? / 나중에 대학교에 와서 수업을 들을 텐데 본인이 어려워하는 부분이 생기면 어떻게 대처하실 건가요? / 본인의 장점이 뭐라고 생각하나요?. / 물리학이나 미적분 같은 과목은 어려운 과목인데 수강한 이유가 있을까요? / 본인이 직접 수강하신 건가요? / 마지막으로 하고 싶은 말 있을까요?
국립한밭대학교,전자공학과,먼저 공통질문 시작하시겠어요? / 공통질문에서 동아리에서 어떤 어떤 활동을 했다고 했는데요. 동아리 그 활동을 하면서 많은 어려움 / 2학년때 부반장을 한 기록이 있네요? 부반장을 하면서 어떤 일이 있었고 어떤 감정이 있었나요? / 부반장을 하면서 안 좋은 기억은 뭐가 있나요? / 3학년에 과학 과목을 물리학II와 지구과학II를 하셨는데 이유가 무엇인가요? / 1학년 수학 활동 중에 평균에 대해서 발표했다고 했는데 무슨 활동인가요? / 3학년 활동중에 AI반도체에 대해 발표한게 있네요? 이것에 대해서 자세하게 말씀해주실 수 있나요? / 이제 시간이 얼마 안남았는데 저희가 해줬으면 하는 질문과 저희에게 말하고 싶은 말들이 있나요? / 그 질문에 대해서 말해 보세요. / 그러면 저희에게 하고 싶은 말도 해보시겠어요? / 네 이제 끝났습니다.
국립한밭대학교,전자공학과,"네 앚으시고 12번 맞으시죠? 그럼 자기소개와 지원동기, 그리고 졸업 후 10년뒤 미래 모습에 대해 말 / 로봇들을 직접 제작한 것인가요? / 로봇을 직접 만들면 여러 문제들이 발생했을텐데 이런 문제들을 해결한 본인만의 방법이 있을까요? / 다양한 로봇을 제작했다고 하였는데 제작한 로봇들을 어떻게 제어하였나요? / 학교 과정 중에 재미있는 내용이 있네요. 인공지능, 파이썬, 데이터과학을 진로활동으로 들으셨던데 / 아~ 그럼 파이썬과 c언어 둘 다 다룰 수 있는 건가요? / 그럼 c언어는 아두이노를 코딩하는 프로그램을 사용하는 정도로 사용할 수 있는 거라고 알면 되는 / 생활기록부를 보면 장애보조로봇 중에서도 의수에 관심이 있는거 같은데 의수를 사용자의 의도대로 / 그럼 의수를 직접 만들어 봤다고 했는데 이런 부분들을 어떻게 구현하였나요? / 지원한 것을 보니까 한밭대학교에 전자공학과 말고도 기계공학과랑 창의융합학부도 지원하였는데 중 / 시간이 다 되서 마지막으로 하고 싶은 말 해 주세요."
국립한밭대학교,전자공학과,"너무 긴장하지 마시고, 질문의 내용 자체는 어렵지 않으니 질문내용을 잘 듣고 대답을 해주시면 됩 / 준비하신 공통 질문에 대해 답해주세요. / 전자공학과도 여러 분야가 있다는 것을 알고 있죠? 지금 이야기를 들었을 때 한 가지 분야에만 관심 / 전자공학과 관련된 탐구활동을 진행하신 게 있으시죠? / 실험과정에 대해 설명해 주세요. / 학생의 봉사시간을 보니 다른 지원자들에 비해 많이 낮네요. 이유가 있나요? / 물리와 생명과학을 이수하셨는데 이유가 있나요? / 음악동아리 활동을 주로 하셨는데, 혹시 맡았던 역할이 있었나요? / 음악동아리 활동을 하면서 악기연습과 학업을 병행하기 힘드셨을텐데 이를 해결할 수 있었던 방법이 / 앰프의 작동원리나 어느 종류의 부품이 있는지 알고 계신가요? / 흐음... 진공관과 트랜지스터.. 용어가 기억이 나지 않을 수 있죠. / 마지막으로 하고 싶은 말이 있으신가요? / 네 알겠습니다. 수고하셨고요. 나가셔도 좋습니다."
국립한밭대학교,정보통신공학과,어서 와요. / 지원하게 된 동기가 뭐죠? / 프로그래머에게 가장 중요하다고 생각하는 것이 무엇인가요? / 더 할 말 있으신가요?
국립한밭대학교,정보통신공학과,정보통신학과에 지원하게 된 계기와 10년 후 자신의 모습을 말해주세요. / 컴퓨터 동아리 활동에서 맡은 역할과 그 활동을 통해 어떤 성취를 이뤘나요? / 학급 반장이었을 때 가장 힘들었던 부분은 무엇이었나요? / 암호화폐에 대한 활동을 많이 하였는데 블록체인에 대해서 자세히 알고 있습니까? / 추가 질문 있나요?
국립한밭대학교,정보통신공학과,긴장하지 말고 진행하시면 됩니다. 오늘 몇 시에 출발했나요? / 이 학과를 선택한 이유와 졸업 후 10년 뒤 미래에 대해 설명해 주세요. / 파이썬을 이용해 스토리텔링 인공지능을 구현하는 활동에 대해서 맡았던 역할에 대해 자세하게 설명 / 수학1 성적이 낮은 이유를 설명해 보세요. / 정보통신공학과에 지원하였는데 지구과학과 생명과학을 선택한 이유는? / 마지막으로 짧게 하고 싶은 말씀은?
국립한밭대학교,중국어과,"밥은 먹었어요? / 오, 왜 안 먹었어요? / 아 그래요? 일부러? (살짝 웃으며) 그러면 지금은 긴장이 좀 덜 해요? / 그럼 질문할게요. 저희 학과를 지원하게 된 동기와 졸업 후 10년 뒤의 모습을 말해주시겠어요? / 오, 네 잘 들었습니다. 근데 새로운 문화를 융합한다고 하셨는데 구체적으로 어떤 거죠? / 새로운 문화를 융합하면 어떻게 융합할 것인지를 물었는데, 음, 중국의 언어를 배워서 한국과 중국의 / 근데 중국어를 딱히 배우지 않아도 창작 관련 일은 할 수 있지 않나요? 방금 말씀하셨듯이 중국은 / 네, 잘 알겠습니다. 그럼 ‘중국산 상표를 떼고 최정상 자리에 올라...’라는 문장 아시죠? / 네. / 이 문장이 적힌 기사를 분석하셨는데, 어떻게 생각하시나요? / 네. 생기부에 ‘질서부’라는 역할을 했다고 적혀 있는데, 정확히 무엇을 하셨나요? / 네, 성적이 상승세를 타고 있는데, 공부를 해야겠다는 결심을 한 계기가 있나요? / 네, 그렇군요. 좋아하는 과목과 싫어하는 과목이 있나요? / (살짝 웃으시며) 생기부를 보니까, 영어를 조금 어려워하시는 것 같은데, 지금은 영어가 좀 괜찮은가 / (미소를 지으며) 영어나 중국어도 다른 나라의 언어잖아요. 중국어도 배울 때 힘드실 것 같은데, 영어 / (옆에 면접관분을 바라보시며) 저렇게 의지가 있으면 못할 것도 없겠네요. (옆에 면접관분) 의지가 그 / 네, 수고하셨습니다."
국립한밭대학교,중국어과,"먼저 공통질문부터 빠르게 가보겠습니다. 우리 학교 중국어과를 지원한 동기와 졸업 후 10년 뒤 자 / 생기부 출결이 0으로 깨끗하네요, 출결사항이 깨끗한 데 이러한 비결이 있나요? / 중국어를 한국어로 번역하려면 중국어에 정말 미쳐있거나 많은 지식을 갖고 있어야 하는데 열심히 / 중국에 가게 된다면 문화차이나 다른 부분이 많을 텐데 이러한 점은 괜찮은가요?"
국립한밭대학교,중국어과,"안녕하세요. / 여기 학교 오느라 힘들지는 않았어요? 학교 보니까 어때요? / 하하, 네 좋은 결과 있길 바라요. 긴장하지 마시고 그럼 바로 공통질문으로 넘어가 볼게요. 지원동기 / 왜 한밭대 중국어과에 오고 싶나요? / 2년동안 해외에 나가 있는게 쉬운 일이 아닌데 괜찮겠어요? / 음, 좋아요. 보니까 고등학교 2학년 독서 시간에‘선량한 차별주의’라는 책을 읽고 토론했다고 되어 / 또 보니까 중국문화 시간에 중국 AI언론에 대해서도 탐구했는데 무슨 내용인지 설명해 줄 수 있어요? / 꼭 언론 쪽으로 진출하시길 바라요. ㅎㅎ 몇가지 더 질문해 볼게요. 요즘 MZ세대라고들 흔히 하는데 / 좋네요. 음 논술 시간에 ‘내가 꾸는 꿈’이라는 책을 썼던데 이건 무슨 내용인가요? / 따뜻한 내용이네요. 마지막으로 수학 시간에 열정을 다하는 학생이라고 되어있는데 어쩌다가 수학에 / 좋아요. 그럼 마지막으로 할 말이 있을까요?"
국립한밭대학교,지능미디어공학과,"공통 질문이 있었죠? 지원 동기는 무엇인가요? (공통 질문) / 졸업 후 10년 뒤 자신의 모습을 설명해 주세요. (공통 질문) / 학생부를 보면 지각이 많은데, 어떻게 생각하나요? 앞으로 대학 생활에 성실할 수 있나요? / 자신의 장점에 대해 말씀해 주세요. / 본인은 팀 활동을 할 때 나서는 리더형 타입인가요? 아니면 뒤에서 따라가는 타입인가요? / 컴퓨터나 프로그래밍 ~ (컴퓨터 관련 용어, 기억이 안 남) 이나 어플을 만들어 본 경험이 있나요? / 컴퓨터 관련 공과 특성상 혼자 진득하게 앉아 공부할 시간도 많을텐데, 외향적인 성격같은데 잘 할 / 이제 30초 정도 남았는데, 마지막으로 자신을 어필해보세요. / 네, 잘 들었습니다. 꼭 학교에서 다시 봤음 좋겠네요."
국립한밭대학교,컴퓨터공학과,"안녕하세요. 혹시 많이 긴장되나요? / 그래 보여요. 우선 우리 한밭대학교 컴퓨터공학과에 지원해 주셔서 감사합니다. 먼저 공통 질문부터 / 생기부를 보니까 전교 부회장을 했던데 전교 부회장 출마를 위해 준비했던 공약이나 준비 과정에서 / 그럼 전교 부회장으로 활동했으니 리더십을 갖춘 건 잘 알겠고, 구성원으로서 했던 일은 뭐가 있나 / 수학이나 과학 성적이 3학년이 되어서 높아지긴 했어요. 열심히 한 결과겠죠? 우리 과가 수학과도 연 / 컴퓨터공학과에 지원했으니 고교생활 중 개발했던 앱에 대해서 설명해 보세요. / 앱이 실제로 사용되고 있는 거면 지속적인 유지보수가 가능한 건가요? / 프로그래밍 언어들의 종류는 생각보다 다양한데, 학교생활 중 제작했던 앱들을 주로 무엇으로 제작했 / (추가 질문) / 그렇군요. C언어 공부는 어디까지 했는지 알려 주세요. / 모르면 모른다고 말해도 괜찮아요. 그럼 코딩에 대해서는 알겠고, 우리 컴퓨터공학과에서는 알고리즘 / 옵티마이저 알고리즘은 뭔가요? / 옵티마이저 알고리즘을 실제로 만들어 본 건 아니고 그냥 탐구만 한 건가요? / 다른 학교들도 있을 텐데 꼭 한밭대학교여야 하는 이유가 있을까요? / 마지막 질문이 하나 더 있었는데, 이 질문에 대한 답으로 이미 한 것 같네요. 수고하셨습니다."
대전대학교,간호학과,대전대학교 간호학과에 지원한 동기와 입학 후 학업 및 진로 계획에 대해 말해 보세요. / 국가 간 무역의 과정에서 자국 산업 보호를 위한 보호무역주의 정책을 시행할 수 있습니다. 보호무 / 코로나19 시기에 대면 교육을 대체하기 위해 도입한 비대면 교육 방식을 대면 교육이 가능해진 이후
대전대학교,간호학과,안녕하세요. 너무 긴장하지 말고 자기 생각 말하면 돼요. 일단 간단히 자기소개와 지원동기 말해줄래요? / 다쳐서 응급실에 갈 정도면 심하게 다친 건데 어디를 다쳤나요? / 분위기를 잘 이끌어 나간다고 했는데 지금과 같은 이런 면접 분위기는 어떻게 이끌어 나갈 건가요? / 네. 좋아요. 본인은 굉장히 계획적인 성격 같은데 만약 계획대로 되지 않으면 어떻게 하는 편인가요? / 간호학과와 관련된 다양한 활동을 하였는데 가장 기억에 남는 활동은 무엇인가요? / 네. 당연하죠. / 본인 성적이 ○등급 때인데 이 성적에 대해 만족하나요? / 그럼 특별히 혜화인재 전형에 지원한 이유가 있나요? 다른 전형도 많잖아요. / 네. 잘 들었습니다. 혹시 궁금한 점이나 하고 싶은 말 있나요? / 네. / 네. 수고 많았어요.
대전대학교,간호학과,대전대학교 간호학과에 지원한 동기와 학업 및 진로 계획에 대해 말해 보세요. / 딥페이크 기술의 발전이 개인의 프라이버시와 명예를 침해하고 있습니다. 딥페이크 영상 제작자와 영상
대전대학교,간호학과,"대전대학교에 지원하게 된 동기와 입학 후 학업 및 진로 계획에 대해서 말해 보세요. / 대규모의 국제 스포츠 대회(올림픽, 월드컵 등)가 개최될 때마다 개최국은 경제적, 사회적 이익을 추구 / 마지막으로 하고 싶은 말이 있나요?"
대전대학교,간호학과,"공통 질문부터 질문하겠습니다. 수험번호 순으로 지원한 동기와 학업 계획, 진로 계획에 대해 말씀해 / 특정 유전자 부분을 정확하게 수정하거나 제거할 수 있는 유전자 편집 기술의 발전으로 인해 의료와 / 유전자 편집기술을 사용한 뒤 예측하지 못한 병이나 증상이 나타날 수 있는데 이를 어떻게 해결해야 / 마지막 하고싶은말 있으신 분 손 들어주시겠어요?"
대전대학교,간호학과,"먼저 간단한 자기소개 부탁 드릴게요. / 주변 사람을 통해 도와주는 모습을 많이 봤다고 했는데 혹시 어떤 사람 또는 어떤 관계였어요? / 혹시 그럼 어머니께서 가정 전문간호사이신가요? / 아 그렇군요, 알겠습니다. 저희가 간호와 관련된 내용들은 대학교에서 배울 내용이니까 학교 활동 중 / 아 그렇군요, 그런 부분에서 많이 힘들었을 수도 있었겠네요. 생기부를 보면 조퇴나 결석이 좀 있는 / (웃으면서) 그렇군요, 이건 그냥 물어본 거에요. 다음으로 남들을 하기 꺼려 하는데 먼저 행동한 적이 / 네, 위험한 상황이었는데도 잘 나서서 마무리했다니 다행이네요. 네 다음으로 가장 도움이 되거나 좋 / 네 그렇군요. 마지막으로 열심히 준비해 왔는데 못한 것이나 하고 싶은 말이 있나요?"
대전대학교,간호학과,"대전대학교 간호학과에 지원하게 된 동기와 학습계획에 대해 말해주세요. / 대규모의 국제 스포츠 대회가 개최될 때마다 개최국은 경제적, 사회적 이익을 추구하지만, 동시에 많은"
대전대학교,간호학과,"반가워요. 자리에 앉아주세요. / 먼저, 자기소개와 지원동기 말해주세요. / 방금 배려와 웃음을 이야기했는데 생활기록부를 보니까 평소 학급에 긍정적 에너지를 주고 웃음으로 / 그럼 가족이나 친구 관계에 있어서 갈등이 한 번쯤은 있었을 것이라고 생각하는데 어떤 상황이었고 / 성적이 학년이 갈수록 떨어졌네요. 본인의 바람과는 다른 결과인 것 같은데 그 이유가 있다면 말해 / 그렇군요. 봉사활동은 좋아하나요? / 가장 많이 한 봉사활동에 대해 설명해주세요. / 좋습니다. 다른 곳도 다 간호를 지원했나요? / 만약 대전대학교에 온다면 하고 싶은 거 말해 주세요. / 롤모델 있으면 말해 주세요. / 이제 준비한 답변은 여기까지인데 하고 싶은 말이나 대전대학교에 대해 궁금한 점 있으면 말해주세요."
대전대학교,경영학과,다들 식사는 하고 왔나요? / 아 다들 얼른 면접 끝나고 맛있는 식사 하러 가야겠네요. / 공동 질문 먼저 하겠습니다. 대전대학교 경영학과에 지원한 동기와 입학 후 진로계획에 대해서 말해 / 딥페이크 기술의 발전이 개인의 프라이버시와 명예를 침해하고 있습니다. 딥페이크 영상 제작자와 영 / 영상을 공유하여 퍼뜨린 유포자들도 영상 제작자와 마찬가지로 책임이 큰 거 아니냐는 말들이 있는
대전대학교,경찰학과,지원동기를 말해 보세요. / 순환식 체력시험이란 무엇인가요? / 코로나19 시기에 대면 교육을 대체하기 위해 도입한 비대면 교육 방식을 대면 교육이 가능해진 이후
대전대학교,물리치료학과,안녕하세요. / 대전대학교 물리치료학과에 지원하게 된 이유가 뭔가요? / 물리치료학과를 희망하게 된 계기가 무엇인가요. / 결석과 조퇴가 좀 있는데 하게 된 이유가 뭔가요. / 학교생활 중 가장 기억에 남는 봉사활동은 무엇인가요. / 봉사활동을 더 구체적으로 말해주세요. / 마지막으로 할 말 있으신가요.
대전대학교,물리치료학과,"안녕하세요, 아침부터 오시느라 고생하셨습니다. 어제 면접 진행해보니 다들 잘 준비해왔더군요. 그 / 네 다들 잘 준비해 오셨네요. 이어서 역순으로 사전에 공개한 문항 질문을 하겠습니다. 먼저 코로나 / 네 이어 질문드리겠습니다. 비대면 교육은 거리가 멀어 대면교육을 받기 힘든 학생들도 있을텐데 이 / 네, 확실히 비대면 교육을 받아본 학생들이라 잘 알고 있는 듯 하네요. (이어 학생1, 2 문답 후) 마지 / 동아리야 뭐 자유롭죠 (웃으심) / 네 수고하셨습니다."
대전대학교,물리치료학과,오시는 데 막히진 않았나요? 밥은 드시고 오셨나요? 다과를 준비했는데 좀 드시면서 기다리셨나요? / 아 그렇군요. 물리학과 물리치료학이 굉장히 밀접하게 관련이 있는 것을 아나요? / 학교 다니면서 어려웠던 과목이나 잘했던 과목은 무엇인가요? / 그럴 수도 있겠네요 그럼 자기소개와 저희 대전대학교에 지원한 동기에 대해 말해 주세요. / 생기부를 보니 본격적으로 물리치료사란 꿈을 꾸게 된 건 3학년 때부터인 것 같은데 그 이유를 말해 / 그렇게 환자분들에게 매일같이 영상을 찍어 보내는 것이 쉽지 않은 일이었을 것예요 그렇다면 지원 / 대전대학교에 들어와서 학업 및 진로 계획에 대해 말씀해 주세요. / 그렇다면 지원자는 어떤 물리치료사가 되고 싶나요? / 다른 대학교와 비교하여 대전대학교 물리치료학과의 차별화된 점이 무엇이라고 생각하나요? / 시간이 다 되어서 이제 면접을 끝내려고 합니다. 마지막으로 하고 싶으신 말해 주세요.
대전대학교,뷰티디자인학과,"우리 학교에 지원한 동기, 입학 후 학업 계획, 졸업 후 자세한 진로 계획까지 한꺼번에 말해주시면 / 네 잘 들었습니다. (다음 번호 학생에게 똑같은 질문 하시고 다른 면접관님께서 기본 소양 문항에 대 / 네. 잘 들었어요. (똑같은 질문으로 다른 학생들에게도 질문하심.) 그럼 이제 반박 질문을 한번 해 볼 / 네. 잘 들었습니다. (다른 학생들에게도 각 개인마다 다른 반박질문을 하심. 뒷번호 학생이 반박질문"
대전대학교,비즈니스일본어학과,안녕하세요. 지원동기나 준비해오신 것 있으면 말씀해 주세요. / 잘 들었고요. 이제 기초소양 문항 질문을 하겠습니다. / 네. 수고하셨습니다. 나가셔도 좋아요.
대전대학교,사회복지학과,"학교에 면접 보러 오시느라 수고 많으셨습니다. 각자 식사는 하셨나요? / 좋습니다. 바로 공통문항 질문하겠습니다. 대전대학교 사회복지학과에 지원하게 된 동기는 무엇인가요? / 알겠습니다. 제시문 면접 진행하겠습니다. 5가지 질문 중 한 가지만 물어보고, 같은 조에서 같은 / 코로나 시기 비대면 교육을 대면 교육이 가능해진 이후에도 활용하는 것에 대해 어떻게 생각하시나요? / 좋습니다. 마지막으로 하고 싶은 말이나 각오를 들어볼 수 있을까요?"
대전대학교,상담학과,대전대학교에 방문해 보았나요? / 그렇군요. 빠른 번호부터 지원동기와 학습계획 말해볼까요? / 최근 딥페이크 관련 범죄가 문제가 되고 있는데 이는 개인의 프라이버시와 명예를 훼손할 수 있습니다. / 딥페이크 범죄가 10대들 사이에서 유독 문제가 되고있는데 이것의 이유는 무엇이라 생각하나요? / 다들 상담에 대한 관심이 잘 보이네요. 마지막으로 질문 있나요? / 퇴장하시고 안내에 따라 나가시면 됩니다.
대전대학교,응급구조학과,"자, 다들 반갑습니다. 혹시 아침 드시고 오셨나요? / 자 이제, 본인이 이 대전대학교 응급구조학과에 지원한 동기와 입학 후의 학업 계획에 대해서 순서 / 딥페이크 기술의 발전이 개인의 프라이버시와 명예를 침해하고 있습니다. 딥페이크 영상제작자와 영 / (추가 질문) 영상 제작자의 책임이 더 크다고 말했는데, 그럼 혹시 딥페이크 기술이 좋은 기술에 사 / 이제 면접이 거의 끝났는데요, 마지막으로 이 대전대학교 응급구조학과가 왜 여러분을 뽑아야 하는지 / 혹시 다들 수시 6장 중에 응급구조학과를 몇 개나 지원했나요? / 아주 응급구조학과에 오고 싶은 의지가 강한 학생들이군요. (3명 전부 응급구조학과 6장 지원) 오늘"
대전대학교,응급구조학과,지원하게 된 동기와 입학 후 학업 및 진로 계획에 대해 말해보세요. / 기본 소양문제 중 1번 문항에 대해 물어보겠습니다. 코로나19 시기에 대면 교육을 대체하기 위해 도 / 비대면 교육을 도입했을 때 단점이 분명히 있을 텐데 이에 대해서는 어떻게 생각하나요? (뭐라고 하
대전대학교,응급구조학과,"응급구조학과에 다들 관심이 많아 보여요. 혹시 응급구조학과 수시 원서는 몇 개 작성했는지 알 수 / 이렇게 응급구조사가 되려 노력하는 모습을 보니 보기 좋네요. / 먼저 대전대학교 응급구조학과에 지원한 동기와 입학 후 학업과 진로 계획에 대해 들어보고자 하는 / 네. 잘 들었습니다. 꼭 대전대학교에서 다시 만났으면 좋겠네요. / 다음으로 기본소양에 대해 질문하고자 하는데 정답이 있는 것은 아니니 긴장 풀고 본인의 생각을 말 / 우리나라는 반도체 산업으로 인하여 어쩔 수 없이 보호무역주의 정책을 시행할 수 밖에 없는데, 보 / 시간이 얼마 남지 않았네요. 각자 1분 정도씩 하고 싶은 말 있으면 해주세요. / 모두 수고했어요. 봄에 대전대학교에서 다시 만났으면 좋겠네요. 면접이 끝난 후 캠퍼스를 한번 둘러"
대전대학교,응급구조학과,안녕하세요. 오시는 길은 괜찮았나요? 몇 시쯤 오셨나요? / 그렇군요. 대전대학교 응급구조학과에 지원하게 계기가 무엇인가요? / 응급구조사로서 갖추어야 할 가장 중요한 자질은 무엇이라고 생각하나요? / 학급에서 자신은 어떤 역할을 하나요? / 자동제세동기 설치를 늘리고 관리할 수 있는 방안에 관하여 어떻게 탐구하셨나요? / 마지막으로 하고 싶은 말 있나요?
대전대학교,응급구조학과,안녕하세요. 많이 떨리시나요? / 그럼 질문하겠습니다. 대전대학교에 지원한 동기와 입학 후 학업 계획에 대해 말해주세요. / 코로나19 시기에 대면 교육을 대체하기 위해 도입한 비대면 교육방식을 대면 교육이 가능해진 이후 / 비대면 교육은 여러 사람 이 볼 수 있고 어디서나 볼 수 있는 시공간의 제약을 받지 않는다는 장점 / 네. 수고하셨습니다. 나가셔도 좋습니다.
대전대학교,응급구조학과,"공통 질문부터 하겠습니다. 자기소개와 지원동기, 앞으로의 계획을 좀 들어보겠습니다. 면접번호 ¡¡ ¡번부터 해볼까요? / (미소 지으시며) 불 끄는 사람이랑 응급구조사랑은 다른 거 알고 계시죠? / 그럼 기본 소양 문항을 질문하겠습니다. (앞번호부터 질문하심. 본인은 마지막 번호) 그럼 ¡¡¡번호 학생에게 질문드리겠습니다. 딥페이크 기술의 발전이 개인의 프라이버시와 명예를 침해하고 있습니 다. 딥페이크 영상제작자와 영상 유포자 중 누구의 책임이 더 크다고 생각하는지와 그 이유를 말해 주시겠어요? / 꼬리 질문하겠습니다. 딥페이크 기술은 유족분들에게 고인의 사진을 딥페이크 기술을 이용한 사진 등 / 네. 이것으로 기본소양 문항은 끝났습니다. 그럼 마지막을 하시고 싶은 말 있으면 하셔도 됩니다."
대전대학교,임상병리학과,늦게까지 대기하느라 힘들었겠어요. / 먼저 지원동기와 학업 계획 말씀해 보세요. / 네 잘 들었습니다. 이제 기본소양 문제 물어볼게요. 보호 무역주의에 대해 찬성인지 반대인지 말해보 / 대전대학교에 입학하고 싶은 이유와 왜 지원자를 뽑아야 하는지 말해보세요.
대전대학교,임상병리학과,대전대학교 임상병리학과에 지원한 동기와 입학 후 학업 및 진로 계획에 대해서 말해보세요. / (제시문 5개 중 무작위로 인당 1개 질문) 딥페이크 기술의 발전이 개인의 프라이버시와 명예를 침해 / 마지막으로 하고 싶은 말이 있다면 해 주세요.
대전대학교,임상병리학과,다들 검은 정장을 입고 오셨네요? 어디 유니폼인가? 서로 맞춘 것 같네요. 지금부터 면접을 시작할 / 기본소양 문제에 대해 물어보겠습니다. 기본 소양 질문은 옳고 그름을 따지려는 것이 아니라 학생 / 네. 다 너무 잘 대답해 주셨습니다. 마지막으로 하고 싶은 말 이번에는 12번 학생부터 차례대로 말씀
대전대학교,임상병리학과,"면접을 10분씩 학생별로 자세히 물어보다 보니 시간이 많이 지연되어 죄송하단 말씀 먼저 드립니다. / 우선 우리 학과에 지원한 동기와 10년 후 자신의 모습에 대해서 답변하세요. / 이 질문을 드린 이유는 어떤 분야로 공부하고 싶은지에 대한 이해가 필요했습니다. 또 연구원이 되 / 이수 과목이 다양한데, 그 안에서 저희 과와 관련된 과목이 무엇이라고 생각하시나요? / 생명과학에 대해 특별하게 기억에 남는 활동이나 실험들이 있을까요? / 그 실험을 하게 된 건 본인이 원해서였나요? 아니면 단체로 하는 활동이었나요? 어떻게 그 실험을 / 행동특성을 보니까 선생님들이 밝고 웃음이 많다고 꾸준하게 써주셨네요. 역사가 묻고 생명과학이 답 / 네, 레이첼 카슨의 침묵의 봄은 어떤 내용인가요? 관련 보고서도 썼네요. 무엇을 느꼈나요? / 1학년에서 2학년으로 가면서 성적이 좀 하락했네요. 무엇 때문이었을까요? 또 비교과 활동이 많아요. / 그 중에서도 가장 어려웠던 과목이 있다면 어떤 과목일까요? / 보니까 3학년 때 성적이 조금 오르긴 했네요. 자신만의 공부법은 무엇이었나요? / 네, 시간이 더 있었다면 성적이 더 올랐을텐데 아쉽네요. 시간이 거의 다 됐는데 준비했던 말이나 마 / 네, 감사합니다. 수고 많으셨어요."
대전대학교,임상병리학과,"안녕하세요. 대전대학교 임상병리학과에 지원해 주어 고마워요. 일단 1번 수험생부터 이 학과에 지원 / 홈페이지에 올라 온 기본소양 문항에 대해 1번 수험생부터 대답해볼게요. 코로나19 시기에 대면 교육 / 그렇다면 비대면 교육의 단점도 있을 텐데, 어떤 것이 있을까요? / 네, 잘 들었습니다. 다들 아까 긴장되어서 하지 못했던 말을 덧붙이고 싶거나, 마지막으로 하고 싶은 / 다들 면접 보느라 고생 많았어요. 차례대로 나가시면 됩니다."
대전대학교,임상병리학과,"우선 임상병리학과에 지원을 하였는데, 이 학과에 와서 무엇을 하고 싶어서 지원하게 됐나요? / 종합병원에 취업하고 싶다고 하였는데, 종합병원에서 임상병리사의 업무가 무엇인지 알고 있나요? / 2학년 때 전반적으로 성적이 향상하였는데, 2학년 때를 기점으로 그 전과 후에 어떻게 공부하였는 지 / 임상병리학과와 관련이 깊다고 생각되는 과목은 무엇인가요? / 혈액형 판정 실험에 대해서 설명해 보세요. / 3학년 때 그람염색에 대해서 실험을 하였는데, 이 실험은 무엇을 하기 위해 하는 실험인가요? / 그람 양성균과 그람 음성균의 색깔 차이가 난다고 말하였는데, 색깔 차이는 왜 나는 걸까요? / 자율 시간에 요검사지에 대해서 조사하였는데 무엇을 느꼈는지 말해 보세요. / 시간이 다 되었는데, 마지막으로 하고 싶은 말이 있으면 해 보세요."
대전대학교 재난안전공학과 학생부교과 교과면접전형,ㅜ,저희 재난안전공학과에 지원하게 된 동기와 입학 후 학업 및 진로 계획에 대해 말해 보세요. / 네. 답변 감사합니다. 이어서 드리겠습니다. 기본 소양 문항 5번 특정 유전자 부분을 정확하게 수정하 / 네. 답변 감사합니다. 더 하고 싶은 이야기 같은 게 있을까요? / 아 정말 감사합니다. 이상으로 면접 마치겠습니다. 수고하셨습니다.
대전대학교,정보보안학과,안녕하세요. / 이 학과에 지원한 동기와 입학 후 학업 및 진로 계획은 무엇인가요? / 네. 알겠습니다. / 국가 간 무역의 과정에서 자국 산업 보호를 위한 보호무역주의 정책을 시행할 수 있습니다. 보호 / 알겠습니다. / 이 학교에 와서 해보고 싶은 것이 있나요? / 알겠습니다. 면접 보시느라 수고하셨습니다.
대전대학교,한의예과,"학교까지 오는 데 힘들지 않았어요? (아이스 브레이킹 질문. 답변 내용에 크게 신경쓰지 않아도 됨.) / 우리 학교에 지원한 동기가 무엇인가요? (공통 질문) / 한약이 간 손상을 일으킨다는 말이 있는데 이것에 대해 어떻게 생각하나요? (공통 질문) / 서류에 리도카인에 대한 토론 내용이 포함되어 있는데 이에 대한 생각을 말해 주세요. (서류질문) / 현재 의료 보험료 중 한의학은 매우 적은 비율을 차지하고 있고, 앞으로 더 줄어들 것입니다. 그렇 / 제출 서류에 생리통 관련 내용이 있는데 이에 대해 설명해보세요. / 제출 서류에 육군자탕에 대해 탐구한 내용이 있는데 이에 대해 설명해 보세요. / 학급에서 부반장을 한 경험이 있는데 가장 어려운 것은 무엇이었나요? / 네. 그럼 마지막으로 하고 싶은 말이 있다면 자유롭게 답변할 시간을 드리겠습니다. / 네 감사합니다. 그렇다면 대전대학교에 대해 궁금한 점이 있나요?"
목원대학교,유아교육과,본인이 가장 높은 성적을 받은 교과목과 가장 낮은 성적을 받은 교과목은 각각 무엇입니까? 그러한 결 / 본인의 노력으로 성취한 것은 무엇입니까? 어떤 노력으로 성취할 수 있었는지 말해보시오. / 유아 교사로서 본인이 갖추고 있는 덕목은 무엇입니까? 그렇게 생각한 이유를 말해보시오.
목원대학교,유아교육과,본인이 가장 높은 성적을 받은 교과목과 가장 낮은 성적을 받은 교과목은 각각 무엇입니까? 그러한 / 본인의 노력으로 성취한 것은 무엇입니까? 어떤 노력으로 성취할 수 있었는지 말해 보시오. / 유아 교사로서 본인이 갖추고 있는 덕목은 무엇입니까? 그렇게 생각한 이유를 말해 보시오.
배재대학교,유아교육과,마지막 순서여서 많이 기다린 거 같아요. / 우리 과에 지원한 동기가 있으면 말씀해 주세요. / 경험이 꽤 오래 유지되었네요. / 자신이 구성원으로서 참여한 활동 중에서 후회나 아쉬움이 남을만한 경험이 있다면 말해주세요. / 재학 기간 중 지속적인 목표와 계획을 수립한 경험이 있으면 말해주세요. / 고교학점제는 아직 시행하지 않는 걸로 알고 있는데 임시 시행 중인 학교인가요? / 마지막으로 하고 싶은 말이 있으면 말씀해 주세요.
배재대학교,유아교육과,"배재대학교에 와보니 어때요? / (웃으시면서) 배재대학교 건물이 참 예쁘죠? (어떤) 상 받으신 건축가분께서 지으셨거든요. 그래서 건 / 너무 긴장하지 말고, 지원동기부터 말해볼까요? / 그럼 배재대학교에 입학한 후 계획, 진로 계획을 말해 주세요. / 봉사활동 중에 가장 기억에 남는 봉사활동이 있을까요? / 이제 여러분들께서 주신 자료를 바탕으로 질문드려볼게요. 오~ ¡¡¡번 지원자는 태권도를 하셨네요? / 뭐 ‘단’이라던지 그런 게 있나요? 몇 단인지 말해줄 수 있어요? / 오, 4단이면 어느 정도 되는 건가요? / 초등학생 때부터 한 건가요? / ¡¡¡번 지원자는 원래 체육교육과를 희망하셨네요? 진로가 변하게 된 계기라는지 그 과정을 설명해 줄 수 있나요? / 네, 감사합니다. 이제 마지막으로 하고 싶은 말, 집에 가기 전에 이 말은 꼭 하고 가야겠다 싶은 말 / 감사합니다. 조심히 가세요."
배재대학교,유아교육과,"자, 오래 기다리셨죠 ? 기대리느라 힘들었겠네요. / 긴장되시겠어요. 긴장하지 말고 답변 잘해 봅시다. 자 첫 번째 순서부터 자기소개부터 하고 학교생활 / 자 그럼 유아교육과에 관심을 갖게 된 이유를 자세히 이야기해 주세요. 오른쪽 친구부터 해 볼게요. / (반응 잘해주심) 오, 오래되었네요. / 고등학교 생활 중 가장 기억에 남는 경험이 있다면 말해볼까요? 이번엔 왼쪽 친구부터 말해주세요. / 유아교육과에 들어온 다음 진로에 대해 말해 주세요. / 그럼 마지막으로 각자 하고 싶은 말이 있다면 해 볼까요? / 네. 수고 많았어요. 차례대로 나가시면 됩니다."
배재대학교,유아교육과,"배재대학교 캠퍼스 와본 적이 있나요? 어떤 것 같아요? / 네. 교육 관련 활동을 많이 한 것 같은데 유아 교사가 되기 위해 했던 활동 중 가장 기억에 남는 활동이 / 학교생활을 하면서 갈등을 겪었던 상황도 있을 것 같은데, 어떻게 극복하였나요? / 그럼 배재대학교 유아교육과를 입학한 후 계획이 있나요? / 생기부를 보니 초등교사를 꿈꾸고 있는 것 같은데 유아교육과에 지원한 계기나 사건이 있을까요? / 네. 그럼 마지막으로 하고 싶은 말이 있을까요?"
배재대학교,유아교육과,"안녕하세요. (어디서 왔는지 뭐 타고 왔는지 물어보심) / 먼저 유아교육과에 지원한 동기가 어떻게 되는지 말해주세요. / 학교생활 중에 배려, 나눔, 협력, 갈등관리를 실천했던 경험에 대해 말해 주세요. / 공부하느라 많이 힘들죠? 그중에서 가장 어려웠던 과목이 어떤 건지 말해 주세요. / 책은 많이 읽어요? 읽었던 책 중에 기억에 남는 책에 대해 말해 주세요. / 마지막으로 하고 싶은 말 있나요? / 네. 수고하셨습니다. 조심히 가세요."
배재대학교,유아교육과,"안녕하세요. / 배재대학교 유아교육과 지원동기가 무엇인가요? / 학교생활 중 배려, 나눔, 협력, 갈등관리를 실천한 경험이 있나요? / 학습 과정에서 어려움에 부딪혔던 경험을 제시하고, 극복하기 위해 어떤 노력을 했나요? / 유아교육과를 졸업한 후 어떠한 진로 계획을 가지고 있나요? / 마지막으로 하고 싶은 말이 있나요?"
배재대학교,유아교육과,유아교육과를 지원하게 된 동기를 말해 주세요. / 배재대학교 유아교육과에 입학해서 가장 하고 싶은 것 말해 주세요. / 이제 개별 질문을 해 볼게요. / 유치원 교사의 꿈을 갖게 된 이유가 무엇인가요? / 자 그럼 마지막으로 하고 싶은 말이 있나요?
배재대학교,유아교육과,각자 유아교육과에 지원하게 된 동기부터 말씀해 주세요. / 학교 활동 중에 봉사활동을 한 경험이 있다면 이야기해 주세요 / 자신의 발전가능성과 배재대학교에 입한한 후 자신의 학업 계획에 대하여 말해 주세요 / 학생은 메타버스를 활용한 만들기 체험을 한 경험이 있네요? / 마지막으로 꼭 하고 싶은 말이 있나요?
배재대학교,항공서비스학과,자기소개 해 주세요. / 우리 학교를 어떻게 알게 되었나요?
배재대학교,항공서비스학과,"우리 학교는 어떻게 알게 됐나요? / 네, 잘 들었습니다. 우리 학교에 합격하게 된다면 어떻게 다닐 건가요? / 네, 모두 잘 들었습니다. 수고 많으셨고 이제 퇴장하셔도 됩니다."
우송대학교,글로벌조리학부,오시는데 힘들지 않았나요? / 그렇군요. 그럼 지금부터 면접 시작하도록 하겠습니다. 먼저 간단한 자기소개와 지원동기를 말씀해주 / 알고 있는 프랑스 요리가 있나요? / 이 학과가 지원자의 졸업 후 미래에 어떤 가이드를 제시해줄 수 있을 것이라고 생각하시나요? / 여가 시간에는 어떻게 보내고 싶으세요? / 마지막으로 하고 싶은 말 있나요?
우송대학교,간호학과,"간호학과에 지원한 이유는 무엇이며, 특히 우송대학교 간호학과를 선택한 이유는 무엇입니까? / 우송대학교는 전공과목을 주로 원서를 사용하는데 괜찮을지? / 간호학과 수학은 어떤 관계가 있는지 설명해 주세요. / 디지털 시대에 간호사가 변화된 시대에 부응하기 위해 준비해야 하는 것이 있다면 어떤 것이 있을까요?"
우송대학교,간호학과,"간단한 자기소개와 지원 동기 말해 주세요. / 간호와 고등학교 수학과 어떤 연관이 있는지 말해주세요. / ‘글로벌 영향’에 대한 정의와 글로벌 인재가 되기 위해 고등학교에서 노력한 것을 말해주세요 / (꼬리 질문) NGO, 세계 시민 동아리에서 어떤 활동들을 했어요? / 직접 3D프린터를 사용했어요? / 시간이 초과되어 여기까지 하겠습니다. 다들 면접 보시느라 수고 많으셨고 좋은 결과 있기를 바라고"
우송대학교,간호학과,"자기소개와 지원동기를 말해 주세요. / 인간의 생애주기 중 어떤 때가 중요하다고 생각하나요? / 유아기는 몇 살부터 몇 살까지죠? / 영어 원서 수업에 대한 생각을 말해 주세요. (예상되는 어려운 점, 학습 계획 등) / 간호사에게 필요한 자질은 뭐라고 생각하나요? / 마지막으로 하고 싶은 말 있나요?"
우송대학교,간호학과,"자기소개, 우송대학교에 지원하게 된 동기 말해 주세요. / 간호학과와 수학이 어떤 관련이 있는지 두 가지 정도 사례와 고등학교에서 배운 수학의 파트를 구체 / 글로벌 역량이 무엇인지 정의를 한 번 내려보고, 고등학교 때 이 능력을 기르기 위해 어떤 노력을 / 인간의 생애주기 중 가장 취약한 시기는 언제인지 말해보고, 그에 맞는 간호법을 말해 주세요. / 마지막으로 하고 싶은 말 있나요?"
우송대학교,간호학과,"자기소개와 지원동기 말씀해주세요. / 글로벌 역량의 정의와 글로벌 역량을 기르기 위해 자신이 한 활동, 진학 후 글로벌 역량을 기르기 / 코로나19 이후 마스크를 자신의 일부를 가리기 위해 착용하는 경우가 있는데, 이에 대한 자신의 의견 / 수학과 간호학과의 연관성에 대해 고등학교 수학 내에서 말씀해 주세요. / 마지막으로 하고 싶은 말 있나요?"
우송대학교,간호학과,"자기소개와 자신이 살면서 가장 잘했다고 생각하는 일 한 가지씩 말해 보세요. / 인간의 생애주기 중 가장 취약한 시기는 언제이며, 생애 주기별로 어떤 간호가 필요한지 말해보세요. / 글로벌 간호 인재가 되고 싶다고 했는데 글로벌 간호 인재에게 필요한 자질은 뭐라고 생각하세요? / 그렇다면 학창 시절 영어를 어떻게 공부했었나요? / 학창 시절 영어 몇 등급이었어요? / 마지막으로 하고 싶은 말 있나요?"
우송대학교,간호학과,"안녕하세요. 먼저 우송대학교 간호학과에 지원해 주셔서 감사드립니다. 앞번호부터 자기소개랑 왜 우 / (다른 학생들까지 들은 후) 네. 다음으로 간호사가 갖추어야 할 역량은 무엇이라 생각하는지 뒷번호 / 네. 잘 들었습니다. 여러분들이 생각하는 인간의 생애주기 중 가장 중요하다고 생각하는 생애주기, / 노년층은 몇 살부터인가요? (추가질문) / 네. 모두 수고하셨습니다. 혹시 마지막으로 하고 싶으신 분 있을까요? (4명 모두 손들었음) 그럼 처음"
우송대학교,간호학과,"안녕하세요. 앉으세요. 자기소개랑 우송대학교 간호학과에 지원하게 된 동기를 1번 학생부터 / 지원자는 간호학과와 수학은 어떤 관계가 있는지 설명해 주시고, 고등학교 재학 중 어떻게 수학 / 온라인 커뮤니티에서, 건강한 시민성을 해치는 것으로서 바람직하지 않은 현상이 무엇인지 / 졸업 후 진로 중 자신이 원하는 분야와 그것을 위해 대학 생활에서 노력할 부분을 말해 보세요. / 마지막으로 하고 싶은 말 있으신 분 있을까요?"
우송대학교,간호학과,"안녕하세요. 많이 떨리죠? 긴장하지 말고 편하게 답변해 주세요. / 자기소개와 우송대 간호학과에 지원하게 된 이유를 간단하게, 길지 않게 말해주세요. 맨 왼쪽 사람부 / 자기소개가 포함되어 있는거죠? / 친구들 모임에서 나는 어떤 역할을 맡고 있는지 예를 들어 얘기해 주세요. / 우송대 간호학과는 원서 수업을 하는데 고등학교 때 영어 공부를 어떻게 했는지, 대학에 입학해서는 / 영어단어를 하루에 몇 개씩 외웠어요? / 영어지문 읽는데 몇 분 걸려요? / 간호학과와 수학 단원 두 개를 연관 지어주세요. / 미적분이랑 간호가 무슨 관련이 있어요? / 마지막으로 할 말이 있다면 해 주세요."
우송대학교,간호학과,"네, 안녕하세요. 오는 길 괜찮았어요? (타이머 세팅하시고 영상 촬영하심) / 이쪽부터 자기소개랑 우송대학교 지원한 동기 이야기해 주세요. / 네, 학생이 말했듯이 저희 학교는 원서로 수업을 진행하는데 현재 영어 학습 수준 정도와 이에 대한 / 학교에서 원서로 수업을 진행한 적 있어요? / 다른 학생들은 있어요? (모두 없다고 함) / 그러면 영어 신문을 분석한다거나 논문을 분석한다거나 한 적 있어요? / 그러면 지문 하나 해석하는데 얼마나 걸려요? / 그럼 거기서 모르는 단어는 몇 개 정도 돼요? / 기말고사가 익일 10시인데 금일 할머님 별세 소식을 듣고 부산 장례식장에 가게 되었다면 기말고사 / 네, 뭐 마지막으로 아쉬웠던 부분이나 말하지 못했던 부분, 하고 싶은 말 있어요? / 네, 학생부터 말해 보세요. / 수고 많았고요. 오늘 비도 오고 추우니까 집 가서 따뜻한 물에 들어가서 쉬세요."
우송대학교,간호학과,"반갑습니다. 오는 길은 편안했나요? / 네 그럼 바로 이쪽 첫 번째 학생부터 차례대로 자기소개랑 지원동기 1분 안에 알죠? 시작하세요. (1 / 네. 간호학과랑 수학이 연관성이 높은데, 특별히 어떤 부분이 연관성이 있다고 생각하나요? 또 고등 / 네. 이번엔 인성 질문 좀 몇 개 할게요. 기말고사가 익일 10시인데 금일 할머님 별세 소식을 듣고 부 / 먼저 연락부터 한다는 거 좋았습니다. (이 질문 때에 다른 지원자가 본인은 시험보다는 가족을 우선 / ¡¡¡ 지원자? 현재 교실에서 가장 해결하고 싶은 문제는 무엇이고, 본인이 선생님이라면 그 문제를 어떻게 해결할 것인지 말해보세요. (시선, 손짓으로 알려주심) / 준비를 굉장히 열심히 했나 봐요? / 우송대학교 간호학과에 오기 위해서 고등학교 때 특별히 했던 활동 있으면 말해주세요. 이쪽부터? / 온라인으로 진행한 건가요? / 선생님께서 학교로 찾아오신 건가요? / 더 있나요? / 여기까지만 들을게요. 다른 지원자 이야기도 들어봐야 하니까요? / (지원자 세 명 말했는데 모두 다 우송대학교 학과체험 경험 언급함) 학과체험 이야기가 많이 나오는 / 지금 시간이 없어서, 하고 싶었는데 못했던 말이나 마지막으로 할 말 있으면 15초 안에 짧게 말해보"
우송대학교,간호학과,"우선, 우리 학교에 지원해 주셔서 감사합니다. 다들 긴장 많이 하셨죠? / 자 그럼, 이쪽부터 차례대로 자기소개 해 보세요. / 다들 국제 간호사가 되고 싶다고 말씀하셨는데, 영어 원서 학업 계획은 어떻게 가지고 계신가요? / 간호학과와 수학의 관계를 예시 2개를 들어 설명해 주세요. (이때부터 약간의 압박도 있었고, 기출과 / (말 끊으며) 어떤 부분에서 그렇게 생각하냐니까요? / (꼬리 질문) 방금 말한 수학 단원들 중 가장 좋았던 부분이랑 싫었던 부분은 뭐에요? / 다들 앞에서 하고 싶었는데 못했던 말이 있다면 지금 해보세요. / 다들 긴장 많이 하셨을텐데, 수고 많았습니다."
우송대학교,간호학과,"네, 안녕하세요. 자리에 앉아주세요. (이후 잠깐 아이스브레이킹하며 긴장 풀어주심) / 자기소개 및 우송대학교 간호학과에 지원하게 된 동기에 대해 말씀해 주세요. / 가번호 ¡¡¡번은 간호학과에 진학하기 위해 고등학교에서 노력한 것이 있나요? / 노력한 점 사례로 자세히 알려 주세요. / 리더십 관련하여 어떤 식으로 이끌었는지 답변해 주세요. / 그렇다면 그 친구들도 그렇게 생각할까요? / 파킨슨병과 같은 뇌질환이 도파민 시냅스 구조와 밀접한 관련이 있다는 연구 결과를 접하고 관련 내 / 그렇다면 혹시 탐구는 어떤 식으로 진행하나요? 논문을 탐구하나요? / 얼굴이 익숙한데 혹시 교과 면접 저한테 보셨나요? / 정말 궁금해서 질문하는건데 혹시 개선할 점이 있으면 말해 주세요. / 그럼 혹시 우송대학교에 원서 몇 장 쓰셨나요? / 9모 영어랑 수학, 그리고 탐구 등급대는 어떻게 되나요? / 9모 영어 등급과 내신 영어의 등급대 차이가 있는데 어떻게 생각하시나요? / 그렇다면 영어 공부는 보통 어떻게 해 왔나요? / 단어는 하루에 몇 개 정도 외우는지 분량 알려 주세요. / 주로 단어장 어떤 거 쓰셨나요? / 네. / A4용지 분량의 영어 지문을 독해하는데 어느 정도 걸리나요? / 혹시 마지막으로 한마디 하고 싶으신 분 있으시면 해주세요. / 가번호 ¡¡¡학생 먼저 해 주세요. / 네, 수고하셨어요. 나가셔도 좋습니다."
우송대학교,간호학과,먼저 자기소개와 우송대학교에 지원해 주신 이유 말해 주세요 / 간호학과 수학을 고등학교 때 배운 단원과 연관지어 말해 주세요. / 친구들 사이에서 어떤 역할을 하며 예시를 들어 말해 주세요. / 우송대는 주로 원서로 수업을 하는데 자신의 학업 계획에 대해 말해 주세요. / 마지막으로 한마디 해 주세요.
우송대학교,간호학과,앉으세요. 여기까지 오느라 고생 많았어요. 그럼 첫 번째 지원자부터 자기소개와 스스로 자랑스러웠 / 아? 우리 학교 간호학과 체험에 왔었어요? / (모든 순서가 끝나고) 네 잘 들었습니다. 이제 한 명씩 질문해볼게요. 이번에는 네 번째 지원자부터 / (모든 순서가 끝나고) 네 잘 들었습니다. 모두가 다 답변을 시원시원하게 해주셨네요. 두 번째 지원 / 간호학과와 관련 있는 고등학교 과목은 무슨 과목일지 두 가지만 예를 들어 설명해보세요. 먼저 하 / 네. 모두 다 답변을 아주 구체적으로 해주신 것 같습니다. 이제 준비한 질문이 모두 끝났습니다. 이 / 혹시 또 마지막으로 하고 싶은 말 있는 다른 지원자 없으면 면접 마치겠습니다.
우송대학교,간호학과,"떨리겠지만 먼저 심호흡 먼저 하시고 시작할게요. (타이머 누름) 먼저 자기소개랑 지원동기 말해볼 / 동아리에서 ‘소아질환과 치료법’이라는 주제로 발표했다고 적혀 있는데 맞나요? / 그럼 소아과 간호사를 꿈꾸게 된 계기가 궁금한데 말해주실 수 있을까요? / 학생회에서 학업신장부의 부장으로 활동했다고 적혀 있는데 맞나요? / 그럼 부장 활동을 하면서 가장 기억에 남는 활동이 있으면 말해주세요. / 요즘 환경 과목이 잘 없는데 환경 과목을 들으셨네요? 기후 위기에 따른 전염병 증가에 관한 기사를 / 영어 독해와 작문 수업에서 다이어트 음료 속에 첨가된 당의 위험성에 대한 보고서를 작성하였다고 / 어떤 부분에 대해 위험성이라고 느꼈는지 설명해 줄 수 있을까요? / 1학년 때는 진로가 방송국 PD를 희망한다고 적혀있는데, 간호사로 진로를 바꾼 이유가 있나요? / 현행하는 의료 불평등에 대한 정책을 제안했다고 했는데, 이것을 설명해 주세요. / 수학에 대해 하나 물어볼게요. 루게릭병에 대한 것을 조사했나요? / 수학과 관련지어 설명해 줄 수 있을까요? / 마지막으로 하고 싶은 말이 있다면 말씀해 주세요. / 옆 지원자는 따로 없으실까요? / 그럼 수고하셨습니다. 조심히 들어 가세요."
우송대학교,간호학과,"왼쪽부터 차례대로 자기소개 간략하게 하고 지원동기 말씀해 주세요. / 네. 4차 산업 혁명 시대에 간호사의 역할은 무엇이며, 이를 위해 대학 생활에서 준비할 사항은 무엇 / 간호학과와 관련 있는 고등학교 과목은 무슨 과목일지 두 가지만 예를 들어 설명하세요. / 간호학과 진학을 위해 고등학교 재학 중 가장 노력했던 활동이 무엇인지 말해 보세요. / 언제 다녀왔나요? / 아쉬운 점이나 개선할 점이 있었나요? / 저희 간호학과는 영어 원서로 수업을 진행하는데 고등학교 시절 영어 성적을 올리기 위해 노력했던 / 영어 단어는 하루에 몇 개씩 외웠나요? / 다들 면접 보느라 수고했어요. 나가봐도 좋습니다."
우송대학교,간호학과,자기소개랑 지원동기 말씀해 주세요. / 우송대학교는 전공과목을 주로 원서를 사용하고 제2외국어를 필수적으로 이수하는데 이에 대한 학업계 / 원서를 읽어본 적 있나요? (추가 질문) / 간호학과와 수학은 어떤 관계가 있는지 과목 2개랑 엮어서 설명 하세요. / 현재 교실에서 가장 해결하고 싶은 문제는 무엇이고 어떻게 해결하면 되는지 생각한 바를 이야기 해주 / 기말고사가 익일 10시인데 금일 할머니 별세 소식을 듣고 부산 장례식장에 가게 되었다면 기말고사는 / 마지막으로 이건 꼭 말하고 싶다 하는 사람 있나요?
우송대학교,간호학과,어서오세요. 인사 해 볼까요? / 앉으세요. / 왼쪽에 앉은 친구부터 자기소개와 지원동기 1분 정도씩 말해 볼까요? / 기성세대가 mz세대에 대하여 어떻게 생각하고 있는지 말해 주세요. / 고교 시절에 배웠던 수학과 간호학과의 연관성 두 개 말해 주세요. / 글로벌 역량의 정의는 무엇이라고 생각하고 이를 위해 고교 시절 노력한 점은 무엇이라고 생각하나요? / (꼬리 질문) 어떤 원서 책이었죠? / 모두 수고하셨고 시간이 얼마 남지 않아 각자 10초 정도씩 마지막으로 하고 싶은 말이 있다면 말해
우송대학교,간호학과,안녕하세요. 지금부터 면접 시작하겠습니다. 자기소개와 지원동기 먼저 말해 주세요 / 우송대학교 간호학과 특징에 대해 말해 보세요. / 그게 본인과 어떤 관련이 있나요? / 생기부를 보니 노인 간호와 관련된 활동을 많이 했네요. 노인 낙상 시 일어나는 문제점에 대한 탐구 / 화학 I에서 방사성 동위원소와 암에 대한 탐구를 진행했는데 설명해 볼 수 있나요? / 미적분을 배웠다고 하는데 미적분이 간호와 어떤 관련이 있나요? / 물리는 학생들이 어려워해서 잘 수강하지 않는 과목인데 지원자는 물리 I 과목을 수강했네요. 물리는 / 물리 I에서 심전도 그래프 관련 탐구활동을 한 것에 대해 더 자세히 설명해 주세요. / 심리학에서 임상 오류에 관한 간호사들의 심리에 대해 알아보았는데 이를 자세히 설명해 주세요. / 마지막으로 하고 싶은 말 있으면 하세요.
우송대학교,간호학과,어서오세요. 인사해볼까요? / 그럼 자기소개와 우송대를 지원한 동기 말해 주세요 / 그 우송대 전공 체험을 언제 들었나요? / 진로 활동 때 죽음의 5단계에 대해 탐구했는데 어떤 내용이었나요? / 죽음의 5단계를 단계별로 말해주세요 / 고교 연계 프로그램 중에서 ‘글로벌 간호사 되기’ 프로그램을 들으신 것 같은데 어떤 내용이었나요? / 이 프로그램에서 실습 같은 것은 안했나요? / 무자격 간병인에 대해 조사한 적이 있는데 어떤 내용이었나요? / 모의고사 전체 등급은 무엇이었나요? / 마지막으로 하고 싶은 말 있나요?
우송대학교,간호학과,"우리 학교 간호학과를 선택한 이유가 무엇인가요? / 4차 산업 혁명의 정의는 무엇이고 간호사로서 어떤 역할을 수행해야 할까요? / 학급에서 가장 해결하고 싶은 문제는 무엇이고 어떻게 해결할 것인가요? / 학교생활에서 어떤 과목을 가장 열심히 했고 무슨 활동을 했나요? / 네, 수고하셨습니다."
우송대학교,간호학과,우송대학교에 지원해 주셔서 감사합니다. 이제 간단하게 1분 이내로 자기소개 및 지원동기를 말씀해 / 저희는 기성세대고 여러분은 MZ세대이죠. 기성세대가 MZ에 대하여 어떻게 생각하고 있고 적절하지 / 학생들이 생각하는 글로벌의 의미와 어떤 자세가 필요한지 답변해 주세요. / 간호학과와 수학은 어떤 관계가 있는지 설명해 주세요. / 다들 열심히 준비하셨네요. 경쟁률이 높아서 결과는 모르겠지만 수고하셨습니다.
우송대학교,간호학과,"먼저 우송대학교에 지원해 주셔서 감사합니다. 자기소개와 우송대 지원동기 합쳐서 말해주세요. / 우송대 간호학과에 입학하면 영어 원서로 수업하는데 고등학교 때 영어 공부 어떻게 했나요? 또 대 / 간호학과 관련 있는 고등학교 수학 교과는 무엇일지 두 가지만 예를 들어 설명하세요. / 내가 학급의 담임 교사라면 현재 교실에서 가장 해결하고 싶은 문제는 무엇이라고 생각하나요? 또 / 내일 중요한 기말고사가 예정되어있는 상황에서, 예상치 못하게 오늘 어머니께서 돌아가셨다는 소식 / 사실 뚜렷한 정답은 없어요. 모두가 잘 대답한 것 같네요. 마지막으로 할 말 있으면 손을 들고 이야"
우송대학교,물류시스템학과,"본인의 장단점을 지원학과와 관련하여 설명하세요. / 그룹 활동에 있어서 발생했던 갈등이 있었다면 어떠한 갈등이었으며, 갈등을 어떻게 해결했는지 말씀 / 대학 생활에서 전공 분야에 대한 학습 계획과 졸업 후 진로는 어떻게 되나요? / 전공적합성 관련 질문을 하겠습니다. 물류표준화의 중요성에 대해 말해 보세요. / 그러면 생활 속의 물류 활동에 대해 말해 보세요."
우송대학교,물리치료학과,"간단한 자기소개와 특별히 우송대학교 물리치료학과에 지원하게 된 동기를 말해 주세요. / 물리치료사가 다른 보건 인력들과 어떠한 차이점이 있다고 생각하는지 본인의 의견을 말해주세요. / 학생은 운동을 배운 적이 있나요? / (태권도 활동에 대한 꼬리 질문) / 학생은 제 2외국어를 공부한 경험이 있나요? / 독일어를 혼자 공부한 건가요? (꼬리 질문) / 우송대학교 물리치료학과에 입학하게 된다면 꼭 하고 싶은 활동은 무엇인가요? / 학생회 활동을 하며 구성원 간의 갈등 상황을 효과적으로 조정한 경험이 있다면, 구체적으로 소개해"
우송대학교,물리치료학과,안녕하세요. 간단하게 자기소개와 지원동기를 말해 주실 수 있나요? / 어떤 운동을 하셨나요? / 다른 사람을 돕는 것을 좋아하신다고 하셨는데 물리치료 관해서 자원봉사 같은 경험이 있습니까? / 영어를 공부하면서 어려웠던 부분이 있다면 알려 주세요
우송대학교,물리치료학과,우송대학교 물리치료학과를 지원하게 되신 계기를 자기소개와 함께 1분간 얘기해 주세요. / 우송대학교 물리치료학과에 입학하면 어떤 식으로 공부하실 생각인가요? / 생활 기록부를 보면 성실하다고 되어있네요. 어느 부분에서 선생님이 성실하다고 기록하신 것 같나요? / 네. 수고하셨습니다.
우송대학교,물리치료학과,"네, 앉으세요. (가번호 확인 후) 자기소개랑 우송대학교를 왜 지원하였는지 말해 주세요. / 필라테스를 배웠다고 했는데 얼마나 했나요? / 우송대학교에서 배우고 싶은 것을 말해 주세요. / 해외 취업에 관심이 있다고 하셨는데 외국에서의 물리치료사가 어떤 것을 하는지 알고 계신가요? / 미국에 가본 적이 있나요? / 다른 보건 인력들과 물리치료사의 차이점을 말해 보세요. / DPT를 아시네요? 조사 많이 하셨나 봐요. / 네 수고하셨습니다."
우송대학교,물리치료학과,"안녕하세요. / 모두 같은 과를 지원했지만 지원한 동기가 다를 것 같습니다. 왜 많은 학교 중에서 우송대 물리치료학과 / 커리큘럼의 어떤 부분이 적합하다고 느꼈나요? / 물리치료에는 다양한 분야가 있습니다. 각자 관심 있는 분야가 다를 것 같은데, 어떤 분야의 전문가가 되 / 목표를 위해서 어떤 구체적인 노력을 할 계획인지 말해 주세요. / 대학 진학 후 전공 공부 이외에 하고 싶은 활동을 말해 볼까요? / 지금까지 하기 싫었거나 힘들었던 일 중에서 스스로 노력하여 해결한 경험을 말해 주세요. / 최근에 본 뉴스, 신문 기사 중에서 물리치료와 관련된 이슈의 내용을 설명하고 본인의 견해를 말해주세요. / 자신이‘좋아하는 일’과 ‘잘할 수 있는 일’ 중에서 어떤 것을 직업으로 선택하는 것이 바람직하다고 / 자신의 성격 중 단점은 무엇이고, 그것을 어떻게 극복하려고 노력했는지 말해 주세요. / 마지막으로 하고 싶은 말 있으면 해 볼까요? / 수고하셨습니다. 나가셔도 됩니다."
우송대학교,물리치료학과,"오시는 데 많이 막히지는 않으셨나요? 아침밥은 다들 드시고 오신 건가요? 네, 면접을 시작하기에 앞 / 네 그럼 질문 하나 하겠습니다. ¡¡¡번 학생의 장점은 무엇인가요? / 다음 공통 질문입니다. 우송대학교 물리치료학과에 들어온 후 학업 계획을 알려 주세요. / 마지막 질문하겠습니다. 초고령화 사회에서 물리치료사의 역할은 앞으로 어떻게 변화할 것인지 자신 / 네, 다들 너무 수고하셨습니다. 저희 우송대학교에 지원해 주셔서 감사합니다."
우송대학교,물리치료학과,"자기소개 및 지원동기에 대해 말해 주세요. / 스포츠 테이핑을 진행하셨다고 하는데 스포츠 테이핑은 어떻게 배우게 됐나요? / 학급 부반장, 반장 그리고 학생회장까지 하면서 물리치료학과 관련 일은 한 적이 있으면 답변하세 / 아까 말씀하신 규정집 개편은 뭔가요? / 선수 트레이너가 된다면 원하는 종목은? / 네. 그럴 줄 알았어요. 그 졸업생 중에서 그 쪽으로 간 친구가 있어서... / 미인정 지각이 있는데, 큰 문제가 되진 않지만 무슨 일이 있었던 건가요?"
우송대학교,보건의료경영학과,네 안녕하세요. 자리에 앉으세요. 자기소개해주세요. / 네. 우리 학교에 지원한 계기가 무엇인가요? / 자신의 성격 중 가장 큰 장점이 있어요? / 그럼 본인의 약점과 이를 극복하기 위해 노력한 경험이 있어요? / 고등학교 시절 수행한 동아리 또는 봉사 활동이 있어요? / 대학 졸업 후에 어떤 사람이 되고 싶어요? / 본교 보건의료경영학과에 대해 어떻게 알게 되었어요? / 보건의료경영학과 홈페이지에서 기억나는 것이 있나요?. / 길가는 도중에 어떤 사람이 갑자기 쓰러진 장면을 목격했다면 어떻게 행동할 것인가요? / 최근에 큰 문제가 되는 음주 운전이 위법한 행동으로 처벌받는 이유는 뭐라고 생각하나요? / 마지막으로 하고 싶은 말이 있나요?
우송대학교,뷰티디자인경영학과,"1, 2학년 때 무단 지각과 조퇴가 있었는데 무슨 사유가 있었나요? / 3학년 동아리에서 한 활동이 많이 없는 것 같은데 이유가 있었나요?"
우송대학교,사회복지학과,"안녕하세요. 긴장하지 말고 편하게 대답하면 됩니다. / 사회복지사는 어떤 일을 하는 사람인가요? / 사회복지사는 종류가 많은데 어떤 사회복지사가 하고 싶은지 이야기할 수 있나요? / 사회복지사가 가져야 할 마음가짐은 무엇인지 이야기할 수 있나요? / 그렇다면 2, 3학년 때 자율 동아리 활동으로 경제동아리를 하셨는데, 본인이 주도적으로 한 활동은 / 주위에서 나는 어떤 사람인가요? / 마지막으로 하고 싶은 말이 있나요? / 수고하셨어요. 면접을 마치겠습니다."
우송대학교,소방·안전학부,저희 학교에 오고 싶은 이유가 있나요? / 우리 주변에서 볼 수 있는 화재 위험성이 있는 것들은 무엇이 있을까요? 그리고 그것들을 해결하기
우송대학교,솔브릿지경영학부,"안녕하세요. / 가장 먼저 와서 기다리던 학생이네요? / 집이 가까운가 봐요? / 그렇게 가깝지는 않네요? / 자 그럼 면접 시작하겠습니다. 학생은 고등학교 3년간 어떤 학생이었나요? / 꿈을 이루기 위해 무슨 노력을 했을까요? / 공동교육과정이라고 하면 몇 학점을 이수한 건가요? / 학교에서 한 건가요? / 그렇군요. 저희 학교에도 프랑스 학생들 많은데...... 그럼, 살면서 어려웠던 시기는 언제였고 어떻게 / 우간다는 지금도 많이 생소한데, 그럼 우간다에서 의견충돌 경험이 있나요? / 얼마나 어릴 때 갔어요? / 오, 엄청 오랫동안 있었네요.. 그럼, 우간다 이민했을 때랑 지금의 영어 실력은 같은가요? / 사실 솔브릿지는 한국인 학생들이 더 적은 학과인데 여기서 학생이 어떻게 적응할 것인가요? / 그렇군요. 조금 전에 토론 좋아한다고 하셨죠? / 영어로 토론을 한 경험이 있나요? / 그럼 외국인 학생들과 토론하는 중에 의견 충돌이 발생하면 어떻게 할 것인가요? / 네, 말해보세요 / 오... 제 아이들도 미국에서 자랐는데, 혹시 토론을 할 때 자기의 의견만 적극적으로 주장하는 것에 / 솔브릿지는 국제경영이기 때문에 경영에 대해서도 공부합니다. 경영 중에서 어느 부분에 가장 관심이 / 그럼 마케팅 중에 관심 있는 이슈는 무엇인가요? / 기업이 자선단체도 아니고 경영의 목표는 이익이기 때문에 제 생각에는 그린워싱을 안하는 기업은 / 하하 조금 어렵지요? / 네. 천천히 하세요. / 그럼 학생이 생각하는 esg경영을 하는 기업은 무엇인가요? / (타이머 울림) 네. 수고했습니다. 안녕히 가세요."
우송대학교,스포츠건강재활학과,AT가 무엇이고 하는 일일 무엇인지 설명하세요. / 지원동기와 자신의 전공에 대한 강점을 답변하세요.
우송대학교,스포츠건강재활학과,"네 안녕하세요. 먼저 지원동기를 말해 주세요. / 네. 그럼 본인이 가장 잘하는 운동은 무엇인가요? / 이 학과에서 가장 배우고 싶은 것이 있다면 말해 주세요. / 건강운동관리사를 설명해 보세요. / 기억에 남는 본인의 선행을 말해 보세요. / 본인 세대의 특성을 감안하여 입학 후 동기에 대해서, 선배에 대해서 어떻게 행동하고자 하나요? / 네. 수고하셨습니다. 나가셔도 좋습니다."
우송대학교,스포츠건강재활학과,자기소개와 지원동기 말해 주세요. / 자신의 장점을 말해 보세요. / 성인인 대학생으로서 고교생과 달리 갖춰야 할 자질은 무엇이라고 생각하시는지 말해보세요. / 그 자질을 가지고 한 활동이 있다면 말해 보세요. / AT가 무엇인지 설명해 보세요. / 학과 홈페이지 및 SNS를 보고 기억에 남는 내용은 무엇인가요. / 학과에서 가장 배우고 싶은 교과 말해 보세요. / 스포츠 재활과 물리치료의 차이를 말해 보세요. / 본인이 가장 잘하는 운동이 있거나 선수 경력이 있다면 말해 보세요.
우송대학교,스포츠건강재활학과,"자기소개와 이 학과를 선택하게 된 동기에 대해서 말해주세요. / 대학생이 되었을 때 갖춰야 할 자질은 무엇인지 말해 주세요. / 학과 동기, 선후배와 좋은 관계를 유지하기 위해 필요하다고 생각하는 것은 무엇인지 말해주세요. / 건강운동관리사가 무엇인지 설명해주세요. / 마지막으로 하실 말씀 있으신 분들은 순서 없이 손을 들고 말해주세요."
우송대학교,스포츠건강재활학과,"이쪽 학생부터 자기소개와 학과에 지원하게 된 계기가 무엇인지 설명해 주세요. / 네 잘 들었습니다. 그럼 이쪽 학생부터 학과와 맞다고 생각하는 본인의 강점은 뭐라고 생각하시나요? / 그럼 기억에 남는 본인의 선행은 무엇이 있나요? / 대학 생활 중 꼭 지켜야 한다고 생각하는 것은 무엇이라고 생각하나요? / 그럼 학과 동기, 선후배와 좋은 관계를 유지하기 위해 필요한 것은 무엇인가요? / 본인이 가장 잘하는 운동 말씀해 보세요. / 학과에서는 가장 배우고 싶은 과목이 무엇인가요? / 저희 학교에 입학하게 되었을 때 수업 중 교과 수업을 따라갈 수 없다면 학업 계획을 어떻게 수정할 / 모두 잘 들었습니다. 혹시 마지막으로 준비했는데 말하지 못한 이야기나 하고 싶은 이야기가 있으신"
우송대학교,스포츠건강재활학과,"자기소개와 지원동기 말씀해주세요. / 성인인 대학생으로서 고교생과 달리 갖춰야 할 자질은 무엇이라고 생각하세요? / 학과와 맞다고 생각하는 본인의 강점 무엇이라고 생각하세요? / 학과 동기, 선후배와 좋은 관계를 유지하기 위해 필요하다고 생각하는 것은 무엇이라 생각하나요? / 스포츠재활과 물리치료의 차이는 무엇일까요? / 팀 프로젝트에서 적극적으로 협조하지 않은 팀원이 있다면 어떻게 할 것인지 말씀해주세요. / 마지막으로 하고 싶은 말이 있다면 말씀해 주세요."
우송대학교,스포츠건강재활학과,자기소개와 지원동기를 말해보세요. / 학과 전공 적합성을 위해 질문 드리겠습니다. AT란 무엇인지 설명해보세요. / 우리 학과 커리큘럼을 보면서 가장 배워보고 싶은 과목 있어요? / 그럼 무슨 과목이 가장 어렵게 느껴지나요? / 출결 보니까 1학년 3학년 때보다 병결이 많은데 이유가 있나요? / 스포츠재활이 진로인데 RCY에서 동아리 활동을 한 이유가 있나요? / 아까 태권도 선수 경험이 있다고 했는데 수상한 경험 있나요? / 우리 학교 말고 다른 학교는 어디 지원했어요? / 대전대 건양대는 무슨 과 지원하셨어요? / 그럼 나중에 진로로 무엇을 하고 싶어요? / 마지막으로 하고 싶은 말 있으시면 해주세요.
우송대학교,스포츠건강재활학과,긴장 많이 하셨네요? 긴장 푸시고 다들 준비한 지원동기부터 말해주세요. / 네. 다음은 기억에 남는 본인의 선행 말해 주세요 / 스포츠건강재활학과와 맞다고 생각하는 본인의 강점 말해 주세요. / 우리 학과에서 가장 배우고 싶은 게 무엇인지 말해 주세요. / 네. 팀 프로젝트에서 적극적으로 협조하지 않은 팀원이 있다면 어떻게 할 것인지 말해 주세요.
우송대학교,외식조리학부,우송대학교에 관심을 주고 지원해주셔서 감사합니다. 먼저 자기소개 및 지원동기를 말해 볼까요? / 다음 질문으로 갈게요. 혹시 요리하면서 자기 자신이 잘한다고 생각하는 것이 있나요? / 요새 환경과 관련되어 이슈가 많다는 것 알고 있죠? 음식물쓰레기가 환경을 비롯해서 우리에게 어떠 / 혹시 좋아하는 활동이나 취미 활동이 있나요? 요리와 관련된 것도 괜찮고 천천히 대답해 주세요
우송대학교,외식조리학부,"자기소개와 지원동기 빠른 번호 순서대로 말씀해주세요.. (이름, 출신 언급 불가능) / 단체 활동에서 문제해결을 할 때 필요한 것이 무엇이라 생각하시나요? / 4차산업은 조리 분야에 어떤 영향을 미치는지 설명해 주세요. / 2025년의 외식 트렌드는 무엇이라 생각하시나요? / ¡¡¡번호 학생의 비전과 목표가 무엇인가요? / 마지막으로 하고 싶은 말이 있으면 해주세요."
우송대학교,외식조리학부,"안녕하세요. 앞서 말씀드렸듯이 본인의 출신(고교, 지역 등) 혹은 부모님의 지위 등을 알 수 있는 발 / 네. 우송대학교 외식조리학과에 지원하게 된 동기에 대해 말해 주세요. / 알겠습니다. 감사와 배려의 관계에 대해 말해 보세요. (원래의 예상 질문은 ‘감사와 배려의 연관성 / 다음으로 음식물쓰레기에 관하여 환경 문제가 심각한데요, 이에 대해 생각하는 해결책이 있나요? (본 / 다음으로 본인이 뭐 국어, 수학, 영어 혹은 예체능(체육, 음악 등), 조리에서 자신이 있는 것이 있나 / 조리에서 어떤 부분이 가장 자신 있나요? / 좋습니다. 마지막으로 본인들이 하고 싶었지만 못한 말들 혹은 자기 어필 등이 있으시면 해주세요. / 네. 수고하셨습니다."
우송대학교,외식조리학부,"안녕하세요. 처음 순서라 긴장될 수 있는데 너무 긴장하지 말고 준비하신 거 말씀하시면 돼요. 답변 / 그럼 자신이 가진 장점을 학과 생활과 어떻게 접목시킬 수 있는지 말해볼까요. 가번호 ¡¡¡번부터. / 그럼 이어서 질문할게요. 각자 디저트를 많이 만들었을 텐데, 어떤 디저트들을 만들어 보았는지 말 / 그럼 방금 말해주신 디저트들을 어떻게 만드는지 그 방법에 대해서도 말씀해 주세요. / 마지막으로 하고 싶은 말이나 준비했는데 못한 말 있으면 말해주시면 될 것 같아요. / 네 수고하셨습니다."
우송대학교,외식조리학부,"안녕하세요. 많이 긴장되실 텐데 긴장 좀 풀고, 왼쪽에 있는 학생부터 간단하게 자기소개와 지원동기 / 안전과 위생의 관계는 무엇을 나타내나요? / AI의 발달에 있어 조리의 역할은 무엇일까요? / 우송대학교에 지원하게 된 계기가 무엇인가요? / 기부 행사가 사람들에게 미치는 영향에 대하여 어떻게 생각하나요? / 마지막으로 하고 싶은 말이나 앞서 대답했던 질문 중 부족한 부분이 있다면 추가로 대답해보세요. / 네 알겠습니다. 면접 보시느라 수고 많았습니다."
우송대학교,외식조리학부,안녕하세요. / 외식조리학부 제과제빵·조리전공에 지원한 이유는 무엇인가요? / 본교의 인재상이 자신과 맞다고 생각하나요? / 자신의 장점을 학과 생활과 어떻게 접목할 생각인가요? / 가장 자신 있는 디저트는 무엇인가요? / 입학 후 전공이 적성에 맞지 않는 경우 어떻게 할 생각인가요? / 네. 수고하셨습니다. 나가셔도 좋아요.
우송대학교,외식조리학부,다들 긴장 많이 되죠? / 간단하게 평소 친구들이 본인의 성격에 대해 어떻게 말하는지 말해 보세요. / 그렇군요. 그럼 지금까지 만들었던 디저트 중 생각나는 거나 조리과정에서 궁금했던 것이 있을까요? / 르방이요. 제조 방법을 설명해 주시겠어요? / 키우는 데 얼마나 걸렸어요? / 사실 르방은 밀가루랑 물만으로 만들 수는 있는데 난이도가 높은 편입니다. 타이밍 조절도 어렵고 / 혹시 받고 싶은 질문 있을까요? 하나씩 해볼까요? / 네. 잘 들었습니다. 수고하셨습니다.
우송대학교,외식조리학부,"부담 없이 답변하시면 됩니다. 자, 평소 친구들이 본인의 성격에 대해 어떻게 말했는지 말해 보세요. / 만들어 본 디저트가 있다면 무엇인지 알려 주세요. / 특별한 추억이 담긴 디저트가 있나요? 있으면 알려주세요. / 케이크는 무슨 방식으로 만들었나요? / 마지막으로 준비한 것을 말해 보세요. / 네. 알겠습니다."
우송대학교,외식조리학부,우리 학과에 지원하게 된 동기를 말해 주세요. / 우리 학과에 지원하기 위해서 한 일을 말해 주세요. / 팀 프로젝트를 진행할 때 요리를 먼저 배운 학생들과의 실력 차이는 어떻게 할 것인가요? / 자신의 열정을 보여주는 사례가 있으면 말해 보세요. / MBTI를 통해서 자신의 성격을 말해 보세요.
우송대학교,유아교육과,"이름 대신에 가 번호로 대답하시고 첫 번째 학생부터 대답해 주시면 됩니다. 자기소개 해 주세요. / 예상 질문에 대해 질문을 하나 드릴게요. 최근 보도된 교육과 관련된 뉴스 중 기억에 남는 뉴스가 / 그럼 교사들의 처우에 대해 긍정적이라 말했는데, 유아들의 입장에서는 어떤 부분이 긍정적이라고 생 / 앞에 있는 통에서 질문을 앞에 학생부터 뽑고 큰 소리로 질문을 읽고 대답해 주세요. / 앞에서 이끄는 리더보다 뒤에서 받쳐 줄 수 있는 리더라고 얘기했는데 유아교육에서는 이끄는 리더 / 유치원 교사는 무엇을 하는 사람이라고 생각합니까? / 마지막으로 하고 싶은 말이 있나요? / 아침 일찍부터 첫 타임에 면접을 보느라 수고했어요. 나가도 됩니다."
우송대학교,유아교육과,안녕하세요. / 수험번호부터 간단하게 자기소개 해 주세요. / 끝인가요? / 친구들이 자신을 평가할 때 무슨 말이 나올 것 같나요? / 네. 우송대학교 유아교육과에 지원한 동기는 무엇인가요? / 네. 이제 뽑기 질문을 할 것입니다. 여기 뽑기 통에서 2개를 뽑아서 질문을 큰 소리로 말하고 그 다 / 아이와 부모가 함께 할 수 있는 시설을 만들어야 한다면 어떤 시설이 적합할까요? / 어린 시절 가장 행복했던 기억은 무엇인가요? / 마지막으로 간단하게 하고 싶은 말이 있으면 해 주세요. / 네. 오늘 수고 많으셨어요. 꼭 붙길 바랄게요.
우송대학교,유아교육과,안녕하세요. 앉은 순서대로 1번부터 자기소개 시작해 주세요 / 최근에 기억에 남는 뉴스가 있는지 말해 주세요. / (뽑기 질문) 본인이 생각하는 유아 교사의 역량은 무엇일까요? / 유치원 교사를 꿈꾸게 된 이유를 구체적으로 말해 보세요. / 지원자만의 스트레스 해소 방법이 있나요? / 마지막으로 아주 간단하고 짧게 지원자를 뽑아야 하는 이유를 말해 주세요. / 네. 잘 들었습니다. 저희 학교에 와서 면접 보느라고 너무 고생하셨습니다. / 아... 저희가 정해진 시간이 있잖아요? 아쉽게도 시간이 많이 지나서 못 할 것 같아요. / 네. 정말 수고하셨어요.
우송대학교,유아교육과,"안녕하세요. 가번호 ¡¡¡번부터 자기소개 해 주세요. / 가번호 ¡¡¡번 학생은 국 공립 유치원에서 근무를 하다가 대학원에서 유아 심리를 공부한다고 했는 데, 그렇다면 최종 목표가 무엇인가요? 유치원 선생님이 되고 싶은 것인가요, 아니면 유아 심리치료 사가 되고 싶은 것인가요? / 우송대학교에 입학하고 싶은 특별한 이유가 있나요? / 앞에 있는 뽑기통에서 질문지를 한 장씩 뽑고, 그 질문을 크게 읽은 후 답변해 주세요. / 유치원 교사는 무엇을 하는 사람이라고 생각하나요? 이 질문은 3명이 공통으로 답변해주세요. 가번호 / 네. 수고하셨습니다. 나가셔도 좋아요."
우송대학교,유아교육과,자기소개 해 주세요. / (추가 질문) 완벽주의 성향이 좋지 않을 때도 있는데 그럴 땐 어떻게 하세요? / 종이 한 장 뽑고 읽으신 후 답변해 주세요. / 유아 교사의 자질은 무엇이라고 생각하세요? / 마지막으로 하고 싶은 말 있으면 해 보세요.
우송대학교,응급구조학과,"다들 학교에서 동아리나 봉사활동 같은 걸 했을 텐데 그중에 기억에 남는 활동이 뭔지, 그리고 그 / 우송대학교 응급구조학과에 지원한 이유는 뭔가요? / 우송대학교 응급구조학과에 활동할 대학 생활의 계획이 있을까요? / 우리 학과에 오게 되면 1급 응급구조사 자격증을 취득할 수 있는데, 여러분은 이 우송대학교 응급구 / 여러분은 잘 모르겠지만, 지금 여기 면접 보는 이 장소 응급구조학과 실습실이에요, 그래 이 뒤(창고) / 마지막으로, 오늘 면접 진행하면서 보충하고 싶은 내용이나, 말 못 하신 것이 있으시면 말할 시간 드 / 네, 모두 수고하셨고 나가셔도 좋습니다."
우송대학교,응급구조학과,본인 스스로 생각하기에 자신의 장·단점은 무엇인가? / 재학시절 동아리 및 봉사 활동 경험 중 기억에 남는 일은? / 헌혈한 경험이 있는 학생 있나요? / 몇 번 하였나요? / 우송대 응급구조학과 교육과정의 장점은 무엇인가? / 또 다른 장점은 없나요? / 다들 응급구조사의 업무에 대해 잘 알고 있죠? 응급구조사의 업무와 응급구조사에게 개선되어야 할 / 올해 우송대학교에 와서 체험하는 프로그램이 있었는지 혹시 오신 분 있나요? / 마지막으로 준비하였는데 하지 못했던 말이나 하고 싶은 말 있으면 해보세요. / 우문인 것을 알지만 우송대학교에 합격하면 등록할 것인가요?
우송대학교,응급구조학과,우송대에 와보니 어떠신가요? / 너무 긴장하지 마시고 답변하다 생각이 안 나면 생각할 시간을 달라고 하거나 천천히 말하세요. / 자신의 장단점이 무엇인가요? 장점은 무엇인지 단점은 무엇인지 그리고 단점을 개선하기 위해 어떤 / 부반장과 동아리 반장은 언제 하셨나요? / 바쁜 시기에 하셨네요. / 기억에 남는 동아리나 봉사 활동이 있나요? / 아무도 봉사 활동 이야기는 말 안 해주셨는데 혹시 헌혈한 경험이 있으신가요? / 우송대 지원하게 된 동기는 무엇인가요? / 다른 학교도 많은데 왜 우송대에 오고 싶은 건가요? / 저희가 입학설명회 한 적 있는데 신청해서 오신 적 있나요? / 길에서 쓰러진 사람을 발견한다면 어떻게 하실 건가요? / 실제로 사고 현장에서 응급구조사가 일하는 걸 본 적이 있나요? / 구급차도 타보신 적 없으신가요? / 마지막으로 하고 싶은 이야기나 못한 말 해 주세요.
우송대학교,응급구조학과,"안녕하세요. 우린 먼저 인성 질문 2개, 학과 관련 질문 2개로 총 4개 질문을 할 건데 질문은 순서대로 답 / 네 다음입니다. 자신의 장점과 단점을 설명하고, 단점에 대해 극복 방법도 설명하세요. / 다음으로 학교에 관련 질문을 할 건데 수많은 응급구조학과 학교 중 우송대학교에 지원하게 된 이유가 / 다음 질문입니다. 요즘 TV에서 응급구조 관련 문제에 대해 응급처치를 하다가 환자가 더 다치거나 상황 / 잘 들었습니다. 이제 마지막으로 하고 싶은 말 있으면 해주세요."
우송대학교,응급구조학과,첫 시간인데 오시느라 고생하셨습니다. 다들 밥은 드시고 오셨나요? / 긴장하지 마시고 준비하신 내용을 답변해주시면 될 것 같습니다. / 응급구조사가 가지고 있어야 할 덕목 중 자신이 가지고 있는 덕목이 무엇인가요? / 응급구조학과에 지원하게 된 동기가 무엇인가요? / 응급구조사에 대한 업무가 이번 해를 기준으로 늘었는데 응급구조사의 업무를 자신이 아는 한에 말해주 / 마지막으로 하고 싶으신 말이 있나요? / 첫 시간이어서 힘드셨을 텐데 고생하셨습니다. 나가셔도 좋습니다.
우송대학교,응급구조학과,"안녕하세요. 저희는 예상 질문으로만 면접을 진행하기 때문에 바로 시작하겠습니다. / 응급구조학과에 지원한 이유가 무엇인지 말해 주세요. / 본인 스스로 생각하기에 자신의 장단점은 무엇입니까? / 재학 시절 동아리 및 봉사 활동 경험 중 기억에 남는 일이 있으면 말씀해 주세요. / 세 분 모두 동아리 활동에 대한 것만 말씀해 주셨는데, 봉사 활동 경험은 없으신가요? 혹시, 헌혈 같은 / 자, 이제 문제 해결 능력으로 넘어가겠습니다. 심장과 폐의 활동에 대해 물어보고 싶은데, 너무 어렵겠 / 저희가 물어보지 않았거나 혹시 마지막으로 하고 싶은 답변이 있으시면 해 주세요. / 네. 수고하셨습니다."
우송대학교,작업치료학과,"지원동기, 자기소개 말해 주세요. / 병원 실습 중 문제 발생 시 대처 방법 말해 주세요. / 좋아하는 과목과 싫어하는 과목, 싫어하는 과목에 대한 극복 경험 말해 주세요. / 결과는 좋았나요? / 우송대 작업치료학과에 몇 개 지원했는지, 다른 학과는 어떤 것을 지원했는지 말해 주세요. / 다들 3, 4개씩 많이 지원하셨네요. 예전에는 보건 계열학과를 여러 개 지원했는데 요즘에는 작업치료"
우송대학교,철도건설시스템학부,건축공학전공에 지원한 이유는 무엇입니까? / 입학 전까지 계획은 어떻게 되십니까? / 고령화 저출산으로 인구감소에 따른 빈집 해소 방안이 있습니까?
우송대학교,철도경영학과,"일단 여러분들 긴장 푸시고 손 무릎 위에 딱 정자세로 올리고 크게 숨 한번 쉬세요. / 자 그럼 면접 시작하겠습니다. 저희 면접관 두 명에서 번갈아 가면서 질문하고 시간 때문에 타이머 / 네 잘 알겠습니다. / 여러분들 학교생활 하시면서 봉사 활동 많이 하셨을 거 같은데 가장 기억에 남는 봉사 활동과 봉사 / 네. 잘 알겠습니다. 그럼 요즘 보신 철도 관련 기사 중에 가장 인상 깊게 보신 기사와 그 이유는 무 / 그러면 혹시 그 기사에 대한 후속 기사도 아시나요? / 네. 잘 알겠습니다. / 혹시 여러분들 만약 저희 학과에 입학하여 졸업한 뒤 철도의 어떤 분야에서 일을 하고 싶으신가요? / 네. 잘 알겠습니다. / 네. 그럼 이제는 단답형 질문을 해볼게요 한국에서 가장 빠른 열차가 무엇인지 아시나요? / 네. / 자, 여러분들 아까 말씀 들어보니까 기차 많이 타셨던 거 같은데 가장 많이 이용하는 기차역이 어 / 그럼 만약에 대전에서 기차 타고 경주에 있는 불국사를 보러 가려고 해요. 대전역에서 불국사까지 / 여행도 기차 타고 많이 가고 관광열차에 관심 있는 거 같은데 경주 가는 방법을 모르세요? 네. 일단 / 우리 철도시장에서 고속열차가 참 효자상품입니다. 하지만 고령화 시대가 되면 노인분들은 고속열차 / 네. 여러분들 면접은 이제 끝났습니다. 다들 오늘 하루 때문에 잠도 잘 못 자고 힘들었을 거 같은데"
우송대학교,철도경영학과,"자기소개와 이 학과 지원동기를 1분 정도로 해 주세요. / 왜 학과여야 하는지, 그 이유를 말해 주세요. / 고속철도란 속도가 어느 정도 이상을 나타내는지 말해 보세요. 그리고 국내에서 가장 빠른 철도는 무엇 / 봉사란 무엇이고 자신이 봉사를 한 경험이 있으면 말씀해 보세요. / 인구감소와 고령화는 철도산업에 어떠한 영향을 미치는지 말씀해 보세요. / 신흥역에서 여수까지 가는 철도노선을 말씀해 보세요."
우송대학교,철도경영학과,(웃으시며) 안녕하세요 긴장들 푸시고 질문에 대해 성실히 답변해주세요. / 이 학교에 진학을 하여 앞으로의 계획을 말해 주세요. / 리더가 갖춰야 할 덕목을 얘기해 주세요. / 지금은 고령화 시대인데 그것으로 인한 문제점을 말해 주세요. / 부산에서 김해공항까지 어떻게 가나요? / 우리나라 노선 중 가장 혼잡도가 높은 노선은 어디인지 아시나요? / 마지막으로 하지 못했던 말이나 더 말하고 싶은 얘기가 있으면 말해 주세요.
우송대학교,철도시스템학부,"안녕하세요! 블라인드 면접으로 진행되어 이름, 학교 등이 블라인드 처리되어 진행됩니다. 부모님의 / 소프트웨어 기술이 철도 시스템에 기여한다고 말씀하셨는데 활용되는 예시 한 번 말씀해 보시겠어 / 여러 철도 학과 중에서 철도 소프트웨어 학과를 선택해서 지원한 이유는? / 프로그래밍에 관심을 가지고 있는 것 같은데 활용할 수 있는 프로그래밍 언어 있어요? / 파이썬의 장점 단점 / (생기부) 빅데이터 분석 수업시간에 배운 것 / 생기부를 보니, 원래 화학에 관심이 있었던 것 같은데 언제 이 학과에 관심이 생겼나? / 화학을 좋아하는 이유 / 본인이 생각하기에 화학에서 현대사회에 역사적으로 큰 영향을 미쳤다 생각하는 사건이나 시기 / 3학년 미적분 성적 하락 원인은? / 생기부에 미적분 저널링 내용에 대해서 설명해 주세요. / (생기부) 해양산성화가 발생하는 원리에 대해서 설명해 주세요. / (생기부) 해양산성화가 지구온난화에 미치는 영향 설명해 주세요. / 마지막으로 할 말은?"
우송대학교,철도시스템학부,아침 먹고 왔나요? / 그렇게 긴장하지 말아요. / 우선 우리 학과에 지원하게 된 계기가 무엇인가요? / 학교에서 어떤 과목을 들었었나요? / 자전거 탈 줄 알아요? / 그럼 극단적으로 예시를 들자면 스케이트 선수들이나 자전거 타는 사람들이 커브길을 돌 때 무게중 / 그러면 철도가 커브를 돌 때는 어떻게 해야 하나요? 철도가 감속을 할 수는 없을 텐데? / 그러면 오르막길을 오를 때 더 힘들고 내리막길을 내려갈 때 덜 힘든 이유가 뭔가요? / 그럼 우리 학교는 여기만 지원했나요? / 분야가 완전히 다를 텐데 거기는 왜 지원했나요? / 혹시 인상 깊게 읽은 책 있나요? / 왜 읽었나요? / 인상 깊게 남은 부분은 어디인가요?
우송대학교,철도차량시스템학과,자기소개 해 보세요. / 물리가 좀 약하신 것 같은데 이것을 어떻게 보충하실 겁니까? / 생활 기록부에서 승강기가 내려가면 몸무게가 증가한다고 하셨는데 증가하셨나요? / 고교 시절에 어떤 과목을 흥미롭게 했었나요? / 마지막으로 하고 싶으신 말 있나요?
우송대학교,철도차량시스템학과,반갑습니다. 다들 아침은 먹고 오셨나요? 자 그럼 우선 자기소개부터 할까요? / 네 그럼 바로 질문하겠습니다. 혹시 학창 시절에 갈등을 겪거나 그러한 상황이 생기었을 때 어떤 방 / 자 그럼 혹시 단체생활 중에 성취감을 느끼었던 적이 있었나요? / 맛있었나요? / 혹시 본인의 강점이라 생각할 수 있는 게 무엇이라 생각하시나요? / 혹시 좋아하는 책 같은 게 있을까요? / 자 그러면 왜 우송대학교 철도차량학과에 왜 지원하셨나요? / 혹시 자신에 과거부터 계속해서 존경하였던 인물이 있을까요? / 자 그럼 제 질문은 다 한 거 같고 자 그럼 교수(면접관 2)님 질문하시겠어요? / 자 그럼 혹시 우리나라 철도의 단점 그런 거 있을까요? / 자 그럼 알겠습니다. 그럼 혹시 자신이 진출하고 싶은 분야가 있을까요? / 입학 후 자신의 꿈을 이루기 위해서 무엇을 할 것인가요? / 네 좋습니다. 그럼 혹시 학생 때 가장 자신 있었던 과목 그런 게 있나요? / 그럼 왜 역사를 좋아하시면 인문학과는 가시지 왜 철도공학 쪽으로 오셨나요? / 혹시 학교에 다니며 철도 관련한 활동 같은 거 활동한 적 있습니까? / 그럼 저는 이제 다한 거 같고 교수(면접관 1)님께서 물어보실까요? / 혹시 KTX 이음이나 KTX 청룡을 탑승해 본 경험이 있으시다면 말해 보실래요? / 우송대학교 철도차량 시스템 학과만의 특색은 무엇이라 생각하나요? / 네 알겠습니다. 그럼 혹시 고속철도를 이용하며 불편하거나 문제점이라면 무엇이 있을까요? / 네 그럼 교수(면접관 2)님 마지막으로 물어보시겠나요? / 네 혹시 철도를 이용하며 보완해야 할 거 같은 것을 느낀 적이 있었나요? / 네 그러면 혹시 학교생활 중 리더십을 발휘한 경험이 있나요? / 네 그럼 마지막으로 할 말 같은 거 있나요? / 네 그럼 수고하셨습니다. 이제 나가도 좋습니다.
우송대학교,철도차량시스템학과,네. 반갑습니다. 먼저 자기소개부터 해보실까요? / 네 그럼 혹시 왜 우송대학교 철도차량 시스템 학과에 지원한 이유를 여쭈어봐도 될까요? / 그럼 혹시 진출하고 싶은 분야는 어디인가요? / 네 그럼 생활기록부를 보니까 이과 쪽이랑 문과 쪽 과목을 같이 들으셨네요. 1학년 때 제과 동아리 / 그러면 혹시 자신의 꿈을 이루기 위한 계획이나 무엇을 할 것이다 그런 거 있을까요? / 네. 그럼 저는 이 정도로 하고 다른 교수님 질문하시죠? / 네. 학생은 철도 학과에 지원하였는데 물리를 전혀 듣지 않으셨네요? 혹시 어떠한 이유가 있나요? / 네. 그러면 가장 흥미로웠던 과목 있나요? / 철도 관련 말고 혹시 지구과학에서 가장 흥미로웠던 점 있을까요? / 네 그럼 저는 여기까지 하고 교수님 이제 끝낼까요? / 네 그럼 마지막으로 할 말 있을까요? / 네 수고하셨습니다. 그럼 이제 나가셔도 됩니다.
우송대학교,철도차량시스템학과,자기소개 해 주세요. / 우리 학과에 지원한 동기가 무엇인지? / 단체생활을 하면서 어떠한 목표를 이룬 성취의 경험이 있는지? / 흥미로운 교과목과 그 이유는? / 우리 학과는 공학과 관련이 있습니다. 한국사가 흥미로웠다면 사학과로 가야 맞는 것 아닌가요? / 마지막으로 하실 말 있으신가요?
우송대학교,테크노미디어융합학부,이 학과에 지원한 이유가 있을까요? / 게임분야에서 공부하고 싶은 분야가 있나요? / 자신의 장단점이 무엇이라고 생각하나요? / 본인이 진로로 생각했던 분야를 위해 했던 노력이 있나요? / 게임분야로 진로를 결정하게 된 계기가 있나요? / 우송대에 진학 시 학업계획이 있나요? / 대학 졸업 후 진로 계획이 있나요? / 네. 수고하셨습니다. 나가셔도 좋아요.
우송대학교,테크노미디어융합학부,안녕하세요. 오늘 시간상 관계로 혼자 면접을 보게 되었는데 너무 긴장하지 말고 편하게 질문에 답 / 먼저 우리가 아직 학생에 대해서 잘 모르기 때문에 평소 학생 본인 성격과 장점은 무엇인지 말해주세요. / 네 좋습니다. 다음은 우리 학과에 지원한 이유를 설명해주세요 / 혹시 진로가 무엇인지 알 수 있을까요? / 오 그렇군요 그러면 해설위원이라는 직업을 꿈꾸고 있는데 요즘 유행하는 1인 크리에이터 분야에 진 / 네. 그러면 우리 학교에는 글로벌 미디어 디자인 영상 전공이 있는데 이 학과와 우리 학과의 차이점 / 네 맞습니다. 사실 이게 학과 이름부터 디자인이라는 이름이 붙어있기 때문에 우리 학과와는 달리 / 네 좋습니다. 멋진 포부였네요. 오늘 수고했고 나가서 담당 학과 선배 안내받으면 됩니다.
우송대학교,테크노미디어융합학부,"자신의 한계를 뛰어넘었던 경험이 있다면 말씀해주세요. 수험번호 000000000학생 먼저 시작하세요. / 영상 관련 분야에 대해 관심을 가지게 되었다고 했는데 그렇다면 혹시 영상 제작을 해 본 경험이 있나요? / 다음으로, 본 전공에 지원한 이유는 무엇입니까? / 좋습니다. 마지막으로 타 대학 유사 학과와의 차이점은 무엇이라고 생각합니까? / 오, 아주 잘 알고 있군요. 수험번호 0000000000 학생, 아까 직접 영상을 만들고 친구들이 재밌다는 / 알겠습니다. 수고하셨습니다."
우송대학교,테크노미디어융합학부,안녕하십니까. / 본 전공에 지원한 이유와 본 전공과 타 대학 유사학과와의 차별점은 무엇인가요? / 디자인을 접하게 된 계기가 있을까요? / 알겠습니다. / 만약 뽑게 된다면 너네들을 왜 뽑아야 하는지 말해보세요. / 가장 기억에 남는 동아리가 있나요? 기억에 남는다면 어떤 부분에서 기억에 남는지 말해주세요. / 알겠습니다. 마지막으로 하고 싶은 말 있을까요? / 수고 많으셨습니다.
우송대학교,테크노미디어융합학부,"00번부터 자기소개 해 주세요. / 그럼 00번부터 지원동기 말씀해 주세요. / 영상 콘텐츠나 디자인 작품을 제작했던 경험이 있나요? / 학교에서는 자신이 이 분야의 능력으로 최고이신가요? / 저희 교육과정 보셨나요? 보셨다면 어떤 교육과정이 가장 관심 있는지 말해 주세요. / 저희 동아리를 보시고 어떤 동아리를 들어가보고 싶으셨나요? / 이 분야에 관해 자신이 잘하는 것이 무엇인가요? / 이 분야 말고 자신이 따로 잘하는 것이 있으신가요? 뭐 달리기를 잘한다거나 아무거나 괜찮습니다. / 마지막으로 부모님이나 친구가 말하는 자신의 장점과 단점이 뭔가요? / 네, 면접 끝났습니다. 나가보셔도 좋습니다."
우송대학교,테크노미디어융합학부,혼자 오셨나요? / 점심은 다들 드시고 오셨나요? (오후 1시) / 그럼 이제 면접 시작하기에 앞서 다들 면접 준비는 잘 하셨나요? / 자 그럼 첫 번째 질문으로 이 학과에 지원하게 된 동기 및 사례가 있을까요? / 이 학과에 교육과정에 대해 알고 계신가요? 알고 있다면 가장 관심 있는 교육이 뭔가요? / 이 학과에서 배우게 된다면 자신의 진로 진출 분야는 어떤 회사에 취직할 것 같은지 설명해 주세요. / 마지막으로 꼭 하고 싶은 말 혹은 다짐을 말해주세요.
을지대학교,의예과,"(면접 안내사항 등 먼저 설명해주심) 제시문 읽고 들어왔죠? 질문하겠습니다. 제시문 1번에서 친구의 / 친구의 할아버지가 의식이 분명하실 때 확실한 의사를 남기셨는데 이에 대해 의사로서 어떤 조치를 / 학생이 제시문 1번과 같은 상황에서 이러한 친구의 말을 듣고 친구에게 어떤 말을 해줄 것인가요? / 제시문 2번에서 자신이 직장동료 A, B 중 누구의 의견에 찬성하나요? / 제시문에 나와 있는 직장동료의 말을 어떻게 반박할 것인가요? 반박했을 때에 그 직장동료가 당신에 / 제시문에 대해 더 할 말 있나요?"
을지대학교,의예과,"제시문의 B의 주장을 반박하시고, 그 주장에 대해 또 다시 반박하세요. (제시문 내용: A는 B의 친구 / 여기서 누구의 입장을 동의하시나요? / 이 친구에 대해 어떻게 생각하시나요? (제시문 내용: 친구의 할아버지는 암에 걸렸는데 요즘에는 인"
을지대학교,의예과,"블라인드 면접이기 때문에 본인의 인적사항에 대해 말하면 불이익을 받을 수 있고요, 제시문에 대해 / 제시문 1의 친구A의 말에 대해 어떻게 생각하세요? / 그러면 A에게 하고 싶은 말을 A에게 말하듯이 말해 보세요. / 할아버지는 예전에 자신이 아파서 가망이 없을 정도가 되면 더 치료하지 말라고 가족들에게 부탁하신 / 제시문 2에서 A의 입장에서 B의 말을 반박해 보고, B의 입장에서 그 주장을 재반박해 보세요. / 둘 중 어떤 주장이 더 맞다고 생각하세요? / 시간이 조금 남았는데 제시문에 관련해서 더 하고 싶은 얘기 있나요? / 그러면 나가셔도 됩니다. 수고하셨습니다."
을지대학교,의예과,(질문1) 제시문A의 친구A의 발언에 대해 어떻게 생각하시나요? / 제시문B를 보고 만약 당신이 A라면 B의 마지막 말을 어떻게 반박할 것인가요? 또한 자신이 B라면 / ...끝인가요? 아직 1분이 남아서 더 할 이야기가 있다면 해도 좋습니다.
을지대학교,의예과,친구의 발언에 대해서 어떻게 생각합니까? / 친구에게 직접 대화하듯이 말해보세요. / B의 발언에 대해 어떻게 생각하나요? / B의 말에 대한 A의 대답과 그에 대한 B의 대답을 말해보세요. / 본인은 누구의 입장을 지지하고 그 이유를 말하세요.
충남대학교,간호학과,"안녕하세요, 대기 시간이 길어서 힘들진 않았나요? / 네, 먼저 자기소개부터 해주세요. / 본인이 희귀 질환 치료에 관심이 있다고 했는데, 간호사는 직접 치료가 불가하다는 것을 알고 있죠? / 본인의 특성은 무엇인가요? / 그러게요, 3학년 때 성적이 갑자기 확 올랐네요. 간호학과는 공부량이 되게 많은데, 괜찮나요? / 2학년 영어 시간에 생명 윤리를 탐구했다고 하는데, 간호사에게 생명 윤리는 왜 필요할까요? / 3학년 심화 국어 시간에 비대면 진료에 대해 탐구했던데, 비대면 진료에서 간호사가 할 수 있는 일 / 환자의 정보를 저장하는 건 굳이 간호사가 하지 않아도 될 텐데요? / 이건 간호사만이 할 수 있는 일이 아닌 것 같은데요? 비대면 의료에 대해 탐구했다길래 본인의 생각"
충남대학교,경영학부,"네, 앉으세요. 오는 데 힘들진 않았나요? / 네, 바로 질문할게요. 충남대학교에 지원한 동기를 자기소개와 함께 말씀해주세요. / 도마뱀을 분양하게 된 계기가 있나요? / 그렇군요. 도마뱀을 잘 분양하는 방법이나 분양하는 데 있어 중요하다고 생각하는 부분이 있나요? / 업자로서의 인지도나 기술적 요소를 활용해 촬영한 사진을 사용함으로써 같은 개체임에도 분양가 / 주로 SNS를 통해 도마뱀을 접하게 된다고 하셨는데, SNS에서 정보를 얻는 방법과 그 정보를 활용 / 생명을 상품화하는 것과 같은 윤리적 문제에 대해 어떻게 생각하나요? / 1학년 성적에 비해 2, 3학년 성적이 많이 향상되었는데 이유가 무엇인가요? / 마지막으로 하고 싶은 말 있으면 해 주세요. / 네, 수고하셨습니다."
충남대학교,경영학부,"먼저 자기소개 부탁드립니다. / 많은 분야 중에서 에스테틱이라는 분야를 선택한 이유를 말해주실 수 있나요? / 기업을 경영할 때 있어서 중요하게 생각하는 것은 무엇인가요? / 청렴을 통해 기업의 성장을 일구어낸 사례를 말해주실 수 있나요? / 생활기록부에 ESG와 관련된 탐구 활동을 했었는데, ESG를 통해 어떻게 기업을 경영하고자 하는지 / 마지막으로 하고 싶은 말 있으시면 해 주세요. / 수고하셨습니다. 나가보셔도 됩니다."
충남대학교,경영학부,많이 기다렸죠? 심호흡 한번 할까요? (들어오자마자 말씀하셔서 따로 인사할 시간도 없이 앉고 심호 / 자 그럼 먼저 경영학부 지원한 동기랑 자기소개 짧게 해 볼까요? / 경영이 뭐라고 생각해요? / (조용하셨던 오른쪽 분이 질문하심) 음.. 꿈이 마케터라고 했잖아요? (넵) 마케터는 뭘 한다고 생각해 / 그린워싱 뭔지 아시나요? (네 알고 있습니다) 그 겉으로는 환경 생각한다면서 실상은 그렇지 않은 위 / (이때부터 esg 경영을 주로 질문하심) 그럼 esg 경영은 어떻게 발생했나요? / esg 경영에서 기업의 사회적 책임만 이행하면 된다고 생각하는 기업들은 어떻게 생각하나요? / 미국은 it 계열 기업들이 많잖아요? (네) 그 기업들이 투자를 받을 때 esg 경영이 역할을 한다고 생 / 자 마지막으로 할 말 있으시면 해주세요
충남대학교,경영학부,네 안녕하세요. 그럼 본인 자기소개와 경영학부에 지망하는 이유 말씀해 주세요. / 지속가능한 경영을 하는 기업에서 인사담당자로 일하는 것이 꿈이라고 하셨는데 그렇다면 지속가능 / 그렇다면 지속 가능한 경영을 하지 않는 기업에 대해서는 어떻게 생각하시나요? / 그렇다면 왜 지금에서야 윤리적 소비가 주목받고 있다고 생각하세요? / (다음 질문보다 더 어렵고 길게 질문하셨지만 정확히 기억이 안남) / 지속가능한 경영을 위해 기업 내부에서 노력해야 한다고 생각 하시나요? 아니면 외부에서 노력해야 / 그럼 지원자께서는 기업 내부와 외부 모두에서 지속가능성을 추구해야 한다고 생각하시는 거네요? / 우리 학교를 졸업한 후의 계획이나 본인의 꿈을 이루기 위한 계획이 있나요? / HRM 전문가 자격증을 취득하겠다고 하셨는 데 그렇다면 HRD 자격증에 대해서는 알고 계신가요? / 개인활동 말고도 친구들과 다 같이 어떤 성과를 이룬 경험이 있나요? / 마지막으로 하고 싶은 말이나 본인을 꼭 뽑아야 하는 이유를 설명해주실 수 있나요? / 네 수고하셨습니다.
충남대학교,경영학부,"너무 긴장하지 말고, 편하게 말해 주세요. / 네, 그럼 먼저 학과에 지원하게 된 동기를 말해 주세요. / 충남대학교 경영학부의 비전은 무엇인가요? / 우리나라의 문화를 알리는 거면, 관광이나 다른 학과 쪽으로 지원해도 되었을 텐데, 왜 우리 학과에 / 그럼, 엔터테인먼트 분야의 마케터에게는 무슨 능력이 필요하다고 생각하시나요? / 네. / 생기부를 보니까 경제 기사를 읽는다는 부분이 있는데요, 그렇다면 최근에 읽은 경제 기사 중에 인 / 그렇다면 최저임금이 인상되면 장단점이 무엇인가요? / 학급이나 동아리에서 갈등을 해결한 경험이 있나요? / 대화로 해결했다는 건가요? / 존경하는 기업인이나 롤모델이 있나요? / 네. / 그럼 마지막으로 하고 싶은 말이 있으면 해 보세요. / 네. 수고하셨습니다."
충남대학교,경영학부,"긴장하지 말고 편하게 답해주시면 됩니다. / 우리 학과에 지원하게 된 동기와 자기소개 해 주세요. / 듣다 보니 흥미가 생기는 부분이 있는데, 상품성이 있는 제품을 어떻게 정의하는지에 따라 달라질 / 그럼 마케팅만 잘하면 그런 문제가 해결될까요? / 본인이 컨설턴트가 되어서 컨설팅을 할 때 마케팅 관련해서만 컨설팅을 할 건가요? / 소비자도 자신들이 원하는 것이 무엇인지 모른다는 말이 있어요. 마케터들은 어떻게 소비자의 니즈를 / SNS 말고 마케팅을 할 때 고려해야 하는 것이 있을까요? / 마케터들이 갖추어야 할 자질은 무엇일까요? / 마지막으로 하고 싶은 말이 있다면 해 보세요."
충남대학교,경영학부,"우선, 경영학부을 지망하게 된 동기 한 번 들어볼까요? / 뜻깊은 광고가 무엇을 말하는 건가요? / 그럼 정직한 광고 사례 하나 이야기해 주세요. / 만약 그린 워싱처럼 좋지 않은 상품의 광고를 제작해야 되는 상황이 온다면 지시에 따를 것인가요 / 왜 충남대학교 경영학부에 입학하고 싶은지에 대해 이야기해 주세요. / 최근 뉴스에서 본 이슈나 최근에 읽었던 책에 대해 소개해 주세요. / 마지막으로 하고 싶었는데 하지 못했던 말이나 하고 싶은 말이 있으면 해 주세요."
충남대학교,국토안보학전공,"자기소개 해볼까요? / 리더십 경험이 많은 것 같네요. 국토안보학전공에 합격하면 육군 장교로 임관하게 될 텐데 조직을 / 동아리 반장을 많이 했네요. 몸을 보니까 운동 많이 하셨던 것 같은데 동아리 반장을 하면서 팀원들 / 소통을 중요시하는 리더군요? 혹시 학업과 운동을 병행하면서 힘든 점은 없었나요? (저의 학업 성적 / 대단하네요. 혹시 다른 군사학과는 어디 지원하셨나요? / 만약 둘 다 붙는다면 어디에 등록할 건가요? / 해군, 공군도 있는데 왜 육군인지? / 육군 장교로서 본인이 비전이 있습니까? / 그럼 마지막으로 우리나라의 현재 안보 상황에 대해서 어떻게 생각하십니까? / 그럼 수고하셨습니다. / 어유 네. 괜찮아요. 그렇게 하세요. ㅎㅎ / 해양안보학전공으로 들어와도 우리를 보긴 볼거에요. 둘 다 합격 하시고 찬찬히 고민해보세요. 좋은"
충남대학교,국토안보학전공,(손짓으로 앉으세요)
충남대학교,국토안보학전공,자기소개와 지원동기 같이 말해 주세요. / 태권도를 10년간 했다고 했는데 이 점에 대해서 정확히 얘기해줄 수 있나요? / 개인도장을 계속 다닌 건가요? 아니면 학교에 태권도부가 있었나요? / 오~ 개인도장을 10년간 다니는게 쉽지 않은데 대단하네요. 아까 들어보니까 학교에서 체육부장이랑동 / 그러면 체육관련 학과를 썼겠네? / 혹시 자신이 군인이 된다면 전문적으로 하고 싶은 분야가 있을까요? / 그래요. 운동을 오래 했다고 했으니까 행군이나 체력활동을 할 때 큰 지장은 없겠네? / 혹시 마지막으로 하고 싶은 말 있나요? / 수고했어요.
충남대학교,기술교육과,간단한 자기소개와 지원동기를 말해 주세요. / 교사로서의 역량이 무엇이라고 생각하시나요? / 기술 교사로서 중요한 역량이 무엇이라고 생각하시나요? / (이제부터 다른 면접관님이 질문하심) 학교에서 교우관계가 어떻게 되시나요? / 만약 학생이 이유 없이 불러냈을 때 바로 달려 나갈 수 있는 친구들이 몇 명이라고 생각하시나요? / 만약 그 친구들이 이유도 설명하지 않고 학생을 부른다면 찾아갈 건가요? / 대학교 수업 중이라면 어떻게 하실 건가요? / 대학교 수업은 인터넷 강의가 아닐 텐데요? / 학생은 다른 학교 기술교육학과에 지원했나요? 다른 학과를 지원했다면 어느 학과에 지원했나요? / 수고하셨습니다. 이제 나가셔도 됩니다.
충남대학교,농생명융합학부,지원동기 말씀해 주세요. / 기후변화에 관심을 가지고 생물환경화학과에 지원했다는 말이죠? 그럼 기후변화와 관련된 어떠한 활 / 생기부를 보니까 내성적인 성격인 것 같던데 아까 연구원이 되고 싶다고 했었잖아요? 연구원이 돼서 / 개선을 어떻게 할 건지도 말해주세요. / 진로활동을 보면 리튬이차전지에 관심을 보이고 또 바이오메디컬공학을 찾아가는 등 다양한 활동을 / 그럼 우리 주변에 화학물질이 안좋은 영향을 끼치는 사례 한 가지만 이야기해 주실래요? / 네 석면이라는 물질이 처음에는 좋은 물질이라고 해서 쓰여 졌는데 학생 말처럼 1급발암물질로 선정
충남대학교,농업경제학과,자기 소개 해주세요. / 농업경제학과의 유의 사항에 대해 알려주심. / 본인의 영농창업 계획에 대해 말씀해 주세요. / 창업할 때 필요한 자금은 어떻게 마련할 것인가요? / 학교에서 한 활동 중 기억에 남는 활동이 있나요? / 학교에 입학하면 수학을 공부해야 하는데 수학에 대해 어떻게 생각하나요? / 우리 학과에 대해 아는 것이 있나요? / 마지막으로 하고 싶은 말씀 해주세요.
충남대학교,메카트로닉스공학과,이 학과 나와서 하고 싶은 진로 희망이 뭐예요? / 그러면 그러한 목표를 이루기 위해 우리학과에 지원한 이유가 뭐예요? / 이 학과에서 필요한 역량이 뭘까요? / 대학에 오면 공동체 생활을 해야 할 텐데 공동체 생활 어떻게 할 거예요? / 그럼 고교 시절 그렇게 해 본 적 있어요? 그리고 어려움이 있었을 때 어떻게 하였는지? / 로봇 만들어 본 거 같은데 설명해 보세요. / 만드는 도중 발생한 문제? / 실용화시키기 위해 보완해야 할 점은? / 소프트 로봇에 대해 설명해 보세요. / 소프트 로봇의 단점은? / 생체모방로봇에 대해 설명해 보세요. / 라플라스 변환에 대해 설명해 보세요. / 마지막으로 하고 싶은 말은?
충남대학교,메카트로닉스공학과,"네, 들어오세요. / 네, 안녕하세요. 말씀하신 것 보니 알고 계신 듯하지만 공지사항 알려 드리고 시작하겠습니다. / 그러면 앞부분만 둘러보셨겠네요? / (웃으면서) 그러면 충남대 캠퍼스를 봤을 때 어떤 느낌이 들었나요? / 네, 이제 자기소개와 지원동기를 말씀해 주세요. / 네, 감사합니다. 여러 활동을 많이 한 것 같습니다. 메카트로닉스학과에 진학하기 위해 필요한 자질 / (끄덕이면서) 아까 말씀하신 캡스톤디자인 활동에서 3D 설계 프로그램을 활용한 것으로 보입니다. / 그러면 드론과 같은 것을 설계하고 움직이기 위해서는 코딩 작업을 하셨다고 했는데요. 이런 소프 / 전에 거북목 교정기를 설계하셨다고 했는데요. 어떠한 목적으로 설계하였습니까? / 그렇다면 설계하신 거북목 교정기는 무언가 다른 특징이 있습니까? / 그러면 자이로센서로 수정한 이후 달라진 점은 뭐가 있었나요? / 알겠습니다. 그럼 이제 조금 다른 질문을 해 보겠습니다. 공동체 생활을 많이 해보셨다면 어떻게 활 / 밴드부 활동을 오래하신 것 같아요. 특히 기타를 치셔서 솔로 같은 것을 하여 좀 뽐내고 싶어 했을 / 네... 벌써 시간이 다 되었습니다. 혹시 말씀하시고 싶었지만 물어보지 못해 아쉬웠던 부분이 있으면 / (웃으면서) 감사합니다."
충남대학교,무역학과,"지원동기와 자기소개 말해 주세요. / 네. 전자 무역이 뭔가요? / (기억나지는 않지만 짧게 덧붙여 전자 무역에 대해 설명해 주셨음.) / 그래. 해외 배송이 무역은 아니죠. / 무역학과는 수학이 중요해요. 지원자는 수학 성적이 많이 낮은데 이 부분에 대해서 설명할 게 있는 / 네 알겠습니다. / 트라우마... 하하. / 봉사 시간이 다른 지원자들과 비교했을 때 많이 적어요. 알고 있죠? 거의 없는 수준인데. 왜 이런 / 그럼 학교에서 봉사할 기회를 많이 안 줘서 그런 거다? / 무역학과에서 듣고 싶은 수업있어요? / 지원자가 영어 공부를 위해 어떤 노력을 했는지, 본인의 영어 수준이 어느 정도인지 알려주세요. / 영어를 매우 잘하는 건 아니라고요? / 말하는 걸로는 영어 수준이 어느 정도인지 모르겠어요. 학교 다니면서 뭐 시험같은 거 본 적은 없 / 사회 과목 중에서 무슨 과목을 제일 좋아해요? 뭐 예를 들면 경제, 사회문화…. 이런 것 중에서. / 더 질문할 거 있으세요? / 아니오. 전 끝났습니다. / 이건 정답이 있는 건 아니고, 논리적으로 말하는지 보려고 묻는 겁니다. 트럼프 대통령 당선이 미국 / 마지막으로 하고 싶은 말 있으면 해 보세요."
충남대학교,문헌정보학과,"안녕하세요. 밥은 먹었어요? / 왜 안 먹었어요? / 긴장하지 말고. 준비되면 자기소개와 지원동기 말씀해 주세요. / 고등학교에서 도서부 활동을 했어요. 가장 기억에 남는 활동이 있나요? / 성적의 변화에 추이가 있는데, 어떤 방식으로 공부를 했나요? / 가장 흥미가 있던 과목은 뭔가요? / 정보화 시대에서 도서관은 어떤 공간이 되어야 할까요? / 저희 학교의 홈페이지에 나와 있는 수업이나 과목 중에 마음에 드는 게 있었나요? / 열심히 준비했던 질문이나, 마지막으로 하고 싶은 말이 있으면 해주세요."
충남대학교,문헌정보학과,우리 학과에 지원하게 된 동기에 대해 말해 볼까요? / 2학년 2학기 때 성적이 많이 떨어졌는데 이유가 있나요? / 풍선 효과구나.. (웃음) 그럼 3학년 1학기 때 성적이 많이 올랐는데 이것도 이유가 있을까요? 제일 높 / 어젯밤에 자기 전에 무슨 생각 했어요? / 면접 준비? 면접 준비 뭘 했어요? / 우리 학교 학과 홈페이지 들어가 봤을 텐데 가장 배우고 싶은 과목은 뭔가요? (학업 계획을 물어보 / 4차 산업 시대에 도서관이 갖춰야 할 것은 무엇이라고 생각해요? / 우리 학교 오게 되면 어떻게 생활할 거예요? / 안 놀고? (웃음) / 마지막으로 하고 싶은 말 있으면 해주세요.
충남대학교,물리학과,"네, 앉아주세요. / 자, 그럼 먼저 자기소개 해 보실까요? / 그럼 이중인격을 가지고 있는 건가요? (웃음) / 장난입니다. (웃음) / 그럼 저희 충남대 물리학과에 지원한 동기는 어떻게 되나요? / 4차 산업혁명이 무엇인가요? / 그럼 4차 산업혁명의 예시에는 무엇이 있나요? / 그럼 대학 졸업 후에 무엇을 공부할지 계획한 것이 있으신가요? / 여기 생활기록부를 보면 물리학 성적이 1~2등급으로 매우 좋은데 수학 특히 미적분이 성적이 굉장 / 생활기록부에 콤프턴 효과에 관련된 내용이 있는데 설명해 주실 수 있나요? / 아까 자기소개에서 빛의 이중성 이야기하셨는데 빛의 파동성을 증명하는 실험에는 무엇이 있나요? / 그럼 빛의 입자성을 증명하는 것은 어떤 게 있을까요? / 네 알겠습니다. / (맘에 안 드신 듯) 그럼 광전효과에서 일정 진동수 이하의 빛을 쏘면 전자가 나오지 않는데 세기를 / 평균속력과 평균속도를 자세히 이야기해 보세요. / 매우 잘 설명해 주셨는데 일어나서 뒤를 보시겠어요? / 펜 들고 문제 풀어보세요. / 음…. 네 지워주시고 다시 앉아주세요. / 광학 줌 배율에 대해서 탐구 활동을 진행했는데 이야기해 주실 수 있나요? / (놀라면서) 학교에서 논문도 읽었어요? / 마지막으로 하고 싶은 말 있으면 얘기하세요."
충남대학교,물리학과,자기소개 해 보세요. / 학생이 무한한 창의력의 소유자인 것을 어떻게 증명할 수 있죠? / 그 노래랑 문제집은 어떤 문제집이었죠? 더 자세하게! / 그 탐구에 관해 설명해 보세요. / 그럼 그 탐구활동은 실패했겠네요? / 그렇군요. 학생의 생기부에 보면 농구공이 가장 멀리 날아갈 수 있는 조건을 물리학적으로 설명했다 / 45도 각도로 농구공을 던지면 어디에서든지 다 들어가나요? / 그렇군요. 물리학을 배울 때 평균속도랑 평균속력의 의미 알죠? / 뒤를 돌아보세요. / 평균 속력을 구해 보세요. / 그럼요 천천히 생각하고 답변해 주세요. / 해 보세요. / 평균 속도도 구해 보세요. / 루트5? / 음 그렇군요. 마지막으로 할 말 있나요? / 수고하셨습니다.
충남대학교,사회학과,"안녕하세요. 자기소개와 지원동기 말씀해 주세요 / 생활기록부를 보면 1학년부터 3학년까지 쭉 심리학에 관련된 탐구를 진행하셨어요. 그런데도 사회학 / 학생회를 운영하면서 가장 힘들었던 점 하나와 좋았던 행사 하나씩 말씀해 주세요 / 시간이 벌써 이렇게 흘렀네요, 사회문화 과목에서 건강보험에 대해 탐구를 진행하셨는데 이에 대해 / 마지막으로 고등학교 시절 가장 인상 깊게 읽었던 책 하나만 소개해 주세요."
충남대학교,생명정보융합학과,"안녕하세요. / 앉으셔도 됩니다. / 안녕하세요. 일단 우리 충남대학교 생명정보융합학과에 지원해주셔서 감사하고 자신을 특정할 수 있 / 그럼 시작할게요~ / 일단 자기소개랑 동기 이야기 해 볼까요? / 잠깐만~그건 자기소개가 아니고 자신의 장점 같은 거 소개해 주면 좋을 것 같아요. / 네, 지금 좀 긴장한 것 같은데 편안하게 답변해 주세요. / 본인이 학교생활을 하면서 제일 인상 깊었던 활동이 뭐예요? / 학교생활을 하게 되면 친구들과의 마찰이 있을 수 있잖아요. 그런 상황에서 어떻게 해결하거나 한 / 이 학과에 오게 된다면 어떤 역량을 키울 수 있을 것 같아요? / 이 학과를 졸업하고 뭘 하고 싶어요? / 학생이 유전에 관심이 많은 것 같은데 유전자의 개념이 뭐죠? / 유전자를 담고 있는 것이죠. 네. / 가장 기억에 남는 도서가 있나요? 생활기록부에 쓰여 있는 것도 괜찮아요~ / 존경하는 위인이 누구인가요? 이유랑 같이 얘기해 주세요. / 이제 면접 시간이 다 됐는데 마지막으로 아까 하지 못한 말 같은 거 이야기 해 주세요. / 네 수고하셨습니다. / 네."
충남대학교,생물과학과,"왜 충남대학교에 지원했고 그 중 생물학과에 지원하게 된 이유와 동기를 설명해 주세요. / 자율활동을 보니 총학생회장 활동을 했다고 하는데 활동 과정에서 어려움이 있었다면 무엇이고 어떻게 / 동아리 시간에 란돌트 반응에 대해 배운 것 같은데, 무엇인지 설명해 주세요. / 그럼 동물 중 지금은 어떤 종류에 관심이 있나요? / 그렇다면 마지막으로 충남대학교에 오고 싶은 이유를 어필해 보면서 마무리하겠습니다."
충남대학교,생물과학과,"날씨도 궂은데 오느라 수고하셨고 오랜 시간 동안 기다리느라 수고하셨습니다. / 충남대학교 생명시스템학과에도 여러 과가 있는데 왜 하필 생물과학과를 선택하셨나요. / 그니까... 생물 과학 중에서도 우리 학과였는지.. / 동아리 활동.. 바이탈, 바이옴.. (동아리 이름) 중에서 가장 기억에 남았던 엑티비티에 대해서 설명해주세요. / 좋네요. / 이기적 유전자 다 읽었나요? / 그럼 어느 정도? 반 정도? / 그럼 이기적 유전자를 읽고 느꼈던 한 줄 감상평을 말해주세요. / 천천히 말해도 되요. / ㅎㅎ 네. 그러세요. / 저희 그 질문 했나요?(면접관1분에게 질문) 저희 학과과 지원자를 뽑아야하는 이유에 대해서 설명해주세요. / 저는 질문 다 끝났는데 혹시 더 남았나요? / (고개 저으시며) 그럼 수고하셨습니다."
충남대학교,생물환경화학과,안녕하세요. 긴장 풀어주시는 질문 해 주심 / 지원동기와 자기소개 먼저 해 주세요. / 스마트팜을 운영하고 싶다고 하셨는데 어떤 식으로 운영하고 싶은지 말해 주세요. (영농계획 묻는 질 / 영농창업인재전형에 대해 알고 있는지 묻는 질문을 하심. / 학교에 입학하게 된다면 전공 말고 따로 하고 싶은 공부가 있나요? / 배위결합이 무엇인지 설명해 주세요. / 배위결합을 농업에 어떻게 사용할 수 있을지 생각해 본 게 있나요? / 아 킬레이트제 생각했구나~ 혹시 존경하는 인물이 있나요? 이유랑 함께 말해주세요. (이 질문이 준비 / 표정이 밝아졌네요ㅋㅋ 이 질문 준비했나요? (웃으심) / (두분 다 막 웃으심. 이때부터 면접 분위기가 더 좋아짐) 네 그럼 자신 있게 답해 주세요. / 면접 준비 많이 하신 거 같은데 마지막으로 하고 싶었는데 못한 말이 있으면 해 주세요. / 네 수고하셨습니다. 나가시면 됩니다.
충남대학교,수의예과,"저희 학교 수의예과 지원 동기가 무엇인가요? / 네, 학과와 관련해 읽은 도서가 있을까요? 얘기해주실 수 있나요? / 수의사가 되기 위해서 필요한 자질은 무엇이라고 생각하나요? / 생기부에 단백질의 입체 구조에 관련해서 탐구한 내용이 있던데 자세히 알려주실 수 있을까요? 그리 / 마지막으로 하실 말씀 있을까요? 아니면 본인 어필이라든지 뽑아야 할 이유를 알려주실 수 있나요? / 영어에 자신이 있으시다 하셨는데 그렇다면 영어로 자신이 인상 깊게 본 영상의 내용을 설명해주실 / 잘 들었습니다. 영어 실력이 뛰어나다는 점 충분히 느꼈습니다. 수고하셨습니다."
충남대학교,수학과,"지원동기와 학업 계획을 말해 보세요. / 진로활동 시간에 ‘르베그 적분’ 또는 ‘측도’와 같은 개념들을 탐구하고 설명했다고 하는데, 그렇 / 그럼 이 활동은 다같이 한 건가요? 혼자 한 건가요? / 영어 독해와 작문 시간에 미적분과 관련된 영문 자료를 탐구했다고 하는데 이 활동을 한 이유가 있 / 영어가 어렵진 않았나요? / 다른 학교도 지원 했을텐데 어떤 과 지원했나요? / 마지막으로 하고싶은 말 있으면 자유롭게 해보세요."
충남대학교,수학과,"지원동기 말씀해 주세요. / 목표는 있나요? / 혹시 충남대학교 지원은 해당 학과만 하셨나요? / 학생은 출결이 다른 지원자들에 비해 좋지는 않은 것 같은데, 이유가 있을까요? / 학생은 다른 지원자에 비해 봉사 시간이 꽤 부족해 보이는데, 이유가 있을까요? / 학생은 수학 과목 성적이 2학년 때부터 급격히 올랐는데, 타 과목은 그에 비해 낮지는 않지만 높지 / 공부를 하다가 막히는 부분들이 있었을 텐데, 그런 부분들은 따로 학원에 다녔었나요? / 학생이 보니까 진로활동 시간에 함수의 극한 관련해서 조사한 내용이 있는 것 같은데… 엡실론 델타 / 학생은 동아리 활동을 수학 관련으로는 하지 않았는데, 이유가 있을까요? / 혹시 마지막으로 하고 싶은 말이 있을까요?"
충남대학교,수학교육과,수학교육과에 지원한 동기가 어떻게 되나요? / 수학교사를 꿈꾸게 된 이유가 무엇인가요? / 좋아하는 선생님이 있나요? / 본인이 생각하는 좋은 교사란 무엇인가요? 어떤 교사가 되고 싶나요? / 교사로서 갖추어야 하는 역량은 무엇이라고 생각하시나요? / 본인이 했던 활동 중에서 그러한 역량을 기를 수 있던 활동이 있나요? / 그렇다면 구분구적법이 뭔가요? / 다른 활동을 하나 더 설명해 줄 수 있나요? / 대학교에 와서 하고 싶은 활동이 있나요? / 충남대 수학교육과에 매력이 뭐라고 생각합니다. / 네 맞습니다. / 마지막으로 할 말이 있나요? / 네. 수고하셨습니다. 나가셔도 좋아요.
충남대학교,스마트시티건축공학과,안녕하세요. / 네 자리에 편하게 앉아주시면 됩니다. / 날씨가 추운데 오는 길 어렵진 않았어요? / (웃으시면서) 아 어려웠어요? / 네 자기소개부터 해 주세요. / 발표도 잘하네. 그럼 이제 질문을 몇 개 해 볼게요. 1학년 때부터 성적이 다소 떨어지는 경향이 있는 / 완전 E성향이구나? / 그리고 봉사활동을 보니까 33시간.. 다른 지원자들의 절반 정도 돼요. 혹시 대학 진학에 들어가지 않 / 도시에 관심이 많은 것 같아요. 스마트시티건축공학과에서는 그래도 건축 공학분야가 좀 더 중요한 / 2학년 수학Ⅰ시간에 지점반력을 구하는 활동을 했다고 하는데 구체적으로 탐구활동에 대해 설명해주세요. / 1학년 기술가정 시간에 최신 콘크리트인 초고강도 콘크리트에 대해 탐구했다고 되어있는데 어떤 건 / 디지털트윈기술을 활용해서 ‘버추얼 싱가포르’ 그리고 영국의 ‘VU.City’에 대해 조사했다는 내 / 이 학과와 그리고 이 분야에서는 소통이나 협력이 매우 중요한 요소로 작용하는데 혹시 고등학교 생 / 고등학교 생활하면서 leaing 했던 경험이랑 겪었던 어려움 그리고 어려움을 어떻게 극복했는지 / 지금까지 대답 잘 해주었는데 마지막으로 이건 꼭 말해야 한다는 게 있다면 마지막으로 하고 싶은 / 잘했는데 왜 마지막에 떨고 그래요. 이상으로 면접을 마치도록 하겠습니다. 수고하셨습니다. / 네 수고했어요.
충남대학교,식품영양학과,"자기소개 해주세요. / 식품과 가장 관련있는 과목이 뭐라고 생각하세요? / 그럼 생명과학에서 식품과 가장 연관 있다고 생각하는 단원이나 내용 말해 주세요. / 소화계는 무엇으로 이루어졌는지, 그리고 소화계에서 일어나는 작용에 대해 설명해 주세요. / 대답을 잘하니까 더 물어볼게요. 그럼 간에서는 어떤 작용이 일어날까요? / 천천히~ 생각하고 애기해주세요 / 학교 생활 중에 식품 관련해서 가장 열정적으로 했던 것 알려 주세요. / 어묵 만들 때 곤충을 어떻게 해서 만들 생각인가요? / 그러면 그 갈은 거를 접착할 접착제같은게 있어야 할 텐데.. 뭘로 하려고 하셨어요? / 아 만들어 먹은 게 아니군요? / 그걸 고안했을 때 다른 친구들의 반응은 어땠어요? / 해외여행 갔다 와서 태국 음식에 대해 흥미를 갖고 더 알게 되었다고 하는데, 한국음식과 태국음식 / ㅎㅎㅎㅎ삼삼하긴 하지 / 잘 들었습니다. 감사합니다. / 네~ / 네~ 잘 들었습니다. 감사합니다."
충남대학교,식품영양학과,지원동기부터 들어 볼까요? / 식품 안전 관리사가 되기 위해서 관련 학과가 식품영양학과만 있었나요? / 여러 개 학과 중에 식품영양학과를 고른 이유가 뭔가요? / 식품 안전 관리사가 되려면 어떻게 해야 하나요? / 여기 학생부를 보면 식품의 개발에 관심이 있다고 써져 있는데 아까 꿈이 식품 안전 관리사라고 했 / 그러면 이러한 식품 품질에 관해 취업 공고문을 읽어본다는지 읽었다면 어떠한 회사였는지 말해줄 / 어떤 회사였는지 설명 안 해주셨네요. / 제로 칼로리 식품과 건강에 대해 탐구를 했다는 내용이 있는데요. 어떤 내용이었는지 설명해주세요. / 학교에서 생명과학과 화학에서 멘토링 활동을 하셨다고 하는데 어떻게 활동했는지 어려웠던 점은 없 / 이 멘토링 활동을 전체적으로 학교에서 다 시킨 것인가요? 아님 자발적으로 한 것인가요? / 마지막으로 하고 싶은 말이 있나요? / 이만 나가보아도 좋아요. 수고하셨어요.
충남대학교,신소재공학과,"먼저 자기소개부터 해 보실까요? / 신소재공학과 관련하여 심화활동을 진행했던 적이 있나요? 있다면 이야기해 줄래요? / 학생부종합전형에 지원하셨는데 본인의 장점은 뭐라고 생각하나요? / 생활기록부를 보면 신소재공학과 인공지능의 융합에 대한 내용이 있는데 이에 대해 어떤 활동을 한 건 / 아하 그러면 그냥 기사만 읽은 정도라는 거겠죠? / 본인이 세상에 어떤 도움을 줄 수 있나요? / 독서와 문학이라는 과목이 나뉘어있는데 두 학문의 차이점에 대해 이야기해볼래요? / 본인이 했던 봉사활동 중 가장 기억에 남는 봉사활동에 대해 말해보세요. / 뒤돌아보세요. 영어로 쓰여진 명언이 보이죠? Learn from yesterday, live for today, hope for tomorrow. The important thing is not to stop questioning. 아인슈타인의 명언입니다. 한 번 읽어보고 해석해보세요. / 이게 무슨 뜻인 것 같나요? / 그럼 물리학Ⅱ과정을 이수하셨는데 아인슈타인의 업적에 대해 이야기해 볼래요? / 네~그래 보세요. / 아하… 물리학Ⅰ과정이네요.~ / 마지막으로 할 말 있으면 해 보세요."
충남대학교,심리학과,안녕하세요. / 학과에 들어오게 되면 학업적으로 이루고 싶은 목표가 뭔가요? / 임상심리사가 어떻게 되는지는 알고 계세요? / 정말 그게 전부입니까? / 알겠습니다. 생기부 활동 중에서 스트레스 해소 관련한 활동을 한 내역이 있는데 정확히 뭘 하셨나요? / 임상심리사가 되려면 수학이랑 영어가 상당히 중요하신 거 아시죠? / 근데 3학년 때 미적분 성적이 좀 낮은데 혹시 이를 극복하기 위해서 한 활동 같은 게 있을까요? / 마지막으로 하고 싶으신 말 있나요?
충남대학교,심리학과,"심리학과에 지원하게 된 이유가 무엇인가요? / 인지심리학에는 어떻게 관심을 가지게 됐죠? / 정확히 어떤 부분이, 인지심리학의 어떤 부분이 흥미로웠나요? / (짧게 웃으며) 하, 그럼 심리학과의 다른 분야는 과학적이지 않다는 건가요? / 네, 그럼 충남대학교에 들어와서 진로 계획 같은 것이 있나요? / (입가를 손으로 문지르시며) 음.. 그러니까 정확히 어떤 진로를 계획하고 있죠? / 그렇군요. 그럼 충남대학교에 들어와서 학업 계획이 있습니까? / 알겠습니다. 생기부에서 뉴로마케팅이라는 개념이 적혀 있었는데, 뉴로마케팅이 무엇인가요? / 그럼 이 뉴로마케팅이 활용된 사례를 설명해주세요. / 흐음, 그렇군요. 알겠습니다. / 학교 생활 중 공동체 활동을 할 때 보통 어떤 역할을 맡으셨나요? / (끄덕거리며) 마지막으로 우리에게 하고 싶은 말이나 뭐 그런 거 있어요?"
충남대학교,심리학과,우리 학교에서 배우고 싶은 과목이나 향후 진로에 대해 생각한 것 말해보세요. / 그래서 정확한 진로가 어떻게 되는 거죠? / 수학 과목이 어렵거나 그러진 않았어요? / 아까 디지털 심리치료에 대해 이야기했는데 조금 더 자세히 얘기해 보세요. / 다른 과목에 비해 3학년 때 사회과목 성적이 높은데 이유를 물어봐도 되나요?(질문을 잘 못 들어 한 / 디지털 심리치료 기기를 직접 사용해 봤다면 보완할 점에 대해서 이야기해보세요. / 마지막으로 하고 싶은 말 있다면 해 보세요.
충남대학교,심리학과,"심리학과에 들어와서 하고 싶은 구체적으로 생각한 직업이 있나요? / 수학 성적이 다른 과목보다 떨어지는데, 심리학과는 수학이 굉장히 중요하다는 것 알고 계시죠? 와서"
충남대학교,약학과,"오는 길 어땠나요? / 네, 그럼 간단하게 자기소개 20초만 한번 해볼까요? / 어…구체적으로 동아리에서 어떤 어려움이 있었나요?(웃음을 참으며). / 정확히 시에 지원함으로써 지원을 받았나요? / 진로활동을 보니까, 크리스토퍼 가위에 대해 조사를 열심히 했던데…(내 생기부 내용이 아니었음) / 지원자 번호를 다시 봐야 될거 같은데요? / 지금 지원자가 ○번이 아닌가? 아, ○○번이구나. 그럼 크리스토퍼 가위는 모르는 걸로~ㅎㅎ / ㅎㅎ. 보니까 마취통증에 대해서 관심이 많은 것 같아요. 이에 대해 더 자세히 설명해 줄 수 있을까요? / 5HT2A에 대해서 조사했다고 하는데, 그게 뭔지는 아나요? / 그러니까, 여기가 정확히 무슨 물질에 대한 수송체죠? / 현재 침묵의 21세기의 침묵의 봄은 뭐라고 생각합니까? / 약사의 미래 전망에 대해 어떻게 생각하나요? / 마지막으로 하고 싶은 말 한마디 해주세요. 짧게, 한 20초만. / 네. 꼭 충남대학교에서 입학해서 좋은 경험할 수 있으면 좋겠네요."
충남대학교,언어학과,"충남대학교 언어학과에 지원해 주셔서 감사합니다. 긴장하지 말고, 면접 시작하겠습니다. / 먼저 지원동기부터 말해 주세요. / 언어학습에 관심이 많아 보이는데, 최근 AI 학습과 관련해서 말이 많잖아요. 언어를 학습할 때 AI를 / 본인이 생각한, 그러니까 본인이 정의한 언어가 무엇인지 말해 줄래요? / 네, 학생이 정의한 것으로요. / 1학년 때 언어 능력과 운동 능력에 대해서 탐구하였네요. 언어 능력과 운동 능력이 어떤 연관성이 있 / (흥미로워하며) 방금 탐구를 깊게 탐구했다면… (질문 기억 안남) (대충 언어 능력과 언어 장애에 관 / 우리 충남대 언어학과에 와서 꼭 듣고 싶은 수업 같은 게 있다면 무엇인가요? / 충남대 언어학과를 졸업한 이후에 어떤 일을 하고 싶나요? / 소멸 위기 언어를 왜 보존해야 할까요? / 힉사카리아나어의 사용자가 적어서 지금 소멸 위기 언어잖아요. 만약 힉사카리아나어 사용자가 나는 / 이제 시간이 다 되었어요. 마지막으로 궁금했던 거 있으면 물어봐도 되고, 또 답변할 때 부족해서 말 / 네네, 하세요. / 아, (그렇게 생각할 수도 있겠구나 라는 뉘앙스로) 그게 개별적으로 사람마다 다른 언어를 학습하는 / 개인적으로 하는 게 아니라 동일한 언어를 모두가 같이 1년마다 바뀌면서 듣는 거죠. / 당연하죠. / 수고했어요. 이제 나가도 돼요. / 조심해서 나가요. 천천히. / 학생은 벌써 입학한 거 같아 (웃으면서 긍정적인 뉘앙스로)"
충남대학교,에너지공학과,"면접 보러 여기까지 오면서 느낌이 어땠나요? / 자기소개랑 지원하게 된 이유 말해 볼래요? / 우리 학과 커리큘럼을 찾아보았나요? 우리 학과에는 원자력 쪽 커리큘럼은 없는데요. / 재생에너지와 신에너지의 차이점을 말해볼래요? / 네, 학생이 말한 것과 비슷합니다. (재생에너지, 신에너지 차이점 설명~~) / 에너지공학과 관련해서 학교에서 했던 활동 중 가장 기억에 남는 것은? / 뭐 동아리에서도 한 게 있고 여러 가지 한 것 같은데요 뭐 많이 했네요. / 제조 과정을 비판했다고 들었는데요 수소 제조 방식에 대해 아는 게 있나요? / 맞아요. 화력발전에서 나오는 가스에서 수소를 추출하죠. (과정 설명~~) / 그 두 제조 과정 중에 어느 게 경제적인지 아나요? / (또 있었는데 기억이 나지 않음.) / 제가 물어봐 주었으면 하는 부분이 있었나요? / 그냥 마지막으로 하고 싶은 말이라도? / 제가 그걸 듣고 싶었나 봅니다. 네, 시간 끝났네요. 가는 길 조심해서 가세요."
충남대학교,영어영문학과,"진로가 영어교사인가요? / 음.. 통번역이라 ,, 본인은 통역과 번역 중 무엇이 더 맞는 거 같나요? / 운동을 좋아하는 거 같은데 스포츠 에이전트가 요즘은 훨씬 더 인기 있다고 생각하는데요. 그리고 / 그럼 요즘에 AI발전으로 많은 직업이 대체되고 있다고 본인이 썼는데 이 부분에 대해서는 어떻게 생 / 그럼 혹시 어려움을 겪었을 때 이겨낸 방법에 대해 말해 볼 수 있나요? / 오 학생이 마인드 컨트롤이라는 단어를 말하네요. 그거 참 어려운 말인데 ,, 마인드컨트롤에 대해 설 / 생기부를 보면 친구들을 도와주고 케어하는 것에 매우 익숙한 거 같은데 이 부분에 대해 설명해볼래 / 친구를 사귈 때 중요시 여기는 게 있다고 생각하나요? / 그래요 그럼 마지막으로 하고 싶은 말 있어요? / 그래요 수고했어요. 나가봐도 좋아요. / 시간이 다 되었어요. 미안합니다."
충남대학교,영어영문학과,"네. 자리에 앉으세요. 많은 국립거점 대학들이 있는데 충남대학교에 지원한 이유를 말해 보세요. / 국립거점 대학교들이 다 그렇죠. 뭐. 다 똑같지 않습니까? / 영어 동시 통역사가 꿈이네요? 왜 통역사가 되려고 생각했어요? / 미래에 통역사가 인공지능으로 대체될 위기가 있다고 했는데 여전히 인간 통역사가 이용될 것 같나요? / 많은 학생이 위대한 개츠비를 읽고 얘기하길 좋아해요. 그래서 그런데, 개츠비를 비판할 점을 얘기해 / 영어로 자기소개 한 번 해 보세요. / 미래에 40세쯤에, 상상이 안 갈 수도 있겠지만, 어떤 삶을 누리고 있을 것 같은지 말해보세요. / (말을 끊고) 아니, 삶을 누린다는 건 꼭 직업을 끼고 얘기하는 건 아니라고 생각하는데. 제가 질문한 / (두 분이 서로 더 이상 할 질문 없다고 말씀함) 마지막으로 할 말 있나요? / 이제 가셔도 됩니다."
충남대학교,유기재료공학과,앉으세요. / 지원동기 말씀해 보세요. / 화장품이랑 유기재료가 무슨 상관이죠? / 그럼 유기재료가 뭔가요? / 아니 그럼 유기체가 뭔가요? / 화장품과 유기재료가.. 관련이 있나요? (아닌 거 같은데 싶은 말투) / 근데 고급지구? 이런 과목은 무슨 과목인가요? / 여기 수강한 걸로 나와 있는데 안 했다고요? / 과탐 성적이 좀 안 좋은데 좋아하는 과목이 있었나요? / 화장품은 생명이랑 더 관련있지 않나? / 팀으로 했던 활동에서 어려웠던 점이 있었나요? / 긴장하는게 단점이라고 생각하나요? / 긴장을 안 하려면 어떻게 해야 된다고 생각합니까? / 마지막으로 하고 싶은 말 있으면 해 보세요.
충남대학교,의류학과,"안녕하세요, 기다리시느라 고생하셨어요. / 자신을 한 문장으로 표현해 본다면? / 오~~꽤 신박한데요? / 요즘 AI를 활용한 기술이 발전하고 있습니다. 이렇게 되면 의류를 가상으로 직접 입어볼 수 있게하는 / 그렇군요. 만약에 이 학과에 들어와서 다른 과랑 결합해서 주제를 탐구한다면 어떤 과를 택하고 싶 / 현대에서 첨단의류라는 것이 계속해서 대두되고 있는데 지금 주변에 보면 첨단의류를 입은 사람을 / 그런 상황의 이유를 설명해 주고 해결 방안도 같이 얘기해주세요. 질문에 정답이 있는 것이 아니라 / 음.. 공격적인 마케팅 방법은 무엇인가요? / 현재 인플루언서들이 광고하는 것에 대한 피로감을 느끼는 사람이 많습니다. 이래도 인플루언서들을 / 마지막으로 하고 싶은 말 있으면 해 주세요."
충남대학교,의예과,충남대학교에 지원해주셔서 감사합니다. 그러한 의미에서 충남대학교를 지원한 동기를 밝혀주세요. / 롤모델과 이유를 알려주세요. / 지역사회에 어떻게 봉사하고 싶으세요? / 의료사고에 대한 견해를 밝혀주세요. 병원과 의사 중 누구 책임이 더 큰가요? / 환자가 AI를 활용하는 것을 제안했을 때 의사로서 어떻게 할 것인지? AI의 장점과 단점? / 갈등한 경험이 있나요? / 무임승차에 대해서 어떻게 생각하시나요? / 마지막으로 하고 싶은 말 있으시면 해주세요.
충남대학교,의예과,"학교 찾아오는 데 어렵지는 않았나요? / 올 때는 부모님이랑 왔어요? / ㅎㅎ 알겠습니다. 그럼 간단하게 자기소개부터 먼저 해 볼까요? / 봉사활동을 많이 하셨는데, 가장 기억에 남는 봉사활동이 있나요? / 고교 시절에 한 활동 중에서, 기억에 남는 활동 하나만 소개해 줄래요? / 그냥 활동한 것 중에서요. / 아쉽지 않았어요? 그래도 어려운 실험 하고 싶었을 텐데. / 학생이 고교에서 좋아했던 과목과 싫어했던 과목을 말해주시고, 그 이유도 말해 주세요. / 학생은 자신의 장·단점이 무엇이라고 생각하나요? / 본인이 사회에 기여한 활동이 있다면 소개해 주세요. / 학교에 기여할 수도 있고, 지역사회에 기여 할 수도 있고. / 과학을 좋아하나요? / 아, 생기부 보니까 국어나 사회 쪽에 관심 많은 것 같아서요. / 학생이 고교에서 읽은 책 중에서, 가장 인상깊었던 책이 있나요? / 시간이 1분 정도 남았는데, 마지막으로 어필할 시간을 드릴게요. / 수고했어요. 나가도 좋습니다."
충남대학교,의예과,"오실 때 어려움은 없으셨나요? / (웃으시면서) 편하게 대답하시면 됩니다. 지원동기 말씀해 주세요 / 왜 B형 간염에 관심이 생기게 되었나요? / 충남대학교 의예과에 들어와서 하고 싶은 일이 있나요? / 2학년 때 ○○ 동아리 회장을 진행했었는데, 이 때 가장 기억 남는 활동이 있었나요? / 어떻게 실험과정을 변형했나요? / 행동특성 종합의견에서 자신의 좌우명을 ‘남에게 관대하게, 자신에게 엄격하게’라고 삼으셨는데, / 3학년 동아리도 회장을 맡으셨는데, 노력하셨던 점이 무엇인가요? / 선생님들과 좋은 관계를 유지하기 위해 어떤 노력을 하셨나요? / (웃으시면서) 마지막으로 하고 싶은 말 있나요?"
충남대학교,의예과,"비가 오는데 오는 길이 불편하지는 않았나요? / 오늘 면접은 정답이 없는 거니까 대화한다 생각하고 편하게 임하면 됩니다. / 일단 자기소개를 포함한 지원동기를 간단하게만 말해 볼래요? / 학교 다니면서 어려운 일이 많았을 텐데 친구들의 갈등을 조정했던 적 있으면 그 경험을 말해볼래요? / 학교 생활하면서 기억에 남는 봉사활동이 있나요? / 다큐 미디어 진로스쿨이라는게 있는데 이건 뭔가요? / 자신의 장점과 단점, 그리고 단점을 극복하기 위해 했던 노력을 말해 보세요. / 시간이 2분 정도 남았는데 우리 학교가 왜 학생을 뽑아야 하는지 자기 PR해 보세요. / 네 수고하셨습니다."
충남대학교,의예과,고사장에는 어떻게 오셨나요? / 자기소개 먼저 해 주세요. / 자신의 장점과 단점에 대해서 말해볼래요? / 봉사활동을 많이 한 거 같은데 가장 기억에 남는 봉사활동은 어떤 것이 있나요? / 학생이 한 다른 봉사활동도 있나요? / 1학년 때 반장을 했는데 어떻게 리더십을 발휘했는지 말해 주실래요? / 네 수고하셨습니다.
충남대학교,의예과,의사가 되고자 하는 이유가 무엇입니까? / 고등학교 생활을 하며 갈등 상황이 생겼을 때 어떻게 대처하였습니까? / 의료 사고가 발생하였을 때 의사의 책임에 대해 어떻게 생각하시나요? 또한 그 사고의 책임 소재는 / 현재 AI 기술의 발전에 따라 의료 업계에서 AI의 사용에 대해서도 논의의 주제가 되는데요. 이에 대
충남대학교,의예과,"안녕하세요. 자기소개 먼저 부탁드려요. / 기억에 가장 남는 봉사활동이 있다면 말씀해 주세요. / 기억에 남는 동아리나 실험이 있다면 말씀해 주세요. / 그렇군요~.고등학교 생활동안 가장 기억에 남는 활동이 있나요? / 사회나 공동체에 기여한 일이 있다면 말해 주세요. / 반장이나 부반장을 많이 했던 것 같은데, 임원을 하면서 힘들었던 적이 있었나요? / 학생이 생각하는 의사는 무엇인가요? / 그렇다면, 만약 실력이 좋은 의사와 공감만을 잘하는 의사가 있다면 누굴 고르시겠나요? / 만약 학생분의 가족이 아프다면 어떤 의사를 선택하겠습니까? / 시간이 1분 정도 남았는데, 본인 어필할 시간을 드릴게요."
충남대학교,의예과,지원 동기 말해 주세요. / 봉사활동 중에 기억 남는거 말해 주세요. / 동아리 활동 중에 기억에 남는 활동? / 본인의 장점과 단점 말해 주세요.
충남대학교,의예과,"안녕하세요. / 오시느라 수고 많으셨습니다. 혹시 어려운 점은 없으셨나요? / 왜 충남대학교 의예과에 지원하셨는지 말씀해 주실 수 있나요? / 음 그렇군요. 혹시 대학교에 진학하게 되면 하고 싶은 활동이 있나요? / 아까 지원동기에서 1학년 동아리를 언급해 주셨는데, 1학년 동아리에 ‘신경 말단의 성장’이 언급되 / 알겠습니다. 3학년 동아리 시간에 동아리 부부장을 하셨다고 적혀 있는데, 혹시 힘들지는 않았나요. / 3학년 동아리 시간에 후성유전학에 대해 탐구를 하였네요, 이에 관해서 말해볼 수 있나요. / 음... 3학년 때 봉사활동이 상당히 많네요, 혹시 NEW LEADER 활동과 활동 참여자 모집방식은 무엇 / 1학년 행특에 ‘공식적으로 맡은 직책은 없었지만, 실질적으로 진정한 리더쉽을 보여’주었다고 되어 / 수고하셨습니다."
충남대학교,의예과,"안녕하세요. 오래 기다렸죠? (마지막 순서였음) 충남대학교에 지원해주셔서 감사합니다. 긴장하지 말고 / 우리 학과에 지원하게 된 동기가 무엇인가요? / 흉부외과를 희망하는 이유가 단순히 지역 의료의 발전이라는 목표 때문인가요? 개인적으로도 흉부외 / 대학교에 입학한 이후 학업 계획에 대해 생각해 본 적이 있나요? / 고등학교 3년 내내 과학 동아리에서 활동했네요. 1학년 때 활동한 동아리에서 배운 점이나 가장 기억 / 3학년 때 반장으로서 어떤 역할을 했고, 느낀 점은 무엇인가요? / 시간이 얼마 남지 않았습니다. 마지막으로 하고 싶은 말이 있으면 짧게 해주세요. / 수고하셨습니다. 나가셔도 됩니다."
충남대학교,인공지능학과,"본인 이름은 어떠한 경우에도 말하면 안됩니다. 이 점 숙지하시고요. 자기소개랑 학과에 지원하게 된 / 네, 그럼 본인이 한 활동 중에 가장 기억에 남는 활동에 대해 이야기해 보세요. / 어떤 프로그램을 활용했었나요? / 생명과학에 대해 관심이 있었다고 했는데 TCA회로에 대해서 설명해 보세요. / 생성형 AI에 대해서 아는 대로 얘기해보세요. / 그렇다면 구글 검색과 다른 게 없는 것 아닌가요? / 리더쉽을 발휘했던 경험이 있다면 그 경험을 통해 어떤 점을 느꼈는지 이야기해 보세요. / 확률과 통계에서 배운 정규분포에 대해 설명해보세요. / 그럼 아까 말한 중립적인 자세를 유용하게 활용한 사례가 있나요? / 마지막으로 열심히 준비해 왔는데 안 물어본 부분이 있으면 말해 보세요. / 수고하셨습니다. 나가셔도 좋습니다."
충남대학교,일어일문학과,"네 안녕하세요. 힘들게 준비해 온 면접인 만큼 마음 편히 면접 보시면 됩니다. / 자 우선 이 충남대학교 일어일문학과에 지원한 지원 동기와 이유를 설명해 보세요. / 그러면 여태까지 한 지원동기와 자기소개를 묶어 간단하게나마 일본어로 설명해 보세요. / 아.. 그래서 일본어로 자기소개를 못하는 건가요? / 간단하게 한 문장도 할 수 없나요? / 자신의 장점과 단점은 무엇이라고 생각하나요? / 생기부 내용 질문 ( 생기부 내용 한 4~5개의 질문을 해주심. 기억이 안나서.. ) / 자 그러면 생기부에 대한 질문은 여기까지 하도록 하겠습니다. 마지막으로 할 말이나, 혹시 긴장되서 하 / 당연히 교과 수업 부분은 대부분 그 교과 위주로 쓰여 있어서 저희는 비교과 과목 위주의 생기부 위 / 해보세요. / 그렇군요. 수고하셨습니다. 좋은 결과 있기를 바라겠습니다."
충남대학교,일어일문학과,"자기소개 한 번 해 볼까요? / 방금 했던 것이랑 똑같지 않아도 되니까 일본어로 자기소개 해 줄 수 있나요? / 얼마 전에 한강 작가가 노벨문학상을 받았어요. 이럴 때에 번역이 또 중요한 역할을 한다고 생각되 / 그럼 잘 읽히는 번역만이 중요한가요? 번역할 때 나라 간의 문화 차이가 있는데 그런 점은 어떻게 / 동아리에서 일본어에서 온 우리말이라는 활동을 했다고 하는데 어떤 활동이었나요? / 그럼 혹시 반대로 일본어 단어 중에 한국어에서 유래된 단어가 뭐가 있는지 얘기해줄 수 있나요? / 직접 번역해 본 경험은 있나요? / 잡지 스크랩이라면 한국 잡지를 일본어로 번역한 건가요, 일본 잡지를 한국어로 번역한 건가요? / 마지막으로 본인이 마지막으로 말하고 싶은 한 마디 해 주세요."
충남대학교,일어일문학과,"오늘 비가 왔는데, 오시는 길에 힘들진 않으셨어요? / 다른 대학교에도 일어일문학과가 많은데, 충남대학교에 지원하시게 된 이유가 있으신가요? / 직접 조사하시지는 않고 주변에서 듣기만 하셨나요? / 진로 반장이라는 것을 맡으셨다고 들었는데, 주로 어떤 일을 하셨나요? / 2학년 때 부반장을 하시면서 힘든 일은 없으셨나요? / 일본어로 자기소개 한 번만 해주실래요? / 다카라즈카 가극단에 대해서 조사하셨었다고 들었는데, 다카라즈카 가극단에 대해서 설명해 주시겠어요? / 인공지능이 대체할 수 없는 번역가가 되려면, 어떤 것을 해야 한다고 생각하시나요? / 가와바타 야스나리의 설국에 대해서 읽으셨다고 들었는데, 어떤 점이 가장 인상 깊으셨나요? / 마지막으로 하시고 싶은 말 있으신가요? / 이로써 면접을 마무리하도록 하겠습니다. 수고하셨습니다."
충남대학교,전자공학과,"자기소개 하시고 지원동기 말씀해 주세요. / 근데 그래픽카드 파워선은 왜 빠졌나요? 쉽게 빠지지 않을 텐데.. / (웃음) 그래도 화를 안 내고 문제원인을 고치려 했네요.(웃음), 그러면 컴퓨터에도 관심이 많은 것 같 / 그럼 gpu를 게임과 같은 프로그램을 할 때 사용되는 이유가 무엇인가요? / 그럼 켬퓨터는 무엇이라고 생각하나요? / 전자공학과에 들어왔을 때 궁극적인 목표는 무엇인가요? / 프로그래밍 관련 질문(간단한 질문으로 기억) / 수학적 확률과 통계적 확률에 관련해서 수학체험전 활동을 했는데 설명해주세요. / 연속확률분포와 이산확률분포 관련 질문(개념 관련 내용이었던 것으로 기억) / 마지막으로 할 말"
충남대학교,전자공학과,안녕하세요. 간단하게 자기소개랑 지원동기를 말해 주세요 / 관련 지식을 어떠한 것을 찾아보았나요?. / 정확히 어떤 걸 찾아보았나요? / 네 / 고등학생이 논문을 찾아본다는 게 쉽지 않은 일인데 찾아본 이유가 있을까요? / 아 네 그러면 2학년 때 인공지능기초? 이 수업에서는 뭘 들은 건가요? / 그럼 데이터학습에 대해서 설명할 수 있겠어요? / 훌륭하네요. 그런데 인공지능 활동이 많은데 여기가 전자공학과잖아요. 이러한 활동을 한 이유가 있 / 인공지능 말고 전자공학 관련해서 관심이 있는 분야가 있을까요? / 혹시 챗gpt를 써 본 적이 있나요? / 유료 버전도 써 본 적이 있나요? / 그러면 챗gpt를 언제 사용해 보았나요? / 네 그런데 수학이나 과학 같은 과목이 다른 과목에 비해 성적이 아쉬운데 이러한 부분이 본인의 약 / 네 어느덧 시간이 다 됐네요. 마지막으로 하고 싶은 말 있을까요?
충남대학교,전기전자통신공학교육과,오느라 수고했어요. 점심은 드시고 왔나요? / 지원 동기와 자기소개 해 주세요. / 이 학과를 졸업하면 무엇을 하는지 알아요? / 이 학과와 관련한 교사의 자질이 무엇일까요? / 이 학과와 관련하여 교사가 되기 위해 노력한 점이 있나요? / 인공지능이 이 학과와 관련이 있나요? / 학과 소개와 교육과정에 대해 읽어봤나요? / 공부하고 싶은 분야나 흥미 있던 과목이 있던가요? / 그럼 학문적인 것 말고 대학교에 와서 하고 싶은 것이 있어요? / 수학에 자신이 있나요? 미적분 어때요? / 마지막으로 각오나 하고 싶은 말 있으면 해주세요.
충남대학교,전기전자통신공학교육과,"눈이 와서 추워졌는데 기다릴 때 춥지 않았나요? / 이 학과에 지원하게 된 동기를 이 학과와 관련지어서 말해주세요. / 코딩과 인공지능에 관심이 있다고 했는데 그것과 관련해서 또는 전기전자통신과 관련하여 최근 이슈 / 교육 관련 활동을 한 것이 있으면 말해 주세요. 또, 관련 활동을 하면서 어려웠던 점과 이를 극복한 / 그렇게 멘토멘티 활동을 하면서 실제 교사가 되었을 때 어떠한 방식으로 학생을 가르쳐야 할지 느낀 / 10년 후 본인은 어떤 사람이 되어있을 거 같나요? / 충남대에 온 적이 있나요? / 어떤 목적으로 왔나요? / 그럼 그때 충남대를 보면서 오고 싶다는 생각을 하게 된 건가요? / 그러면 이 학교에 입학하게 되면 그렇게 돗자리 깔고 놀 건가요? / 충남대학교에 방문한 것이 어릴 때 온 게 마지막인가요? / 친구들이 부르는 별명이 있나요? 왜 그렇게 부르는 거 같나요? / 평소에 말이 많은 편이죠? / 이제 시간이 얼마 안 남았으니 마지막으로 하고 싶은 말이 있으면 해 주세요."
충남대학교,전기전자통신공학교육과,지원동기를 말해 보세요. / 너무 어렸을 적 이야기밖에 없는 거 같은데 고등학교 때 한 활동은 없나요? / 자율주행 자동차 코딩은 어떤 프로그램으로 하였나요? / 하면서 어려웠던 점은 없었나요? / 영향력 있는 교사가 되고 싶다고 했는데 되기 위해선 어떤 자질이 필요할까요? / 불리던 별명이 있었나요? / 요즘 학과와 관련되어 아는 이슈 있나요? 그 이슈에 관한 학생의 의견도 같이 말해주시면 됩니다. / 좋아하는 가수 있나요? / 10년 후 어떤 사람이 되어있을 거 같나요? / 시간이 다 되었네요. 마지막으로 하고 싶은 말이 있나요?
충남대학교,정보통신융합학부,안녕하세요. / 네 앉으세요. 너무 긴장하지 마시고 내용을 너무 부풀리지 말고 진실성 있게 답해주시기를 바랍니다. / 먼저 자기소개부터 해 보세요. / 내신 성적을 보니까 영어나 국어 같은 언어 쪽보다는 수학이나 물리 점수가 더 좋네요. 자신이 배웠 / (웃으시며) 그럼 다른 수학 과목은 현실과 동떨어져 있다는 건가요? 확률과 통계가 현실하고 관련이 / 그렇군요. / 아까 언어 얘기를 하셨는데요. 이제 기술이 많이 발전하면서 기계가 사람의 언어를 이해할 수 있는 / 네 첫 번째는 ‘프로그램이 사람의 언어를 알아들을 수 있는데 프로그래밍 언어를 공부해야 하는 이유 / 지금 인공지능이 빠르게 발전하고 있는데 정보통신 기술이 인공지능에 어떤 영향을 줄 수 있을 것 / 생기부를 보면 프로그램을 굉장히 많이 만드셨는데요. 이러면 컴퓨터공학과가 더 맞을 거 같은데 컴 / 디스코드 챗봇 같은 것을 만들어서 한 거겠네요. / 마지막으로 하실 말이 있으시다면 하시고 마치겠습니다. / 네 나가셔도 좋습니다.
충남대학교,중어중문학과,"점심은 먹었어요? / 어이구, 여기는 뭐 차 타고 왔어요? / 이전에? 뭐 하는 거 있어서 와 봤어요? / 아 HSK보러 왔었구나. 자기소개 하고 시작하세요. / 질문 시작할게요 생기부 보니까 뭐 예술쪽에 관심이 많아 보이네? 동아리나, 자율활동 뭐 그런 것들. / 무대를 올렸어요? / 영상 제작은 직접한 건가? 뭐 어떤 거로? (사실 확인을 위한 질문) / 무료 편집앱 어떤거요? / 아～옥시덴탈리즘 탐구했다고 나와 있는데 반대말이 뭔지 알아요? / 음, 한 번 설명해봐요 / 그 탐구.. 탐구했다는 게 뭐에요? / 네 어떤 거 활용해서 탐구를 했다는 건지 / 논문을 보통 어디서 보나? / 그 앱이 무료에요? 아무나 볼 수 있나? 학교 컴퓨터 실에서 봐요? / 알겠습니다, 삼체.. 이건 책으로 읽었나? / 문화대혁명에 대해 말해 봐요. / 네, 그러면 중국의 디플레이션 관련해 보고서 썼다는 건 뭔가요? / 예술이나 뭐 제작하는 거에 관심이 많나봐요? (진로 변경에 대한 질문) / 아까 뭐 HSK도 보러오고 중국어에 관심 많아 보이는데 중국어 할줄아는 거 해봐요. 자기 소개라던 / 해석도 할 줄 아나? / 그게 밝은 달이 비춘 게 꼭 서리 같다 이 말이지 응? (인상 쓰시고 계시다가 순간 환하게 웃으시며 / 대학 졸업하고 어디 가고 싶다 일하고 싶다 이런 거 있어요? / 다른 디즈니랜드 많은데 하필 상하이 디즈니랜드인 이유가 있어요? / 그래요. 마지막으로 하고 싶은 말 있어요?"
충남대학교,중어중문학과,"학교 오는 데까지 어떻게 잘 왔나요? 혼자 왔나요? 오는 데는 안 불편했나요? 점심 먹고 왔나요? (아 / 먼저 자기소개 해주세요. / 중국어로 자기소개하거나 알고있는 지문을 말하는 등 중국어로 말해 볼 수 있나요? / 중국 유학 경험 있나요? / 그럼 중국 체류했던 경험이 있나요? / 아까 자기소개 때 중국어 교사 느낌으로 말씀하셨는데 생기부에 마케팅 관련한 것도 있네요. 구체적 / 생기부에 중국 드라마와 ost를 통해 친구들에게 중국어를 알려주었다고 되어있는데 구체적으로 어떻 / 어떤 드라마의 어떤 ost인가요? / 그 드라마는 어떤 내용인가요? / 아! 조립식 가족!? 맞죠? / 우리 중어중문학과의 학생들은 복수 전공하는 경우가 많은데 본인이 복수전공을 하고 싶은지, 어떤 / 성적을 보니까 1학년 때부터 3학년까지 상승곡선인데 어떤 계기로 공부를 하였는지? / 생기부에 ‘당아비분향니’ 번역 활동이 있는데 원작 소설을 구해서 번역을 한 것인가요? / 원작소설을 직접 구했다고요? 어떻게? / 번역하는데 어려움은 없었나요? / 자신의 인생에서 가장 영향을 크게 미친 사람은 누구인가요? / 중국여행 어디로 다녀왔나요? / 네, 그럼 마지막으로 하고 싶은 말해 보세요. / 수고하셨습니다. 조심히 가세요."
충남대학교,지질환경과학과,먼저 자기소개와 지원동기 말씀해 주세요. / 지구과학2 수강을 안 했던데 안 한 이유가 있나요? / 우리 학과에서 커리큘럼 중에 가장 흥미로워 보이는 게 어떤 과목이었나요? / 지구화학을 우리학과에서 배우는 것은 맞지만 환경토양학은 거의 배우지 않는데... 우리학과에 관심 / 전체적으로 영어 성적이 좋지 않은데 왜 그런 건지 말해 줄래요? / 그게 실제 성적 향상으로도 이어졌나요? / 마지막 한마디 듣고 마칠게요.
충남대,지질환경과학과,"네 안녕하세요. 자기소개랑 지원동기 먼저 들어 볼게요. / 다른 학과에도 지질학과가 있는데 왜 우리 학교에 지원했나요? 그러니까 왜 하필 충남대 지질환경과 / 네 알겠습니다. (다른 면접관분이) 지구과학2도 이수했네. 지구과학2는 3학년 때 배웠던 거죠? / 지구과학2를 배우면서 제일 기억에 남았던 활동이 있으면 얘기해주세요. / 실제로 암석을 편광현미경으로 봤어요? / 편광현미경으로 암석을 관찰한 영상을 봤나요 아니면 편광현미경으로 암석을 관찰한 사람들을 찍은 / 네 알겠습니다. (다른 면접관분이) 학생 2학년 때 보니까 담임선생님이 학생이 식물자원학과에 가고 / 네 알겠습니다. 학과에 진학하고 나서의 진로 계획을 구체적으로 세운 게 있나요? / 커리큘럼.......혹시 우리과 커리큘럼 중에 알고 있는 게 있을까요? / 네. 그리고 다공성 암석에 흥미를 느끼는 것 같은데 뭐가 있을까요? / 다공성 암석이 뭘까요? / 단순히 구멍이 많이 뚫린 돌이 다공성 암석일까요? / 하하 네 알겠습니다. (다른 면접관님이) 학생은 이과야 문과야? / 근데 내가 보기에는 학생은 문과인 것 같아. 문과 학과에 가야 될거 같아. 국어 사회 성적은 높은데 / 첫 번째 과정에 대해서 구체적으로 듣고 싶은데? 예를 들어 친구들과 스터디 그룹을 만들어서 뭘 했 / (웃으시면서) 그럼 학생은 지질학과에 들어오면 매일 밥을 사줘야 되겠어~~ / 학생 생기부를 보면 해양 쪽에도 관심을 가졌었고, 환경 쪽에서도 굉장히 많은 활동을 했어요. 그러 / 지구과학을 특히 좋아한 거 같아요. 성적이 높네요? / 지구과학을 보면 지질학도 있지만 해양적인 부분도 있고, 천문학 그런 부분도 있잖아요? 그럼 지질 / 네 좋습니다. 하고 싶은 말이 있으면 하고 마무리 짓겠습니다. / 네 수고하셨습니다"
충남대학교,컴퓨터융합학부,"요즘 날씨가 많이 춥죠? 면접하러 오는 길에 어떤 생각이 들었나요? / 컴퓨터 융합학부에 지원하게 된 동기는 무엇인가요? / 동아리도 운영해보고, 다양한 코딩활동도 해왔던 것 같은데, 이 과정이 순탄치만은 않았을 것 같습니 / 그 해결방안에 대한 의견은 본인 혼자 제안했던 것인가요? / 네, 본인이 동아리의 리더로서의 자질을 보여주었는데, 동아리를 운영하면서, 어려웠던 순간이 있을 / 동아리 활동에서 ‘***’(3학년 동아리) 동아리에서는 어떤 활동을 하였고, 어떤 역할을 맡았는지 말 / 이제 학생부 내용을 좀 물어보도록 하겠습니다. 원과 접선, 그리고 직각삼각형을 이용해 달과 지구 / 그러면 이번에는 자신감을 가지고 더 잘 대답할 수 있을 것 같은 내용을 물어보겠습니다. FCFS스케 / 그럼 마지막으로 퀴즈 하나를 내겠습니다. 3L짜리 통, 버켓과, 5L짜리 버켓이 있습니다. 여기에 수돗 / 이제 면접 시간이 다 되었습니다. 혹시 마지막으로 더 하고 싶으신 말 있습니까?"
충남대학교,컴퓨터융합학부,학교를 오시면서 어떤 생각을 했나요. / 자기소개 부탁드립니다. / 2학년 미적분 시간에 경사하강법에 대해서 탐구했다고 나와있는데 경사하강법에 대해 설명해 보세요. / 그렇다면 경사하강법의 한계가 무엇인지 아시나요? / 자신이 생각하는 본인의 장점과 단점을 설명하고 단점이 있다면 본인만의 극복 방법을 설명해 / 수학I 과목에서 사인법칙을 이용한 원 모양 잔디밭의 넓이를 구하는 문제 만들기 활동에서 만든 문제 / 5L짜리 물통과 3L짜리 물통이 있을 때 4L의 물을 구하는 방법을 설명해보세요. 물통에서 물통으로 / 주어진 면접 시간이 거의 다 되었는데 혹시 말하고 싶은데 말하지 못했거나 준비하신 것이 있으면
충남대학교,한문학과,"교사 꿈이면 사범대를 가지 왜 한문학과에 오게 되었나? / 아 그렇군요~~ 그러면 학생의 장/단점을 알 수 있을까요? / 네 잘 들었습니다, 요새 인공지능, 예를 들면 ChatGPT 같은 것들이 유행하는데 이런 것들에 대해 / 학생 ChatGPT 유료 버전은 안 써 봤지요? / 그러면 마지막으로 할 말 있으시면 20초 드릴테니 해보세요."
충남대학교,한문학과,자 그럼 일단 우리 학과를 지원하게 된 동기부터 말씀해주실 수 있을까요? / 한문 교사가 되고 싶으시다고 하셨는데 그러면 한문학과보다는 한문교육과를 가는 것이 훨씬 도움이 / 확실히 번역 쪽으로 관심이 있으신지 승정원 일기 번역 현황에 대해서 조사한 적이 있는데 설명해주 / 2030년대 이내에 완역이 될 것으로 추정된다고요? / 자신에 대해서 강점과 약점을 설명해주세요. / 논어를 읽은 적이 있으시네요. 논어에 대해서 설명해 주시죠. / 논어 말고 읽을 다른 문헌이나 자료 같은 것이 있다면 설명해 주세요. / 혹시 예상했던 질문들 중에서 본인이 답하고 싶었다는 질문이 있었다면 이야기해 주시죠. / 네. 수고하셨습니다. 나가셔도 좋습니다.
충남대학교,항공우주공학과,"안녕하세요~ 자리에 앉으세요. 오래 기다리셨네요. 우선 긴장 많이 되죠? / 긴장 많이 한 거 알고 실수해도 되니까 우선 준비 많이 했을 자기소개와 지원동기를 말해주세요. / (학생의 말을 끊고 두 분 다 소리 내 웃으시며) 그것까지 알아봤어요? 하긴 수능 끝나고 시간 많이 남죠? / 준비 많이 했네요. 근데 생기부를 보니까 수학이랑 이과 계열 과목성적이 낮은데, 숫자에 불과하고 / 등가속도운동을 할 때 가로축을 시간으로 두고 세로축을 속도로 두거나 위치로 두었을 때 각각의 / (살짝 웃으며) 가속도가 증가하는데 위치가 일정해요? / 그래프로 그려볼래요? / 알겠습니다. 그럼 이제 수학 문제를 드릴 텐데 혹시 벡터 배웠나요? / 벡터가 수직 할 때 어떤 조건을 충족시키는지 알고 있나요? / 네 그럼요. / 알겠습니다. 그럼 다음 질문으로 넘어가겠습니다. 자연로그 알아요? lnx? / 그걸 부정 적분하면 어떻게 되나요? / 오 네 정확해요. 그럼 이제 그걸 유도해볼래요? / 부분적분 알아요? 치환 적분? / 그거 사용하면 되는데. / 그래요, 안 해보면 아쉽잖아요. / (풀이 과정 보고 있다가 학생이 막힌 부분에서 고민하자) 거의 다 왔어요. / 거기서 인테그랄 한 번 더 씌워보세요. / 오랜 시간 문제 푸느라 수고하셨고요, 마지막으로 하고 싶은 말 말하고 나가시면 됩니다. / 수고하셨어요. 이제 나가셔도 됩니다."
충남대학교,항공우주공학과,ln(x) 부분적분 해보세요. / 뉴턴 제2법칙을 설명해 보세요. / 서로 수직인 벡터의 특징을 말해보세요. / 등가속도운동에서 위치와 속도를 시간에 대한 그래프로 그려보세요.
충남대학교,해양안보학전공,"지원동기 말해볼까요? / 경제적 측면에서 접근했네요? / 긴장하셨나요? 허리에 힘 풀고 의자에 등 대고 편안하게 앉으셔도 됩니다. / (웃으시며) 아니에요 더 편안하게 앉아도 돼요. / 생기부를 보니까 동아리 반장을 굉장히 많이 했던데 혹시 동아리 활동을 하면서 갈등을 겪었던 적이 / 생기부를 보면 진로가 쭉 경찰이던데 왜 해양안보학과에 지원했나요? / 다른 학교는 어디 지원했습니까? / 해군이 되고 싶었으면 다른 해군 계약학과에 지원하지 다른 학과에는 왜 지원했나? / 아까 영해가 중요한 역할을 한다고 해서 해군이 되고 싶다고 했잖아요, 영공에서 공중 폭격이나 그 / 그거는 본인 생각인 거고, 왜 공군이 아닌 해군이 되고 싶은가요? (압박) / 윤영하 소령님을 얘기했는데 혹시 다른 연평해전에서 전사하신 상사나 의무병 이런 분들, 살아계신 / 이분이 전역 안 하셨을걸요...? 아 전역 하셨네. 이 분은 전역 하시고 국가보훈부 차관을 맡고 있습니 / 마지막으로 하고 싶은 말 있나요? / 수고하셨습니다."
충남대학교,해양안보학전공,"자기소개와 지원동기를 말씀해 주세요. / 국가와 국민을 지키는 경찰, 소방관, 군인 중에서 군인이 가장 되고 싶다고 하셨는데, 그럼 해군 장 / 체육반장으로서 구체적으로 친구들에게 어떤 리더십을 보여 주었나요? / 우리 학교에 들어오면 어떤 활동을 할 것인가요? / 전투병과에 무엇이 있는지 아시나요? / 함정과는 무엇을 하는지 아시나요? / 오~ 맞아요 그럼 다른 병과는 관심이 없으신 건가요? / 성적이 많이 아쉬우신데 본인의 단점인 과목과 장점인 과목이 있나요? / 네 마지막으로 하실 말씀 해주세요."
충남대학교,해양환경과학과,안녕하세요. 앞에 있는 의자에 앉아 주세요. / 그럼 간단한 자기소개나 여기에 들어오고 싶게 된 계기 같은 거 있어요? / 환경오염을 공학적으로 해결하는 기술에 대해 탐구한게 있는거 같은데 그거에 대해서 할 말 있으면 / 지구온난화로 인해 발생되는 것들에 대해 생각해 본 게 있을까요? / 정의와 해결방안을 정확하게 잘 알고 있네요. 자신이 생각하는 장점이나 단점 같은 거 있어요? / 학교에 들어오면 하고 싶은거 있어요? / 아니 그런거 말고 학교 와서 해보고 싶은 거. / 농구 잘해요? / 환경 관련이나 해양 관련해서 최근에 떠오르는 이슈 알고 있는거 있으면 말해주세요. / 마지막으로 할 말 있으면 해보세요.
충남대학교,해양환경과학과,해양환경에서 연안환경 관련 탐구를 했는데 탐구한 거에 대해 설명해 보세요 / 북극의 남방진동지수와 제트기류 연관성에 대해 탐구한 거 말해 보세요. / 해양 환경 관련 탐구한 게 많은데 요즘 관심 있는 거에 대해 말해 보세요. / 마지막으로 할 말 있으면 해 보세요.
충남대학교,행정학부,"네, 안녕하세요. 긴장하지 마시고, 자기소개나 지원동기를 1분 내외로 말해 주세요. / 학급자치회 활동(반장, 부반장)을 한 경험이 있는 것으로 되어있는데요. 활동을 하면서 좋았던 점과 / 학급 내에서 일어나는 문제를 해결했다고 말하셨는데, 구체적으로 문제를 어떻게 해결하신 경험이 있으 / 성적을 보면 국어 성적이 급격하게 상승했는데 어떤 일이 있었는지 말씀해주세요. / 가장 싫어하는 과목과 그 과목을 어떻게 극복했는지 말해 주세요. / 아까, 그린뉴딜 정책과 같이 사회 문제에 대한 국가의 해결 방법에 대해 관심이 많으신 것 같은데요. / 네, 편하게 생각하세요) 넵, 아까 말씀드린 그린 / 마지막으로 하고 싶은 말이 있으면 해 주세요."
충남대학교,행정학부,첫 번째 면접자인데 떨지 말고 편안한 마음으로 질문에 답해 주시면 됩니다. / 이 과에 지원한 동기를 말씀해 주세요. / 사회적 취약계층에 관심이 많아 보이는데 사회적 취약계층에 대해 어떻게 생각하나요? / 사회적 취약계층에 대한 혜택에 대해 많이 말했는데 비사회적 취약계층에서 자신들이 차별받는다고 / 행정공무원이 되었을 때 악성 민원인을 어떻게 상대할 것입니까? / 동아리 활동 중 인상 깊었던 활동은 무엇입니까? / 동아리 활동에서 팀원과 갈등이 있었다면 어떻게 해결하였습니까? / 대전의 0시 축제에 대한 내용이 있는데 구체적으로 어떤것인가요? / 마지막으로 하고 싶은 말 있으면 하세요. / 이제 나가셔도 됩니다.
충남대학교,행정학부,네 저희 행정학부에 지원하게 된 이유라던가 계기가 있을까요? / 학생부를 보니까 다양한 활동들을 하신 것 같은데 혹시 하신 활동 중에 갈등 상황이나 어려움을 겪 / 혹시 살면서 겪은 어려움이 있고 그 어려움을 어떻게 극복했는지 말씀해 주세요. / 혹시 읽었던 책 중에 추천하는 책이 싶은 책이 있나요? / 혹시 일하고 싶은 기관이나 진로가 정해진 게 있을까요? / 혹시 저희가 질문을 드리지 않은 내용 중에 추가로 말씀해 주실 부분이 있을까요? / 마지막으로 하실 말씀이 있나요?
충남대학교,화학공학교육과,"저희 과에 지원하게 된 동기를 말해 보세요. / 물리, 화학과 관련된 동아리를 했다고 했는데 어떤 활동을 했나요? / 실험은 성공적이였나요? / 중합 방법은 기억하나요? / 수능은 어떤 과목 선택했나요? / 물리랑 화학은 안 봤네요? / 사회탐구를 섞어서 봐도 대학 지원하는데 상관이 없나요? / 그때 바꿔도 점수는 괜찮았나봐요? / 오. 그럼 탐구 공부하면서 어려웠던 부분은 어딘가요? / 거긴 모두가 어려워하는 부분이니까.. 그럼 학교에서 물리학Ⅱ랑 화학Ⅱ는 배웠나요? / 그럼 과학 탐구 중에서 가장 어려워하는 과목은 뭔가요? / 우리 학과가 이름이 화학공학이라서 화학을 많이 배운다고 생각하는데 사실 물리도 많이 배우거든요. / 수학은 좋아하나요? / 수학의 공통과목이랑 선택 과목 포함해서 가장 어려웠던 것은 뭔가요? / 네, 알겠습니다. 교권 침해 문제가 계속 일어나고 있는데 교권 침해는 왜 일어난다고 생각하나요? / 그렇다면 만약 본인이 교권 침해를 겪으면 어떻게 할 건가요? / 네 알겠습니다. 그럼 마지막으로 하고 싶은 말이 있나요?"
충남대학교,화학과,안녕하세요. 지원동기 말해 주세요 / 네. / 방금 말한 산성화된 토양 중화실험에 대해 자세히 말해 주세요. / 생명 성적이 낮은 데 이유가 있나요? / 기체크로마토그래피와 액체크로마토그래피에 대한 내용이 많은데 크로마토그래피에 대한 설명을 자 / 라만분광법에 대해서도 조사했는데 간단히 말해 줄 수 있나요? / 마지막으로 하고 싶은 말 있나요?
충남대학교,화학과,예 ~ 안녕하세요 ~ 앉아서 자기소개 한 번 멋지게 해 보세요. / 뭐 또 따로 실험한 활동 있으면 더 얘기해 볼래요 ? / 이 이산화탄소를 세탁제로 활용한다는 이거는 본인이 직접 떠올린 건가요 ? 아니면 어떤 사례를 / 내가 가장 자신있는 화학 개념 있으면 한 번 얘기해볼래요 ? / 마지막으로 하고 싶은 말해 봅시다 !
충남대학교,화학과,"안녕하세요. 의자에 앉아주시고 자기소개 시작 하세요. / 페니실린이 무엇인가요? / 드라이아이스의 분자량을 어떻게 구하나요? / 생활기록부를 보면 양자론이 뭐야 라는 책을 읽고 ‘양자 얽힘, 불확정성의 원리, 파동-입자 이중성' / 네 고민할 시간 드릴테니까 생각나는 것만이라도 말해 보세요. / 마지막으로 하고 싶은 말 있나요? / 네 수고하셨습니다. 나가도 좋습니다."
한국침례신학대학교,유아교육과,네 안녕하세요. 자리에 앉으세요. 자기소개 해 볼까요? / 네 그렇군요. 다른 학교에도 유아교육과는 있는데 왜 침신대 유아교육과에 지원하게 되었나요? / 자신의 성격 중 가장 큰 장점이 있어요? 그리고 그 단점을 위해 노력한 게 있나요? / 어떤 교사가 되고 싶나요? / 교회는 몇 년 다녔어요? / 하나님을 언제 만났나요? / 마지막으로 하고 싶은 말이 있으면 해 보세요.
한남대학교,간호학과,"간단하게 자기소개 해 주세요. / 응급실과 같은 긴박한 상황에서 의료진 동료와 커뮤니케이션을 원활하게 하려면 어떻게 해야할까요? / 고등학교 생활을 하면서 가장 힘든 점이 무엇이었는지, 어떻게 해결했는지 이야기해 주세요. / 친구들은 본인을 어떤 친구라고 생각하는 것 같아요?"
한남대학교,건축학과(5년제),안녕하세요. 한남대학교를 방문하신 적 있나요? / 동아리를 보니까 사회문제탐구 동아리를 했는데요 맞나요? / 동아리 활동을 보니까 투자를 목적으로 집을 구매하는 사람들에 대해 반대하는 입장으로 나와있는데 / 네 수고하셨습니다.
한남대학교,경찰학과,"반갑습니다. / 춥지 않으신가요? / 겉옷은 가져오셨죠? / 면접 시작해도 되겠죠? / 저희 학과에 지원한 동기와 자세한 이유에 대해 말해 주세요. / 뛰어난 운동 능력이라 했는데 특별히 잘하는 운동이 있나요? / 배운 교과목 중에 도움이 된 교과가 있나요? / 네, 그렇군요. 국어와 영어 과목이 상대적으로 낮은 성적을 보이네요? / 수학과 과학 성적이 사회과목에 비해 높은데 그런데도 경찰학과에 지원한 이유가 뭐죠? / 수학과 과학 같은 이과 과목이 경찰과 연관지어서 어디에 활용할 수 있을까요? / 진로활동을 하면서 경찰과 관련해 심화탐구를 한 적이 있나요? / 1학년 때 인플루언서 활동은 뭔가요? / 인플루언서 활동이요, 손말챌린지 같은... / 네, 그렇군요. 시간이 없는 관계로 이제 끝내야 할 것 같습니다. 하고 싶은 말이 있나요? / (질문에 응답해주신 후) 이제 정말 시간이 없는 관계로 면접을 종료하겠습니다. 수고하셨습니다."
한남대학교,사회복지학과,안녕하세요. 우선 지원동기에 대해서 설명해 주시겠어요? / 좋습니다. 사회복지에는 여러 가지 종류가 있는데요. 혹시 어떠한 종류에 사회복지에 대해 공부 해 보 / 어 그렇다면 저희 상담심리학과에 지원하시는 것도 좋았을 것 같은데 사회복지학과에 지원하신 이유가 / 네 알겠습니다. 생활기록부을 살펴보니 책을 많이 읽었었네요? 혹시 읽은책 중에 사회관련된 문제를 다 / 그렇다면 이러한 사회적 약자들을 도우기 위해서는 어떠한 노력이 필요하다고 생각하나요? / 알겠습니다. 3학년 화법과 작문 시간에 싱글세 도입에 대한 생각을 정리했던 적이 있네요? 싱글세의 관 / 그렇다면 저출산을 막기 위해서는 어떠한 해결 방안이 필요하다고 생각하시나요? / 네 좋습니다. 시간이 다 되어서 오늘 면접은 여기서 마치겠습니다. 수고하셨습니다.
한남대학교,사회복지학과,"어서오세요. 지원동기를 들어 볼까요? / 좋습니다. 참전용사분들에게 봉사하기 위해 경찰에서 사회복지사로 진로를 변경한 건가요? 다시 경찰 / 그러면 사회복지 쪽에서 어느 분야로 진출하고 싶나요? 사회복지도 여러 분야로 나뉘거든요, 노인복 / 그렇군요. 생활기록부를 보니 학급 임원을 굉장히 많이 했네요, 비결이 있을까요? 또한 갈등이 발생 / 알겠습니다. 확률과 통계 시간에 발표한 정규분포 내용을 사회복지에서도 다루는데요. 혹시 알고 있었나요? / (웃으시며) 하하 네 정규분포는 사회복지 분야에서 정말 많이 쓰입니다. 어떻게 공부하실 생각인가요? / 좋습니다. 여기 흥미로운 내용이 있네요. 살인자도 사회복지를 받아야 한다고 주장하셨는데요, 이유 / 인권을 가진 사람이라면 살인자도 복지 서비스를 받을 수 있다. 알겠습니다. 수고하셨습니다."
한남대학교,상담심리학과,안녕하세요. 표정이 참 좋으시네요. 학생을 확인하기 위해 면접 번호를 확인할게요. 천천히 불러주시 / 네. 확인했습니다. / 표정이 참 좋네요. 그럼 바로 질문하도록 하겠습니다. 자기소개 먼저 해 주세요. / 동아리를 보면 또래 상담 동아리가 아니라 심리학 동아리를 2년 동안 들었던데 심리학 동아리는 또 / 그렇다면 심리학 동아리에서 어떤 활동을 했는지 설명해주세요. / 2년 동안 심리학 동아리를 하면서 동아리 부장도 했다고 적혀있던데 가장 기억에 남는 활동이 있을 / 한참 mbti가 유행이잖아요. 회사에서도 mbti를 보고 뽑는다는 말도 나왔어요. 생기부를 보니 mbti에 / 생기부에 인공지능에 대해서도 많이 조사하셨던데 인공지능으로 미래에 심리상담사에 대한 생각을 / 지금까지 살아오면서 힘들었던 일이 있을까요? / 그럼 왜 그 친구가 피하고 무시했는지는 알았나요? / 다른 사람들이 보기에 나 자신을 한 단어로 표현해 주세요. / 어떤 것으로 남들이 따뜻함이라고 생각할지 설명해주세요. 왜 그렇게 생각하는지. / 네. 마지막으로 준비했는데 못한 말이 있거나 하고 싶은 말 있으면 해주세요. 강요는 아닙니다. / 네. 답변을 잘 해주셔서 어떤 학생인지 잘 알 수 있었습니다. 표정도 너무 좋았어요.
한남대학교,영어교육과,오는 길은 힘들지 않으셨나요? / 지원동기가 어떻게 되나요? / 영어교육과에 지원을 하셨는데 오기 위해 노력한 사례가 있을까요? / 임원 활동을 하셨던데 리더쉽을 발휘한 사례가 있을까요? / 원래 외향적인 성격이신가봐요? / 그럼 자신이 교사라는 직업에 적성이 맞는지에 대해 어필해 주세요. / 마지막으로 자신이 열심히 준비했는데 말하지 못했던 것이 있으면 자유롭게 말해 주세요. / 네 이제 시간이 다 되었네요. 수고하셨습니다.
가톨릭꽃동네대학교,간호학과,"안녕하세요. / 자기소개와 우리 학교에 지원한 동기를 설명해 주세요. / 간호사의 윤리에 대해서 설명해 주세요. / 대학 생활동안 전공 관련하여 가장 해보고 싶은 일을 이야기해 주세요. / 아까 자기 소개에서 우리 학교에 해외 교류 프로그램이 있다고 이야기했지요? 만약 해당 프로그램에 / 자기 소개에서 신생아 실에서 근무를 하고 싶다고 이야기 했는데, 현재 출산율 감소로 신생아가 줄 / 마지막으로 하고 싶은 말을 해 보세요."
건국대학교(글로컬),경찰학과,안녕하세요. ( 아이스 브레이킹을 해주신 후 질문함) / 왜 이 학교를 지원하게 되었나요? / 어떤 커리큘럼이 마음에 들었나요? / 왜 마음에 들었었나요? / 많은 탐구를 하였는데 그 중 하나를 선택하여 설명해 주십시오. / 생기부를 보면 촉법소년에 대해 탐구를 많이 하였고 이 범죄가 많아지면서 이에 대한 방안을 내보 / 촉법소년 나이는 몇 세에서 몇 세까지인가요? / 괜찮습니다. 생기부에 보면 질병 결석이 많은데 이건 왜 그런 건가요? / 어디가 그렇게 안 좋았나요? 지금은 괜찮은 건가요? / 스트레스로 인해 아팠던 건가요? 아니면 그냥 몸이 안 좋았던 건가요? / 경찰이 되기 위해서 운동은 하고 있습니까? / 생기부를 보면 봉사활동을 보다 적게 하셨는데 이유가 있을까요? / 왜 경찰을 진로로 선택하였나요? / 마지막으로 하고 싶은 말이 있을까요? / 천천히 하셔도 됩니다. / 수고하셨습니다.
건국대학교(글로컬),사회복지학과,"(면접이 8시 40분부터 시작이라) 여기 오려고 아침 일찍 일어났겠네요? / 누구랑 왔어요? / (면접관님이 신기한 듯 보셨음) / (웃으시면서) 신기한 조합이네요. / (웃으시면서)화목한 집안이네요. / 너무 긴장한 것 같은데 좀 풀어요. 하고 싶은 말은 다 하고 가야하니까요. / 면접하기에 앞서 본인 확인 먼저 할게요. 2학년 때 활동했던 동아리 명이 ‘세상사는 이야기’가 맞 / 네 그럼 질문할게요. 사회복지와 관련해서 많은 진로 활동을 했는데 그 중에서 기억에 남는 활동이 / 구체적으로 어떤 방법이 필요하다고 생각하나요? / 3년 동안 사회복지에 대해 탐구하였는데 어떤 분야에 대해 탐구하였나요? / 성적이 계속 하락하는 추세인데 이에 대해 자세히 말해 주세요. / 현재 4차 산업혁명이 사회에 영향을 미치고 있는데요, 이런 4차 산업혁명이 사회복지에 어떤 기여를 / 이런 4차 산업혁명이 지속되면 양극화가 발생하게 될텐데, 양극화 알죠? 양극화를 완전히 해결할 수 / 서로 노력이 필요하다는 거죠? / 이제 시간이 거의 다 되었는데, 혹시 해야 했는데 못 했던 말이나 마지막으로 하고 싶은 말이 있나요? / 변호사해도 되겠어요(웃으시면서)"
건국대학교(글로컬),의예과,네. 앞에 제시문 1분 동안 읽어 주세요. / 다 읽으셨다면 제시문 내용을 설명해 주세요. / 자신이 의사가 된다면 번아웃이 올 것 같나요? 온다면 왜 그럴 것 같나요. 그리고 고등학교 생활 중 / 상황극을 하는 것처럼 저를 설득시켜 보세요. “너는 의사라서 돈도 많이 벌잖아. 그럼 번아웃으로 / 의료 인공지능에 대해 어떻게 생각하시나요? / 의료 인공지능이 사용된 사례에 대해 아는 것이 있으신가요? / 의료 인공지능이 사용되려면 어떤 부분이 개선되어야 할까요? / 또 의사의 업무 부담을 줄일 수 있는 방안에는 무엇이 있을까요?
건국대학교(글로컬),의예과,(의사의 번아웃 증후군에 관한 제시문을 읽고) 의사의 번아웃 증후군에 대해 어떻게 생각하시나요? / 의사의 번아웃 증후군에 대한 해결방안은 무엇이라고 생각하시나요? / (‘AI 기술을 활용하여 의사의 번아웃 증후군을 해결할 수 있다’에 대한 제시문을 읽고)
건국대학교(글로컬),의예과,미국의사의 번아웃 문제에 대해 어떻게 생각하나요? / 해결방안에 대해 말씀해주셨는데 해결방안 말고 본인이 미래 의료인으로서 번아웃에 빠질 수도 있을 / 번아웃이 온 경험이 있다면 설명해주세요 / 상황극이라고 생각하고 친구가 말하는 말에 대한 답변을 해주세요. 반말로 해주시면 됩니다. “야 넌 / 의료에 AI를 도입해 의사들의 번아웃을 줄일 수 있는 것에 대해 어떻게 생각합니까? / 위에서 언급한 건강상태체크 AI로봇에 대해 자세히 설명해 주세요.
건국대학교(글로컬),의예과,의사의 번아웃 증후군에 대해 어떻게 생각합니까? / 상황극을 할 건데 면접관이 친구 역할이라고 생각하고 반말로 대답해 보세요. / 그렇다면 이러한 의사들 사이의 번아웃 증후군을 어떻게 해결해야 한다고 생각합니까? / 본인도 번아웃 증후군을 겪고 그를 극복한 경험이 있나요? / 그 과정에서 주변 사람들에게 도움을 받지는 않았습니까? / 인공지능을 활용해서 의사의 번아웃 증후군을 해결할 수 있는 방법이 뭐가 있을까요? / 그렇다면 인공지능을 활용한 예시가 있을까요?
건국대학교(글로컬),의예과,"제시문을 이해한 대로 요약해 보세요. / (미국의 의료와 우리나라 의료계에서 의사 번아웃의 차이점에 대하여 질문하심. 둘 중 어느 하나가 / (예상한 답변이 아닌 것 같아 의아했지만 고개를 끄덕이며 경청해주심) 면접자도 번아웃 증후군을 겪 / (고개를 끄덕이며) 그 점이 번아웃이 올 만큼 힘들었나요? / (살짝 미소 지으시면서 평가지에 체크함....) 네, 알겠습니다. / 상황극입니다. ‘의사는 돈도 많이 벌고 사회적 명성도 있는데 번아웃이 올 이유가 없다’고 주장하 / 네, 다음 질문입니다. 인공지능 기술은 의사 번아웃 증후군 해결에 기여할 수 있다고 생각하나요? 만 / 네 알겠습니다. 다음 질문입니다. 최근 들어 챗GPT의 사용이 늘고 있습니다. 이에 대해 어떻게 생각 / 그러면 면접자는 챗GPT를 사용한 적이 있나요? / 그럼 의료계 측면에서는 인공지능과 의사가 함께 가야 하는 것으로 이해하면 될까요? / (주로 듣기만 하셨던 다른 면접관께서) 음, 아까 소아 심장학 쪽으로 종사하고 싶다고 했는데 그 분 / 아, 종이 쳤네요. 들어온 문으로 다시 나가시면 됩니다. 수고하셨습니다."
건국대학교(글로컬),의예과,의사의 번아웃 증후군에 대해서 어떻게 생각하나요? / 제시문 중 의사의 번아웃 증후군 완화를 위해 해결되어야 한다고 본인이 생각하는 것은? / 의사의 번아웃 증후군 해결을 위한 방안은? / 본인의 번아웃 증후군 경험과 그것을 어떻게 이겨냈는지 말해 보세요. / 의사는 돈도 많이 벌고 사회적 명성도 있는데 번아웃이 올 이유가 없다라는 주장에 대해 어떻게 생 / 인공지능이 기술이 의사 번아웃 해결에 기여할 수 있다고 생각하나요? / 인공지능이 의료에 사용되는 예를 1가지 제시하세요.
고려대학교(세종),약학과,"네네 앉으세요. / 우선 지원 동기는 어떻게 되나요? 그리고 또 고려대학교에 지원하게 되었는지 말씀해주세요. / 그런 걸 다 알아 오셨네요? 저희도 못 외우는건데.. ㅎㅎ / 네~ 반장 같은 거 하면서 리더십 있는 모습들을 많이 보여줬던 것 같은데 힘들었던 거나 인상깊은 / 그럼 화학, 생명 중에서 어떤 거에 관심이 있으신 거예요? / 그럼 유기 화학 분야에 관심이 있으신 거예요? / 네 합성 이런 거에 관심이 있으신 건가요? / 그럼 교과 내용 중에서 관련된 활동 있으시면 설명해 주세요. / 네네 가능합니다. / 네 그러면 3학년 때 성적이 떨어지신 이유는 무엇인가요? / 3학년 때는 상대평가가 국어랑 영어 과목만 있는 거죠? / 네 알겠습니다. 영어 소통 능력은 어느 정도 되나요? / 네 시간이 거의 다 되어서 마지막으로 하고 싶은 말씀 해주세요. / 네. 수고하셨습니다."
고려대학교(세종),약학과,"약학과에 지원하게 된 이유가 무엇이고 왜 고려대에 지원하게 되었나요? / 그럼 낭포성섬유증은 어디에서, 어떤 장기에서 발현하는 걸 본 거예요? / 화학2 시간에 반응속도와 관련된 탐구를 하셨는데, 온도가 높아지면 반응속도는 어떻게 되나요? / 약사가 하는 일은 정말 많은데, 약사는 어떤 식으로 사회에 기여를 할까요? / BLAST를 이용하여 유전자를 찾아냈다고 하는데, 그 과정과 BLAST를 통해 알게 된 점에 대해 말해주세요. / 정밀의료에 대한 관심이 많아 보이는데 정밀 의료는 무엇이고, 앞으로 어떻게 발전해나갈지 말해주세 / 자율활동을 보니 다양한 구기종목에 참여한 것 같은데 운동 많이 좋아하나요? / 그러면 이러한 활동을 하며 뭔가 이끌어 나가거나 문제를 해결한 경험이 있나요? / 자신만의 학습법이 있을까요? / 오늘 질문 대답 다 너무 잘했는데, 혹시 마지막으로 하고 싶은 말 있을까요? / 네, 수고 많으셨어요."
고려대학교(세종),약학과,"네, 안녕하세요. / 네. 편하게 앉으세요. (자리에 착석 후) 저를 쳐다보는 눈빛이 많이 긴장한 것 같은데 긴장하지 말고 / 왜 약학과에 지원했는지 그리고 왜 고려대학교에 지원하게 되었는지 말해주세요. / 신약 개발에 비용이 드는데 어떻게 저렴하게 제공할 건가요? / 약학과에도 진로가 여러 개가 있는데 신약 개발을 말했어요. 합성, 제제약, 약리학 등 어느 것에 관 / 네. 신약 개발 중에서도 합성학, 제제약, 약리생물학이 있는데 뭐에 관심이 있나요? / 2 합성하는데 관심이 있다고 했어요. 고급화학을 들었던데 여기 적힌 SN1, SN2 반응의 차이를 얘기해 / (끄덕임) / 3학년 동아리에서 코큐텐, 아스트라잔텐, 비타민c와 같은 항산화 물질을 탐구했던데, 이런 건 약보 / 여기 3학년 동아리에서 노화 주제 선정에 주도적으로 했다는 말이 있는데 이것 외에도 주도적으로 / 네. / 아 원래 개인 활동보다 조별 활동이 더 어려운 건데~ 그러면 본인은 리더로 사람들을 이끄는 것과 / 아, 네. 이거는 뭐 답이 있는 문제가 아니라서 / 네, 마지막으로 할 말 있나요? / 네, 수고하셨습니다. 나가시면 됩니다."
공주대학교,경영·금융교육과,"착석해주시기 바랍니다. 많이 긴장되시나요? / 너무 긴장하지 않으시면 좋겠네요 ㅎㅎ (면접 주의사항 안내) 그럼 이제 면접 시작하도록 하겠습니다. / 생활기록부를 보니 교사의 꿈은 드러나지만 경영·금융교육과와는 관련이 딱히 없어보이네요. 우리 / 우리 과에 지원하는 학생들 중에서는 특성화고를 나온 학생들도 있습니다. 그 학생들은 임용고시를 / 그렇다면 우리 과에 들어오게 된다면 미리 준비를 한 학생들과도 임용고시에서 경쟁해야 할 텐데 어 / 생활기록부를 보니 ○○○ 동아리에서 교권과 관련한 다양한 활동을 한 것처럼 보이는데 이 동아리 / 지원자께서 생각하시는 교사가 갖춰야 할 역량은 어떠한 것들이 있고, 지원자께서 미래에 교사가 되 / 지원자의 성적을 보니 성적이 정체기에 머물러 있는 것처럼 보이네요. 정체기가 된 이유를 말씀해 / 이제 시간이 다 되어가네요. 마지막으로 하고 싶은 말 있으면 해 주시기 바랄게요. / 네, 수고 많으셨습니다."
국립공주대학교,국어교육과,"오는데 힘들지는 않으셨나요? (아이스 브레이킹) / 차에서는 뭐 하셨나요? / 그럼 준비가 잘 되었겠네요. 기대하겠습니다.(이후 주의사항을 고지하신 뒤 바로 면접 질문을 하셨습 / 그 답변은 온라인 활용 수업의 특성에 더 가까운 것 같은데, 생각하는 힘을 기를 수 있는 방안이 되 / 그렇군요. 또... 유자소전을 읽은 적이 있네요? ‘전’양식의 특징에 대해 설명해보시겠어요? / ‘전’양식을 띄고 있지만 일대기적 구성을 가지지 않는 작품도 있지 않나요? 이 작품들은 왜 ‘전’ / 그럼 ‘전’양식의 작품과 ‘황만근은 이렇게 말했다’의 유사점과 차이점은 뭔가요? / 알겠습니다. 생활기록부를 보니 이미지와 문자의 관계에 대해 글을 쓴 적이 있는데, 이에 대해 말해 / 예를 든다면요? / 알겠습니다. 읽어보니 청소년층의 문해력 저하 문제에 대해서도 탐구했는데, 이 문제의 원인이 뭐라 / 네. 아쉽지만 시간이 거의 다 되었기 때문에 슬슬 면접을 마무리하겠습니다. 더 보충하고 싶은 답변"
공주대학교,문헌정보교육과,"오는데 차 막히진 않았어요? / 지원동기가 어떻게 되나요? / 별명이 도서 자판기라고 하셨는데, 친구들에게 책을 추천하는 자신만의 기준이 있는지와 가장 최근에 / 도서정가제에 대해 조사했는데, 내용 중에 가장 강조하고 싶은 부분은 뭔가요? / 사서랑 사서교사의 차이점이 무엇인지? / 3학년 진로활동에 사서가 지적 문화재를 사회적으로 제어하고 제공한다고 했는데 사회적으로 제어하 / 마지막으로 할 말 있나요?"
국립공주대,물리교육과,"우리 학교와 이 학과에 지원한 동기가 궁금합니다. / 수1 과목을 보면 비스무트 광석의 등비수열에 관한 탐구를 했다고 나와있는데, 어떻게 탐구를 진행했 / 음.. 설명이 너무 추상적이에요. 등비수열은 수(강조하며)일텐데, 눈송이 등비수열은 어떻게 구하나요? / 페르마 원리와 스넬 법칙의 연계성에 대해 탐구했는데, 어떤 점이 연관되는지 설명해 줄 수 있나요? / 디랙에 대해서 발표했는데, 어떤 내용인지 말해볼래요? / 교사라는 꿈을 이루기 위해 많은 활동을 한 것 같은데, 어떤 교사가 되고 싶나요? / 수2에서 거듭제곱의 합과 차의 차이에 대해 발표했다고 했는데, 어떤 내용으로 발표했나요? / 시간이 8분에서 9분으로 넘어가서 마무리하려고 하는데, 마지막으로 준비했는데 말하지 못했거나 하"
공주대학교,생물교육과,"네, 반가워요. 저희 면접은 전혀 긴장하지 않고 봐도 돼요. 질문에 대해 답변하지 못해도 괜찮아요. / 어디에서 왔어요? 학교명은 말하지 말고, 지역은 언급해도 됩니다. / 아이~ 그정도 거리면 혼자 버스타고 왔어도 됐겠구만.. 밥은 먹고 왔어요? / 잘했네 ㅎㅎ / 학교에서는 생명과학Ⅱ 배웠겠고.. 수능으로 생명과학1, 2 봤어요? / 왜 수능으로는 생명과학Ⅱ 안 봤어요? 자신이 없었던 건가? / 오.. 생기부를 보니까 생물신문을 제작했네요. 이 신문을 제작한 목적과 여기에 담긴 내용을 설명해 / (미소를 지으시며), 오 그랬군요~. / 특히 과학 중에서도 생명과학을 좋아하는 이유가 뭐예요? / 과학에 대한 흥미가 높아 교사가 되고 싶은 거구나. / 와, 굉장히 흥미로운 탐구를 진행했네. 생명과학Ⅱ에서 신호서열에 대해서 탐구했는데 간단히 말해 / 오, 그럼 단백질 합성 원리에 대해서도 공부했을 텐데 간단히 설명해 볼래요? / 전사되고, 번역되고 그 과정에서 필요한 게 뭘까요? / 단백질과 그리고 또..? / (아찔하신 듯한 웃음..) 하하.. / 그래요. (미소) / 기후변화와 생태계에 대해서도 탐구했었네. 내용 한번 얘기해 볼래요? / 혹시 이제 마지막으로 하고 싶은 말이 있을까요? 얘기하고 싶었는데 얘기하지 못한 거라던가.. / 네, 고생 많았습니다. 이제 나가봐도 좋아요!"
공주대학교,수학교육과,기다리는데 많이 떨리지 않았어요? / 뭐 추천 받았어요? / 아 저도 먹어 봤어요.. / 그래요 지원 동기 많이 준비했죠? 천천히 지원 동기 말해 주세요. / 수포자들을 돕고 싶군요. 수포자들의 특징이 뭐라고 생각하시나요. / 오 준비 많이 했네요. 수학적 개념에 대해서 물어볼게요. 당황하지 말고 개념을 설명해 주세요. 미적 / 그래요. 그렇게 다가가는 것이 무엇일까요? / 그래요. x^n이라는 그래프로 설명해 주세요. / 아 그러면 x^2을 미분한다면 어떻게 되고 왜 그렇게 될까요? / 그러면 칠판으로 정의와 그림으로 설명해 볼까요? / 마지막으로 하고 싶은 말 있어요? / 그래요. 수고했어요.
공주대학교,수학교육과,"네, 오는 길은 괜찮았나요? / 수학교육과에 지원하게 된 동기를 말해 주세요. / 초등학생들을 상대로 봉사활동도 하고 여러 모의수업도 한 것 같은데 그럼 중, 고등학생들이 수학을 / 미분계수에 대해서 그 자리에 앉아서든, 일어서든, 뒤에 서든 편하신 대로 학생들에게 설명하듯이 설 / x값이 변할 때 수렴하는 걸 말하고 싶었던 것 같은데 잘 기억나지 않았나 보네요. x의 n 제곱 알죠? / 그 x의 n 제곱을 미분할 때, 어떤 원리로 미분이 되는지 설명해 주세요. / 아직 어떤 개념을 설명하고 그런 것이 어려운 것 같네요. 마지막으로 하고 싶은 말 있으면 말해주세요. / 네, 수고하셨습니다."
공주대학교,수학교육과,"오시는 데 불편한 점은 없었습니까? / 그럼 저희 공주대 수학교육학과에 지원하게 된 동기나 계기가 있다면 설명해 주시죠. / 생기부를 보니 미적분학을 수강하셨내요. 그럼 미분의 정의와 미분계수에 관하여 학생이 있다고 생각하 / 그럼 거시서 f(x)를 으로 두고 미분하면 어떻게 되나요? / 그럼 방금 전에 적은 식에 대입하여서 설명하여 주세요. /  / , 조립제법을 사용하면 됩니다. / 항상 문제만 풀다가 증명하려니깐 어려움이 있었나 보네요. 판서 지우시고 앉아 주세요. / 생기부를 보니 자연상수 e의 유래와 사용 사례에 대하여 발표하였다는데 설명해 주세요. / 지난 학기에 공동교육과정으로 고급 수학을 이수하셨다고 하셨는데 어떤 것을 배우셨나요? / 네, 간단하고 핵심적으로 잘 설명해 주셨습니다. 그럼 마지막으로 하시고 싶은 말씀을 해주세요. / 네, 좋은 교사가 될 것 같네요. 나가셔도 좋습니다."
공주대학교,역사교육과,본인의 수험번호로 인사하면서 시작하겠습니다. / 1학년 동아리 활동 때 수업 시연 활동을 하였는데 어떤 내용을 수업하고 그 수업을 위해 어떤 준비 / 학생은 이 공주대학교 역사교육과에서 무엇을 하고 싶나요? / 네 면접은 여기까지이고 수고했어요
공주대학교,영상학과,"네, 앉으세요. 날씨가 갑자기 추워져서 오는 데 많이 힘들었을 것 같아요. / 그럼 이제 질문해도 될까요? / 3학년 진로활동 중 루이스 자네티의 플래시백과 같은 시간의 전위가 서사 전달에 자연스럽게 몰입할 / (끄덕) / 2학년 진로활동 중 인공지능 영상편집을 사용하였다고 했는데, 사용하였을 때 장점과 단점이 무엇이 / 영상 편집 어플은 어떤 거 썼나요? 어도비? (이때 약간 관심을 보이심. 한 번쯤은 어도비를 사용해 / 네, 알겠습니다. / 실제로 영상을 제작해 본 경험이 있어요? / 그럼 결론적으로 어떤 영상을 제작하고 싶어요? 숏폼 콘텐츠나 브이로그? / 근데 영화에도 관심이 많아요? 숏폼 콘텐츠 말고. / 가장 좋아하는 영화 감독은 누구예요? / 근데 다른 학교도 있는데 굳이 공주대학교에 오고 싶은 이유가 있나요? / 가장 듣고 싶은 수업이 뭔가요? / 마지막으로 질문할게요. 생활과 윤리에서 ‘아도르노의 문화산업을 중심으로 대중문화의 윤리적 규제 / 저희가 시간이 끝났어요. 혹시 마지막으로 하고 싶은 말 있으세요?"
국립공주대학교,지리교육과,안녕하세요. 오는 길 힘들진 않았나요? / 그럼 자기소개 해줄래요? / 그러면 2학년 때의 한국지리에 많은 영향을 받은 거네요? / 많은 지리교육과 중에 우리 대학에 지원한 이유는 무엇인가요? / 음...학생은 지리에서 관심이 있는 분야가 무엇인가요? / 음...지형학이랑 기후학.. 이제 생기부 관련 질문을 드릴건데요. 2학년 동아리 시간에 동아리 페스티벌 / 좋습니다. 이만 나가보셔도 괜찮습니다.
공주대학교,지리교육과,"많이 긴장되시죠? 지금부터 약 10분 간 면접을 진행할 겁니다. 생활기록부가 있는 내용을 확인하는 / 여행지리 교과 시간에 여행을 단순히 여가가 아니라 지리 학점 관점의 여행을 구상하였다고 되어있 / 지리라는 과목에 관심을 갖게 된 계기, 지리 교사가 되고 싶은 이유가 있다면요? / 말씀해 주신 사례(경상도와 전라도의 지역갈등)처럼 교사로서 다양한 사례를 설명할 때 학생들에게 / 지리교육과가 많을 텐데 왜 공주대학교 지리교육과에 지원하였나요? / (웃으며) 준거집단이요? 좋습니다. GIS에 대해 관심이 많다고 했는데요. GIS과 관련하여 추가로 탐구 / 정말 많은 활동을 하셨네요. 수학 시간에 수학 개념을 활용해 지리적 개념을 확인한 적이 있다고 되 / 이것으로 마칩니다. 나가셔도 좋습니다. / (웃으며) 네, 수고하셨어요."
공주대학교,한문교육과,자 그럼 일단 우리 학과를 지원하게 된 동기부터 말씀해 주실 수 있을까요? / 한문 교사가 되고 싶다고 하셨는데 본인이 한문 교사로서 가져야 할 자질은 무엇이라고 생각하시나요? / 네. 좋습니다. 3학년 때 승정원 일기 번역 현황에 대해서 조사한 적이 있는데 설명해 주실 수 있나요? / 자신에 대해서 강점과 약점을 설명해주세요. / 한문과 관련되어 읽었던 책 중에서 한가지 기억에 남는 것이 있다면? / 마지막으로 하고 싶은 말 해 주세요.
공주대학교,한문교육과,"네, 앉으세요. / 면접은 10분간 진행되며 ~~~(면접 유의사항 안내). / 생기부 확인을 위해 3학년 동아리명 말해볼래요? / 맞네요. / 자 그럼 면접 시작하겠습니다. 먼저 한문교육과에 왜 지원하게 되었는지 답변해 주시면 됩니다. / 1학년 한문시간 중에 논어 분석 활동을 했는데 기억에 남는 거 있어요? / 한문 교사가 된다면 어떻게 수업하고 싶은가요? / 리더쉽 발휘한 경험이 있나요? / (앞의 답변을 듣고 웃으시며) 앞서 말한 구절 말고 평소 좋아하는 고사성어 있나요? / 기억이 안 날 수도 있긴 하지만, 1학년 한문 시간에 ‘배우기만 하고 생각하지 않으면 어둡고, 생 / (웃으시며) 괜찮아요. 1학년 때라서 기억이 안 나는게 당연해요. / 이제 면접시간이 거의 다 돼서 마지막하고 싶은 말해 주시면 되겠습니다. / 수고하셨습니다. 나가셔도 됩니다."
공주대학교,환경교육과,"안녕하세요, ○○○번 맞죠? 자리 앉으시고 생기부 관련해서 서너개 정도 질문할게요. / 우선 자기소개랑 지원동기 같이 말해볼까요? / (밝게 웃으며) 네ㅎㅎ, 환경교육과에 오면 다 배울 수 있을 거에요~, 보니까 자율활동에서, 가온누리 / 그래요, 아까 말한 수치는 314억? 그건 한 달 수치인 거에요? / 네~, 친환경 마을 만들기 프로젝트에서 기업을 만들었다 했는데, 환경 문제에 있어 우리는 기업을 / 생명과학에 대한 내용이 많던데, 생명과학이랑 환경을 어떻게 연관지을 수 있을까요? / 네ㅎㅎ 그러면 마지막으로 준비해 온 말이나, 하고싶은 말 있으면 해볼까요? / 네, 좋아요. 추가로 하나만 더 물어봐도 될까요? / 교사가 본인 적성에 잘 맞을 거 같아요? / 네~, 좋아요. 좋은 결과 있길 바랄게요~"
나사렛대학교,물리치료학과,"네, 안녕하세요. 앞 쪽 의자에 앉으시면 됩니다. / 공통 질문은 옆 면접관께서 해주실 거고 학과 관련 질문은 제가 할 거예요. 긴장하지 말고 답변해 / 네, 질문 드리겠습니다. 대학 진학 후 학업 및 진로 계획에 대해 말해 보기 바랍니다. / 굿! 아주 잘했어요. 학교에 대해서 잘 찾아보셨나 보네요. 자, 다음 질문드릴게요. 학생의 롤모델이 / 음... 마더 테레사 좋죠. 마더 테레사가 80년대인가 90년대에 노벨평화상을 받았죠, 아마? 90년대인가? 막 / 오, 그렇구나~ 잘 알겠습니다. 수고 많으셨고 저쪽으로 나가시면 됩니다."
남서울대학교,경영학과,지금부터 문항에 대한 답변을 시작하겠습니다. 먼저 문항1에 대한 답변입니다.
백석대학교,관광학부,"먼저 지원동기 물어볼게요. 1번 지원자부터 말씀해 주세요. / 네, 잘 들었습니다. 다음으로 우리 전공을 선택하는 데 영향을 준 책이나 인물이 있다면 말씀해주세요. / 네~ 그럼 마지막으로 본인의 인생 목표 짧게, 제 인생목표는 ~입니다 이런식으로 말하면 됩니다. / 네, 잘 들었습니다. 모두 고생 많았고, 수고하셨습니다."
서원대학교,사회교육과,<필수질문> 우리 대학 사회교육과에 지원한 동기를 말해 주세요. / <선택문항 택1> 4차 산업혁명 시대에 학교 교육이 나아갈 방향은 무엇이라고 생각하나요?
유원대학교,간호학과,"안녕하세요. / 먼저 자기소개 해주세요, 오른쪽부터 / 잘 들었습니다. 그럼 이제 공개 질문 드리겠습니다. 지원자가 선의의 거짓말을 해본 적이 있다면 어 / 음 그렇군요. 좋습니다. / 여기까지 면접 마치도록 하겠습니다."
유원대학교,간호학과,(먼저 긴장 풀어주시고 질문하심) 자기소개 해보세요. / 만약 어려운 일이 생겼을 때 누구하고 가장 먼저 이야기 하나요? 그 이유는 무엇인가요? / 조별 과제 중 친한 사람들끼리 조를 구성하는 것이 좋을까요? 번호순으로 조를 구성하는 것이 좋을
유원대학교,간호학과,"자기소개부터 해주세요. / 대학생이 되면 가장 하고 싶은 일이 무엇인가요? 그 이유는 무엇인가요? / 자신의 인생에 영향을 끼친 중요한 역할을 한 사람은 누구이고, 어떤 분이셨습니까? / 네. 수고하셨습니다. 나가셔도 좋아요."
유원대학교,물리치료학과,대학생이 되면 가장 하고 싶은 일이 무엇인가요? 그 이유는 무엇인가요? / 고등학교 시절 가장 좋아했던 과목이 있다면 말해보세요. / 만약 체육대회를 앞두고 있는 상황에서 자신의 친구가 함께 놀러 가자고 하면 어떻게 하실 건지 이
중부대학교,간호학과,"오느라 고생했어요, 진행은 대략 15~16분 정도 진행할게요. / 질문은 수기로 작성한 것 2개와 전공학과 질문 1개씩 질문할게요. / 우선 공개 질문 2개 중 1개를 택해서 수기로 작성한 것을 물어볼게요. (내가 선택한 질문 물어봄.) / 동아리 Q.E.D를 들었는데 이게 무슨 동아리인가요? / 그럼 이제 전공학과 질문으로 ‘후천성 면역’에 대해 말해세요. (전공학과 질문은 개인마다 하나씩 / 네 비오는 날 오느라 고생했고요, 다들 어느 지역에서 왔어요? / 답하느라 고생했어요. 조심히 가요."
중부대학교,물리치료학과,자기소개와 지원 동기 얘기해 주세요. / 최근 인공지능(AI) 또는 가상현실(VR)등 의과학 기술의 발전이 보건의료 및 본인의 전공분야에 어떤 / 어떤 물리치료 분야에서 일하고 싶으세요? / 어디 대학 썼어요?
청주대학교,간호학과,"오는데 힘들진 않았나요? / 이제부터 딱 한 명당 한 질문씩 총 3개의 질문을 할 거에요. 학교 이름, 본인 이름 절대 말하면 안 / 우리 청주대학교 간호학과에 지원하게 된 동기는 무엇이나요? / 우리 학교는 봉사정신과 리더십을 기반으로 하는데 입학해서 이를 어떻게 발전시킬 것인지 / 자신을 한 단어로 표현해 보세요. / 네. 잘 들었습니다. 꼭 입학해서 봤으면 좋겠네요."
청주대학교,간호학과,청주대 핵심 역량 중 실천과 봉사가 있는데 이를 학업과 연관 지어 설명해 주세요. / 간호사가 되고 싶었던 이유는 무엇인가요? / 나 자신을 나타낼 수 있는 단어가 있다면 무엇인가요? / 마지막으로 하고 싶은 말씀 있으면 해 주세요.
청주대학교,임상병리학과,"면접은 3~4 분 내로 진행되고, 각 면접관이 질문 하나씩 할 겁니다. 오시는데 힘드시진 않으셨나요? / 우선 임상병리학과에서 배우고 싶은 과목이 있다면 무엇인가요? / 세포학을 배우고 싶은 이유가 무엇인가요? / 다음 질문입니다. 임상병리사로서 갖추어야 할 자질이나 덕목이 무엇이라 생각하시나요? / 맞습니다. 어느 지역에서 오셨나요? 대략적인 틀만 말씀해주세요. / 마지막 질문입니다. 임상병리사가 중요한 이유가 뭐라고 생각하시나요? / 네. 떨리셨을 텐데 수고 많으셨습니다. 마지막으로 하고 싶은 말이나 준비했는데 못했던 답변 해주셔 / 네, 감사합니다. 들어가보셔도 좋습니다."
청주대학교,항공운항학과,들어오세요. / 대학 입학 후 최종목표를 이루기까지 자신의 학업 계획을 말해보세요 / 가장 좋아하는 과목과 그 이유를 말해보세요. / 인생에서 가장 소중한 것은 무엇이라고 생각하세요? / 네. 수고하셨습니다.
한국교원대학교,기술교육과,"네 안녕하세요, 자리에 앉으시면 됩니다. 면접 번호가? / 네, 우리 학교 제시문이 어렵죠? 잘 대답해 보시면 됩니다. 1번. IB 프로그램의 장단점을 말해보고 그 / 네, 2번. 본인이 IB 프로그램 수업 내용을 짠다고 가정했을 때 IB 프로그램에서 가장 중요한 교육적 / 그러면요, 공동체 역량을 기를 수 있는 활동은 뭐가 있는데요? 애들한테 무슨 활동시키실 거예요? / 네, 공통질문으로 넘어갈게요. 기술교육과면 기술 교사일 텐데 어떤 기술 교사가 되고 싶으세요? / 그럼 수업 중 기억에 남는 거 있어요? / 본인이 기술 교과와 관련해서 깊게 탐구해 본 거 있어요? / 기술에는 5가지가 있잖아요, 그중에 가장 관심있거나 흥미로웠던 기술이 뭐예요? / 네네 편하게 하세요. / 아니면… 어 아닙니다, 답변하세요. / 시간 남았으니까, 마지막으로 하고 싶은 말 있어요? 면접관한테 하고 싶은 말, 아무 말이나 해보세요. / 20초 남았으니까, 물어보겠습니다. 혹시 본인 멘탈이 갑이라고 생각하세요? / 네 알겠습니다. 시간이 다 돼서 이제 그만할게요."
한국교원대학교,수학교육과,"어서오세요. 제시문 답변 부탁드립니다. / (2번 문제에 대한 추가 질문) 프로젝트 수업을 들어보신 경험이 있으신가요? / 혹시 어떤 주제로 발표하셨나요? / 알겠습니다. 이제 시간도 남았는데 지원 동기나 들어볼까요? / 친구들에게 수학 문제를 알려주셨다고 하셨는데 사례 하나만 들어주실 수 있으실까요? / 네, 알겠습니다. 수고하셨습니다."
한국교원대학교,윤리교육과,네. 앉으시기 바랍니다. / 우선 우리 학교에 지원해 주셔서 감사합니다. 준비한 답변부터 들어볼까요? / 네. 잘 들었습니다. 구체적으로 답변을 잘 준비한 것 같아요. / 답변 중에 학생 자치활동에 대해서 언급하였는데 조금 더 구체적으로 들을 수 있을까요? / 윤리교육과에 진학해야겠다는 꿈을 언제부터 갖게 되었나? / 다른 학교 윤리교육과에도 지원했는가? / 마지막으로 전공에 대한 지식을 좀 묻겠습니다. 공리주의의 대표적인 사상가로 벤담과 밀이 있는데 / 이상으로 면접을 마칠게요. 수고했습니다.
한국교원대학교 중국어교육과 학생부종합 학생부종합우수자 일반전형,ㅜ,"제시문 문제에 대해 답변해 주세요. / 토론 방식에 대해 어떤 이유로 주장을 한 것인지는 이해합니다. 하지만 토론을 진행하게 되면 결국 / 학과에 지원하게 된 동기, 포부에 대해서 말해주십시오. / 교사라는 꿈을 꾸게 된 데에 있어서 어떤 사람이 큰 영향을 끼쳤나요?. / 중국어 과목에 대한 학습경험은 어느 정도 되나요? / 한문 과목 또한 학습해 본 경험과 학습을 했다면 한문 과목에 대해 학습하며 흥미도는 어땠나요? / 왜 교사라는 꿈을 꾸게 되었나요? / 저희 학과에 지원하기 위해 부단히 어떤 노력을 하였다거나 특별히 한 활동이 있나요? / 성조 노래 어떤 노래인지 한 번만 불러 주세요."
한국교원대학교,초등교육과,"네, 안녕하세요. 앉으셔서 제시문에 대한 답변 바로 하시면 됩니다. / 네, 잘 들었습니다. 그렇다면 학생이 생각하는 ‘늙은 아이’가 무엇인지 말씀해 주세요. / 네, 알겠습니다. 학생이 최근에 접한 교육적 이슈와 학생의 생각을 말씀해주세요. / 네, 잘 들었습니다. 다음 질문입니다. 학생이 생각하는 자신의 단점이 무엇이라고 생각하십니까? / 네, 알겠습니다. 그렇다면 학생은 과거에 비해 지금은 더 나아졌다고 생각하시나요? / 그럼, 마지막으로 하고 싶은 말 있으면 말씀해 주세요."
한국교원대학교,특수교육과,"제시문에 대해 작성한 것 답변 시작 하세요. / 방금 2번 질문에 대한 답은 되게 이상적인 방법이라고 생각되는데, 본인이 학창 시절 중 그러한 경 / 그렇다면 학창 시절에 강의식 수업 말고 또 다른 형태의 수업을 경험한 것이 있다면 설명해주세요. / 그렇다면 모둠활동을 할 때 본인은 어떠한 역할을 했는지 설명해 주시기 바랍니다. / 그런 모둠활동 수업은 초, 중, 고 중 언제 가장 많이 했던 거 같나요? / 그러한 리더의 역할을 해본 다른 경험이 있나요? / 다음으로 개방형 질문 진행하겠습니다. 왜 한국교원대 특수교육과에 진학하고자 하나요? / 방금 중학교 때 도우미 활동을 하였다고 답변하였는데, 어느 기간 동안 무슨 역할을 했는지 알려줄 / 마지막으로 하실 말 있으신가요?"
한국기술교육대학교,고용서비스정책학과,장·단점은 무엇인가요? / 생기부를 보니까 진로 방향이 법조인으로 나와 있는데 정확한 진로는 무엇인가요? / 마지막으로 어필하고 싶은점? / 넵 수고하셨어요. 좋은 결과 있길 바랄게요!
한국기술교육대학교,기계공학부,"학교가 조금 외진 시골에 있는데 처음 와보니까 어때요? / 자 그럼 이제 질문할게요. / 기계 공학이란 게 뭘 하는 건지 알아요? / 음. 1학년 때 코딩도 했고.. 학생은 고등학교를 다니면서 기계공학 관련 활동이 있을까요? / 반도체 공정과정에 대해 설명해 주세요. / 웨이퍼를 자를 때 어떻게 자르는지 알아요? / 네, 다른 활동 하나 더 말해줄 수 있어요? / 네, 그거에 대해 설명해 주세요. / 네, 알겠습니다. / 그럼 이제 제가 질문할게요. / 1학년 봄에 전학 기록이 2번이나 있네요? 왜 전학을 2번이나 갔는지 설명해 주세요. / 그렇군요. 1학년 때 2번이나 전학을 해서 적응하기 힘들었을 텐데 전교회장 활동을 했네요? 전교회 / 그 공약이 무엇인가요? / 그 공약을 지켰나요? / 와이파이를 허용하면 여러 문제들이 발생해서 선생님들이 싫어하셨을 텐데 어떻게 진행할 수 있었 / 시간이 이제 거의 끝나가서 혹시 마지막으로 하고 싶은 말 있어요? / 어느 회사에 취직하고 싶은지 자세하게 말해줄 수 있어요? / 그렇군요, 면접 보느라 수고 많았습니다."
한국기술교육대학교,기계공학부,안녕하세요. 점심 식사는 하셨나요? / 네 그럼 지금부터 질문하겠습니다. / 기계공학부에 지원하셨는데 앞으로의 진로 계획이 어떻게 되나요? / 스마트모빌리티트랙에 관심이 있다고 하셨는데 미래 자동차 중에서 잘 알고 있거나 관심이 있는 자 / 학생이 말하는 자율주행 레벨은 어떤 의미인가요? / 각 레벨을 어떻게 표현하나요? / 현재 우리나라의 자율주행 레벨은 몇 단계까지 있죠? / 왜 그런 것 같나요? / 자동차 급발진 사고에 대해서 조사하셨는데 이에 대해 설명해 주세요. / ECU 장치에 대해서 설명해 주세요. / 그럼 ECU 장치가 어떻게 생겼는지 손으로 표현해 보세요. / 아 그럴 수 있죠. 바로 다음 질문할게요. / 수학 성적이 좀 낮은 것 같네요. 아무래도 기계공학부는 수학이랑 물리학이 중요한데.. / 미인정 지각이 있네요. 어쩌다가 미인정 지각을 하신 거죠? / 고등학교 재학 중 가장 자신 있었던 과목은 어떤 건가요? / 어느 부분이 자신 있었죠? / 그럼 라니냐에 대해서 설명해 보세요. / 벌써 시간이 다 끝났네요. 수고하셨습니다. 나가셔도 됩니다.
한국기술교육대학교,메카트로닉스공학부,"가장 좋아하는 과목과 그 이유가 있다면 설명해 주세요. / 다른 과목들보다 물리학을 듣는 학생들의 수가 현저히 낮은데, 물리학을 선택하지 않았다면 성적이 / 하고 싶은 게 뭔가요? / 학생회나 방송부 활동을 많이 했는데, 그런 걸 안 했다면 성적이 더 높지 않았을까요? / 대학에 와서도 계속할 건가요? / vind skip이라는 선박이 바람 에너지를 통제하여 친환경적으로 운항되는 선박이라고 나와 있는데 어 / 기하 시간에 ~~책을 읽었다고 했는데, 벡터가 정확히 뭔가요?"
한국기술교육대학교,메카트로닉스공학부,"예 앉으시면 됩니다. 음, 몇 가지 질문 좀 할게요. 뇌공학? 뇌에 대한 내용이 많이 담겨있던데 혹시 / 오호, 그래요? 어떤 주파수냐에 따라 뇌에서 다르게 받아들이는군요. / 저희 학교를 왜 오고 싶은지 말해 주세요. / 입학하면 하고 싶은 게 있나요? / 가장 좋아하는 과목이 뭔가요? / 이유가 뭔가요? / 수학 성적에 비해 과학 성적은 상당히 낮네요? 보통은 수학 좋아하는 친구들이 과학도 좋아하기 마 / 기하 수업 시간에 벡터의 개념에 관해 설명했다고 기재되어 있는데 혹시 저희가 학생이라 생각하고 / 아 예예예 괜찮아요 뭘 또 그렇게 급하게 하려 해요 천천히 하세요. 부담갖지 않아도 됩니다. / 예, 그렇군요. ...그러고 보니 학생회 활동을 하셨던데... / (크게 웃으시며) 아하하하 흐하... 이거 눈빛이 확 바뀌네요! 학생회 이야기 안 꺼냈으면 서운했겠네 / 그럼 혹시 학생회에서 본인이 어떤 역할을 맡았는지 말해줄 수 있나요? / 그렇군요. 이제 나가시면 됩니다. / 네 끝났습니다. 혹시 하고 싶은 말 있어요? / 그럼요~! / 그래요. 조심히 잘 가도록 하세요."
한국기술교육대학교,전기전자통신공학부,"[생기부 독서활동 (전공관련X) 질문] / RNN과 LSTM관련 탐구활동 진행했는데 RNN, LSTM 간단하게 설명해 주세요 / 경사하강법의 이용과 세 가지 종류를 탐구하는 활동도 했네요, 경사하강법과 그 세 가지 종류 설명 / 네 우리 학교에 지원하게 된 동기 말씀해 주세요. / 저희 학과 오기 위해 노력한 공부나 활동 하나 소개해 주세요. / 머신러닝 관련 탐구활동도 했네요. 머신러닝 간단하게 설명해 주세요. / 네 시간 다 된 거 같네요. 나가셔도 좋습니다"
한국기술교육대학교,전기전자통신공학부,안녕하세요. 오시는 길이 어떠셨나요? / 벌써 단풍이 나왔나요? / 자 이제 그럼 면접을 본격적으로 시작하겠습니다. 너무 부담가지지 마시고 가까운 가족이나 선생님 / 학교 친구들과 함께 진행했던 실험들에서 리더십을 발휘했던 경험을 말씀해 주시겠어요? / 그럼 재료들은 어떻게 구하게 되었나요? 솔레노이드 자석에서 전선은 직접 감았나요? / 그럼 솔레노이드가 어떻게 사용될 수 있는지도 탐구하셨나요? / (미소를 보이며) 우리 학교에 대해 되게 준비를 많이 하셨네요. / 군에 관심이 많아 보이네요. 특별한 이유가 있을까요? / 계획이 되게 철저하시네요. 그리고 초전도체에 대해 관심이 많은 것 같습니다. 이에 대해서 설명해 / 그럼 이를 어떻게 활용하고 싶나요? / 네 알겠습니다. 학생회와 동아리 임원을 꾸준히 하셨네요. 그런데 생활기록부에서 실험한 내용이 적 / 보조배터리 실험을 진행했네요. 실험을 진행하게 된 계기가 뭘까요? / 실험 과정에 어떻게 될까요? / 그럼 회로를 어떻게 얻었으며 왜 그렇게 했나요? / 그럼 배터리와 회로를 어떻게 연결했나요? / 그럼 결과는 어떻게 해석했나요? / 그렇군요. 그래서 결론적으로 정확히 어떤 것을 확인한 거죠? / 그렇군요. 결국 많이 심도 있는 실험을 진행한 것은 아니네요. 어쨌든 실험한 것은 본인이 제일 잘 / 네 하세요. / (필기와 타이핑을 하며) 네 나가셔도 됩니다.
한국기술교육대학교,컴퓨터공학부,"안녕하세요. 타이머 켰으니까 바로 시작할게요. 자기소개 먼저 해 볼까요? / 그렇군요. 저희 한국기술교육대학교에 대해서 알고 있는 게 있을까요? / 친구들과 팀플해본 경험이 있을까요? / 가장 좋아하는 과목이 뭘까요? / 2학년 동아리를 보면 생성형 인공지능 도구를 활용하여 메타버스 공간을 제작했다고 하는데, 어떤 생 / 닮음과 포물선에 대한 내용을 심화 탐구했다고 되어 있는데, 어떤 내용을 탐구한 건가요? / n차원 유클리드 공간에서 두 점 사이의 거리를 수식으로 나타냈다고 하는데, 어떤 식으로 나타낸 건 / 사진을 넣을 액자의 크기와 모양을 결정하기 위해 이차부등식을 이용하였다고 했는데, 왜 부등식을 / 함수의 연속성 탐구 활동을 했다고 하네요. 자신이 생각하는 불연속은 무엇이고, 불연속 함수가 어디 / 미적분이 컴퓨터와 무슨 상관이 있을까요? / 마지막으로 하고 싶은 말 있으면 말씀해 주세요."
한국전통문화대학교,국가유산관리학과,"안녕하십니까. 수험번호 ○○○○○○ 학생 맞으신가요? / 자리에 착석하세요. / 한국전통문화대학교의 국가유산관리학과를 선택하게 된 동기는 무엇인지 말씀해 주시겠습니까? / 한국전통문화대학교를 어떤 방법으로 알게 되었는지 질문 드리겠습니다. 학교선생님의 추천 등이 있 / 네. 이제 전공 관련 심화 질문 드리겠습니다. 법에서 정하는 국가유산의 정의란 무엇인가요? / 이 중 천연기념물의 정의와 그 예시는 무엇인가요? / 우리나라의 시도지정 유산에 대해 아는 대로 설명해 주시겠습니까? / 다음 질문 드리겠습니다. AI기술을 사용해 문화유산을 복원하는 작업을 본인이 시행했는데, 그 결과 / 네 이후에는 별도의 추가질문을 하겠습니다. 보내주신 생활기록부를 읽어보았습니다. 하지만 생활기 / 면접 이후에 이 학교로 올 수 있는 기회가 주어진다면 이 학교에서 어떤 대학 생활을 하고 싶은가요? / 네. 지금까지 면접에 성실히 임해주셔서 감사합니다. 수고하셨습니다."
한국전통문화대학교,무형유산학과,"(안녕하세요. 인사하고 앉자마자 바로 ) 이 학교에 왜 지원하셨는지 지원동기부터 말씀해 주세요. / 10분 동안 구상지 보고 답변 구상하셨잖아요? 생각하셨던 답변 말씀해 보세요. / 학생 여기 준비하면서 무형유산 관련한 뉴스나 소식지 같은 거 찾아봤나요? / 그러면 최근에 무형유산 체제에서 가장 큰 변화는 무엇이고 무형유산 보전에 어떤 영향을 미쳤는지 / 4번 질문은 학생의 진로나 꿈에 대해 물어 보려고 했는데 학생이 지원동기에서 다 말해줘서 따로 질 / 마지막으로 학교에 입학하게 된다면 어떻게 학습할 계획인지, 그리고 마지막으로 하실 말 있으시면"
한국전통문화대학교,무형유산학과,지원동기 먼저 들어볼게요. / 구상실에서 미리 봤죠? 2번 질문 답변해 주세요. (무형유산의 현대적 가치와 이를 보전해야하는 이유) / 제가 하나 물어볼게요. 카자흐스탄에 갔다 왔다고 돼 있는데 (3학년 창체 내용) 카자흐스탄에서 뭘 / 무형유산과 관련된 최근 정책 변화와 그로 인해 변화될 부분을 하나 설명해 주세요. / 무형유산학과 전공 선택 이유 들어볼게요. / 마지막으로 학업 계획 들어볼게요.
한국전통문화대학교,문화재보존과학과,"한국전통문화대와 보존학과를 선택한 이유(1분) / 문화재의 손상 중 물리학적 손상과 화학적 손상을 설명(2분) / 전자기파의 정의와 종류를 설명하고, 전자기파가 일상생활과 문화재에 쓰이는 사례를 설명(4분, 면접 / 문화재가 손상됐을 때 이를 복원할 수 있는 친환경적 재료와 방법 그리고 사례를 설명 / 합격하면 자신의 진로를 위해 어떤 방향에서 학습하겠다는 계획 / 면접 이후 교수님께서 말할 점이나 면접 질문에 대해 보완 답변을 할지 질문"
한서대학교,간호학과,자신이 가장 중시하는 가치관은? / 간호학과를 지원하게 된 계기 / 산업간호사는 사람들이 잘 선호하지 않는데 어떻게 산업간호사로 진로를 가지게 되었는지?
한서대학교,영화영상학과,안녕하세요. 시작하도록 하겠습니다. 대학에 입학하면 제일 먼저 하고 싶은 일을 한 가지 말씀해보세요. / 좋아요. 학생이 노력한 것보다 낮은 평가가 나온다면 어떻게 하시겠어요? / 학생이 진로 계획을 위해 지금까지 준비하고 있는 일들에 대해 말해보세요. / 학생의 삶에서 가장 중요하다고 생각하는 가치관은 무엇인가요? / 네. 수고하셨습니다. 나가셔도 좋습니다.
호서대학교,물리치료학과,안녕하세요. / 오시는 길은 편안하게 오셨나요? / 자기소개와 지원 동기를 말해보시겠어요? / 글로컬에 관심이 있는데 언어영역 성적이 조금 낮은 이유는 무엇인가요? / 마지막으로 하고 싶은 말 있으시면 해 보세요. / 네 면접 마칠게요. 수고 많으셨습니다.
강릉원주대학교,치의예과,"오느라 많이 힘들지는 않았나요? / 그럼 가장 기본적인 질문부터 할게요. 우리 학교 치의예과에 지원하게 된 동기에 대해 말해보시겠어 / 그럼 이제부터 생기부에 적힌 내용을 바탕으로 질문을 해볼게요. 우리가 주기율표를 이용함으로써 / 1학년 통합과학 시간에, DNA 모형 조립 및 특징 분석 활동에서 조장으로서 한 활동에 대해 적혀 있 / DNA 염기들의 상보 결합에 대해 설명해 주세요. / 평소에 스트레스를 풀 때 어떻게 푸나요? / 인생에서 가장 행복했던 경험은 언제인가요? / DNA를 이용해서 단백질을 합성하는 과정에 대해 설명해 주세요. / 3학년 때 생명과학Ⅱ 시간에 DNA 복제와 관련하여 질문했다는 내용이 적혀 있는데, DNA 복제 과정 / 그럼, 3학년 생명과학Ⅱ시간에 탐구한 텔로미어와 텔로머레이스에 대해서 한번 설명해 주세요. / 수고하셨습니다. 이제 나가보셔도 됩니다. / 마지막으로 하고 싶은 말 있으면 해보세요."
계명대학교,심리학과,"오시느라 수고 많으셨습니다. 그럼 바로 질문을 해볼게요. 혹시 살면서 어떤 어려움을 겪었는지, / 네.(끄덕끄덕) 학교생활 하면서 가장 기억에 남았던 친구가 있나요? / 네. 만약에 대학을 졸업하고 나서 따로 계획 같은 거 있나요? / 그러면 그 일을 하기 위해서는 대학에서 어떤 노력을 해야할까요? / 청소년 쪽에 관심이 계신 것 같아서 청소년 쪽으로 질문 해볼게요. 요즘 청소년들이 sns를 통해서 / 다음 질문할게요. 성공하는 사람들이 있으면 주변 사람들이 ‘이 사람은 성공했으니까 어떤 성과 / 그러면 만약에 자신이 성공한다면 어떤 성공하고 싶은지 알려주세요."
김천대학교,간호학과,"안녕하세요. 김천대학교에 지원해 주셔서 감사합니다. 첫 번째로 왼쪽 수험번호 000번 학생부터 간호 / 네, 다음으로 여러분들은 친구들과 이야기할 때 어떤 태도를 보이며 대화하는지 말씀해 주십시오. 이 / 여러분이 인상 깊게 읽은 책이 궁금합니다. 어떤 책을 가장 인상 깊게 읽었는지 말씀해 주십시오. 이 / 마지막으로 자신을 어필할 시간을 드리도록 하겠습니다. 먼저 하고 싶으신 분 먼저 손을 들어주세요."
부산대학교,고고학과,밖에 너무 춥죠? 기다리는 동안 괜찮았어요? / 이제부터 면접 시작할건데 너무 긴장하지 말고 천천히 대답해 주세요. 생기부를 읽어보니까 박물관 / 오 그런 방법도 있겠네요. 학예연구사라는 직업이 다른 또래 친구들이 막 그렇게 많이 알고 있는 직 / 오 그러면 학예연구사가 뭐하는 직업인지 알죠? 한 번 말해보세요. / 잘 알고 있네요. 그러면 학생은 다른 친구들이 고고학이 뭐야? 어떤 학문이야? 라고 말하면 뭐라고 / 과거를 탐구함으로써 미래로 나아간다라.. 멋진 말인데요? 그쵸? ( 하면서 옆 교수님이랑 웃으심 ) 그 / 고고학 관련 책 말고도 다른 책 읽은 거 있으면 말해줄래요? / 고고학과 오면 유물 많이 알아야 되는데 구석기 시대 유물 중에 가장 생각나는 거 말해보세요. / 다양한 활동들 했는데.. 석굴암이 위험에 빠졌다는 기사를 읽고 분석했다는 활동을 진행했다는데 어 / 시간이 거의 다 됐는데 마지막으로 본인 어필! 한 번 해보실래요?
정보컴퓨터공학부,부산대학교 학생부종합 학생부종합전형,"3학년 동아리 활동에서 어떤 활동을 하였는가? / 프로그램 제작 중 어떤 역할을 맡았는가? / 제작한 프로그램은 코딩으로만 남겼나? 그렇다면 앱으로 하기 위해선 어떤 것을 할 수 있을지 아는가? / 3년 동안 반장과 부반장을 맡았는데, 가장 힘들었던 적은? / 그렇다면 가장 보람있던 적은? / 동아리 때 한 c언어 이외에는 프로그래밍 경험이 없나? / 그렇다면 c언어, 파이썬, 앱인벤터 이 3가지 중 하나만 꼽자면? / 마지막으로 하고 싶은 말?"
부산대학교,지질환경과학과,"앉으세요. 부산대학교 처음 와보시죠? 처음 와보니까 어때요? / (웃으심) 학교가 좀 산에 있어요. 차 타고 온 건가요? / 부모님이랑 같이 왔나요? / 네, 그럼 면접 시작하기 전에 주의사항 좀 알려 드릴건데, 블라인드 면접이라 학교, 지역, 부모님 직 / 공동교육과정이 다른 학교 가서 수업 듣는 건가요? / 지구과학2에 보면, 지진파 관련해서 발표를 한건가요? 그 발표 내용에 대해 설명해 볼 수 있을까요? / (웃으시며) 내핵에서는 또 s파가 전달이 됩니다. 그럼 왜 외핵에서 속도 차이가 발생하게 된다고 생 / 그럼 지구 내부로 갈수록 지진파의 속도가 어떻게 변하는지 말해주세요 / 네, 수정하세요. / 보니까 부반장도 하고 모둠장이나 조장 같은 걸 많이 한 걸 보니 리더십이 있었네요. 그러면 이렇 / 그럼 공동체에서 갈등이 있을 때는 뭐가 중요하다고 생각하나요? / 동아리 시간에 보면 모둠장으로서 한 활동이 있다고 하는데 모둠장이 어떤 모둠장이었나요? / 그럼 그 모둠에서 한 활동을 설명해 주세요."
부산외국어대학교,통합모집(자유전공),"~~교수 누구라고 합니다. 반갑습니다. 이제 면접을 시작할건데 앞서 우리 학교에 지원하게 된 동기, / 그렇군요. 그럼 고교 생활 중 리더쉽을 나타낼 수 있는 경험이 있다면 이야기 해주세요."
부산외국어대학교,통합모집(자유전공),안녕하세요~! 번호(학교에서 지정한 수험번호) 000 맞죠~? (중간중간 추임새로 네 하고 대답함) 오 / 여기가 산이어서 찾아오기 힘들었을텐데 어땠어요? / 어떻게 왔었어요? (신기하다는 표정을 지으심) / 사전답사네요 (웃음) 오늘도 부모님이랑 왔어요? / 어머니 오래 기다리셨겠네요 ~ 긴장되진 않죠? / 말하는 거 보니까 전혀 걱정 안 하셔도 될 것 같은데~? (중간중간 말씀하실 때 추임새로 대답) 그럼 / 다양한 언어에 관심있다고 했는데 혹시 어떤 언어에 관심 있어요? / (남성 면접관님을 가르키시면서) 이분이 프랑스어 교수님~ / 전세계에서 인구의 몇퍼센트가 프랑스어를 사용하고 있을 것 같아요? / 20%.. (말씀하시고 뜸들이시기에 틀린 줄 알고 조금 더 많은가요~? 라고 덧붙임) 몇백 국가 정도 사용 / 학교 와서 여기 학교 장 하면 되겠네요 (웃음) / 저는 동남아 개발 담당 하고 있거든요~ 아우 (남성 면접관님 보시면서) 제가 데려가고 싶네요~ / 하하 (면접 내내 무표정 이셨는데 이때 조금 웃으심) 저희 학교 도서관도 잘 되어있는데 / 제가 도서관 담당이거든요~ (추임새로 아 진짜요~?) 학교 오면 도서관에서 공부하면 될 것 같아요. 24 / 잘 해주었어요! 말도 잘해줬고~ 오는데 고생했을텐데 밖에 푸드트럭에 있는 오뎅 공짜거든요! 꼭 먹 / 어우 탐나네요~ / 그럼 조심히 들어가요~
우석대학교,군사학과,우석대학교 군사학과에 지원하게 된 계기는 무엇입니까? / 가장 기억에 남았던 봉사활동이 있습니까?
우석대학교,물리치료학과,"날씨가 꽤 추워졌네요. 준비하면서 춥지 않았나요? / 다행입니다. 이제 간단한 질문이 이어질건데 준비한 대로 잘 답변하면 됩니다. 준비되었나요? / 우석대학교는 와본 적이 있나요? / 물리치료학과에 오기 위해 노력한 점이 있나요? / 근육과 뼈, (그리고 기타 단어들) 들을 표현할 수 있는 영어 단어는 무엇인가요? / 물리치료학과에 입학하면 어떤 계획이 있나요? / (우석대학교 물리치료학과 등 기타 내용에 대한 설명) / 네. 수고하셨습니다~"
울산대학교,의예과,"안녕하세요. / 혹시 고등학교 생활 중 가장 오랜 시간과 노력을 들여 진행한 활동이 있나요? / 2학년 생명과학시간에 감자즙 카탈레이스에 관한 실험을 했다고 적혀 있는데, 이에 대해 설명해 주 / 혹시 실험 과정에서 예상대로 되지 않았었던 점이 있었다면 그것에 대해 말해 주세요. / 2학년때‘청소년의 체취를 줄이는 방법’에 관한 실험을 진행하였었네요. 이 실험의 과정과 결과에 / 봉사활동 중에 멘토멘티활동이 있는데, 활동 중 어려운 점은 없었나요? / 혹시 고등학교 생활 중 리더쉽을 발휘한 경험이 있으면 말해 보세요. / 수고하셨습니다. / 안녕하세요. / 지원자가 최원석이라면 동료평가에 대해 어떻게 생각할 것 같나요? / 지원자가 김울산이라면 동료평가에 대해 어떻게 생각할 것 같나요? / (말을 끊으며) 시간이 없어서 다음 질문으로 넘어가겠습니다. 현 상황에서 동료평가를 하는 것이 적 / 동료평가지 내용으로 보아, 박태민은 조별 활동에서 어떻게 참여했는지 추론해보세요. / 어떻게 하면 다음 동료평가에서 더 좋은 점수를 받을 수 있을까요? / 위 동료평가지를 개선할 방안을 말해보세요. / 조원들의 조별활동 기여를 보다 잘 평가할 수 있도록 동료평가지 항목을 추가한다면, 무엇을 추가하 / 동료평가지 항목을 공정성 측면에서 개선한다면, 어떻게 하는 것이 좋을까요? / 30초 남았습니다. / 수고하셨습니다."
원광대학교,간호학과,"네, 먼저 원광대학교에 지원해 주셔서 감사드립니다. 점심은 먹으셨나요? / 배고프겠네요. 그럼 끝나고 드실 예정인가요? / 네 그럼 면접 진행하겠습니다. 먼저 간호학과에 지원하게 된 동기 말씀해 주세요. / 동아리 활동 중 가장 기억나는 활동이 있을까요? / 자율 활동시간에 학급간호사를 했다고 써 있는데 어떤 활동을 했는지, 그리고 느낀점도 말해주세요. / 태움에 관하여 조사를 하였는데 태움에 관해 어떻게 생각하나요? / 간호사의 업무 과중을 해결하려면 어떻게 해야 할까요? / 네 마지막으로 하고 싶은 말 있으시면 간단하게 말씀해 주세요."
원광대학교,간호학과,자기소개 해주세요. / 간호학과가 있는 다른 많은 학교들이 있었을텐데 원광대를 선택한 이유가 있나요? / 2학년 때 지각이 두 번이나 있는데 왜 그런 건가요? / 지금은 안 그렇죠? 간호사 하려면 건강해야 해요. / 3학년 때 우리 동네 에코플로깅이라는 봉사활동을 했던데 이게 어떤 활동인가요? / 마지막으로 우리한테 자랑할 만한 게 있을까요?
원광대학교,의예과,먼저 자기소개부터 해주세요. / 갑상선 질환에 대해 인공지능으로 어떻게 대처할 수 있나요? / 갑상선 질환의 증상이 다른 질환과 혼동된다고 했는데 어떤 식으로 그 부분을 해결할 생각인가요? / 갑상선 결절이 다른 질환과 혼동되나요? / 동아리 활동 중에 가장 기억에 남는 활동은 뭐가 있나요? / 동아리 활동에서 원격의료에 대해 토론했던 부분이 있는데 이 중 일본이 도입한 이동식 원격의료가 무 / SIR모델이 무엇인지 설명해보세요. / 수고하셨습니다. / 자신의 장점과 단점에 대해 얘기해 주세요. / 미토콘드리아와 제 2형 당뇨병의 관계에 대해 설명해 주세요. / 최근의 이슈인 의대 증원에 대해 어떻게 생각하나요? / 점수에 반영되지 않는 질문이라 부담가질 필요 없어요. / 유전자 재조합 기술의 과정에 대해 설명해주세요. / 마지막으로 하고 싶은 말 있나요? / 수고하셨습니다.
원광대학교,한약학과,"네~ 앉으세요. 점심은 드셨나요? / 그렇군요. 아이스브레이킹도 좀 할 겸 자기소개 한 번 해 볼래요? / 독서 교과 활동으로 한약사와 약사의 공존 방향에 대해서 비평문을 썼다고 했는데, 이와 관련해서 / 3학년 때 건강기능식품과 관련해서 프로젝트 봉사활동을 진행한 거 같은데 어떤 식으로 진행했었나요? / 프로바이오틱스의 종류가 뭐가 있나요? 프로바이오틱스의 특징과 같이 판넬에 넣었던 내용에 대해 / 마지막으로 아까 한방 제약회사 들어가고 싶다고 했는데 어디 들어가고 싶나요? / (끄덕끄덕 하시더니) 이제 가보셔도 돼요."
원광대학교,한약학과,"학과 지원동기가 무엇인가요? / 그렇다면 유전자 편집 기술의 단점은 무엇이 있나요? / 유전자 편집 기술에 대한 윤리적인 문제에 대해서는 어떻게 생각하시나요? / 중국에서 유전자 편집 기술을 통해 태아를 탄생시켰다고 하셨는데 어떤 질병에 초점을 맞추었는 지 / 생기부 질문을 해볼게요. 화학에서 완충용액에 대해서 탐구하였는데 이에 대해서 말해 주실 수 있나요? / 인체에서 완충용액이 무엇이 있는 지 말씀해주실 수 있나요? / 아시안 플러시 신드롬에 대해서 알고 계신가요? / 약초에 대해서 많은 탐구를 하신 것 같아요, 파킨슨병을 어떤 약초로 치료할 수 있을까요? / 하고 싶은 말 있으시면 말씀해주세요. / 한약사가 되어서 어떤 암에 대하여 신약을 개발하고 싶나요?"
원광대학교,한약학과,"마지막 순서네요. 기다리느라 수고 많으셨어요. 먼저 한약학과에 지원한 동기 들어보겠습니다. / 한방과 양방의 차이를 알고 있나요? / 1학년 때 전염병을 한약으로 치료하고 싶다는 포부를 밝혔었는데, 3학년이 된 지금 탐구해 본 내용 / 오 그럼 그 한약들로 어떻게 치료를 할 수 있을까요? / 3학년 동아리 때 배양육에 대해서 탐구했던데, 장점과 단점을 말해보시겠어요? / 생기부에 (기억안나는 복잡한 화학식- 에센셜오일 탐구할 때 언급한 물질로 추정)이 있는데 간단하게 / 발효한약에 관심이 많아 보이는데, 이에 대해 설명해보세요. / 생기부에 한약학의 세계화를 이루고 싶다는 내용이 있는데 구체적인 방법이 있을까요? / 이상 마치겠습니다. 수고하셨어요."
원광대학교,한약학과,"안녕하세요, 아침은 먹고 왔어요? / 잘했네. 그럼 편하게 지원 동기 말해볼래요? / 피부 질환 치료제 연구원이 되고 싶은거군요? 피부 질환에 관심이 많아 보이는데 혹시 화장품 관련 / 혹시 한자 급수 따놓은 것 있나요? / 피부 질환에 효과적인 한약재 아는 것 있어요? / 오, 어성초도 알고... (생기부를 보시며) 의약품에 도입된 AI에 대해 탐구한 것으로 나와있는데, 그럼 / 천연 이끼 스칸디아모스를 활용해 공기 정화제를 제작했다고 하는데 이‘스칸디아모스’가 뭔가요? / 한의학 한문과 한방 실습? 요즘에는 이런 수업도 있어요? 어떤 수업이었나요? / 생분해성 플라스틱 실험에 참여했다고 나와있는데 어떤 실험이죠? / 네, 면접 보느라 수고했어요. 나가시면 됩니다."
인제대학교,의예과,최근 가장 노력한 일은 무엇인가? / 어려움을 겪었지만 해결한 일은 무엇인가? / 이런 일이 계속되면 어떤 일이 벌어질 것 같은가? / 이런 상황이 오면 교수님께 말씀 드릴 것인가? / A가 왜 그렇게 행동한 것 같은가? / 노래방에 같이 있던 사람들은 상황을 어떻게 생각했을 것 같은가?
전남대학교,동물자원학부,"자기소개랑 동기 말해주세요. / 대학교 졸업 후 하고 싶은 게 무엇인가요? / 확정된 진로가 없나요? / 동물자원학부 교과목(?)에서 아는 거 말해주세요. / 그린업동아리? 여기서 차장이었다고요? / 2인자인가요? / 그린업 동아리에서 아두이노를 활용한 스마트팜,, 이게 뭔가요? / 아두이노 시스템을 활용해서 한 거 말하는 거예요. / 축산분뇨~~ 그럼 여기서 어떤 활동을 하였나요? / 아 동아리원들과 소통할 때 무슨 역할을 했는지 물어본 거예요. / 공감형 리더 같은?? (만족하며) / 왓슨이 쓴 이중나선을 읽고 혈액형과 DNA에 대해서 알아봤다는데 이거에 대해서 말해주세요. / 혈액형 별로 DNA 나선구조의 차이가 있느냐에 따라 조사했었잖아요. / 아 왓슨이 틀렸다??(장난식) / 피터싱어의 동물 실험에 대한 주장에 대해 말해주세요. / 동물실험에 대해 반대한다는 건가요? / 환경에도 관심 있는 것 같은데, 3R에 대해 들어본 적 있어요? / R 세 개 영어 뭔지 말해주세요. / reduce / replace / 아닛 답을 다 알려주는데 / 영어 성적도 좋은데... (답 알려주심) / 자신의 성격에 대해 말해주세요. / 마지막으로 하고싶은 말 있나요?"
전남대학교,사학과,"(면접 유의 사항 안내) / 우리 학교에 지원한 동기 먼저 들어볼게요. / 조선 시대 장애인 정책에 대해 탐구했는데, 그 내용에 대해 설명하고 그것을 현대에 어떻게 적용할 / 한국사 시간에 우크라이나 전쟁으로 인한 신냉전과 광해군의 중립 외교에 대해 탐구했는데, 중립 외 / 동아시아사 시간에 유비의 리더십에 대해 탐구했는데, 유비의 리더십에 대해 설명하고 이를 현대에 / 아까 광해군과 중립 외교에 관해서 질문 하나 더 할게요. 본인은 그럼 광해군의 중립 외교가 거짓이 / 그럼 본인의 생각은 교과서 내용이랑 다른 건가요? / 더 구체적으로 설명해 보세요. / 아, 예 들지 말고 그냥 여기에 관해서만 설명해 보세요. / 시간이 30초밖에 남지 않아서…. 마지막으로 하고 싶은 말 있으면 해보세요."
전남대학교,식품공학과,"이 학과에 지원하게 된 동기를 말해 볼래요? / 그러면 식품 개발자라는 꿈을 가지게 된 계기가 있을까요? / 3학년 때 업사이클링 봉사활동을 했다고 적혀 있는데, 설명해 주실래요? / ‘선량한 차별주의자’란 책을 읽었다고 생기부에 적혀 있는데, 이 책에 대해 간략히 소개해 보세요. / 네, 해보세요. / 생활과 과학 시간에 비타민 B12와 오메가3를 활용해 합성 생물학에 대해 탐구했다고 되어 있는데, / 운동 좋아하나요? / 그럼 본인은 야구를 하면서 팀원들을 잘 이끌 수 있나요? / 그런데 학창 시절에는 반장, 부반장을 맡은 경험이 없네요. 설명해 주실래요? / 네, 알겠습니다. 3학년 동아리 시간 때 산화 환원 반응에 대해 탐구했다고 되어 있는데, 이것에 대해 / 마지막으로 하고 싶은 말이 있다면 말씀해 주세요."
전북대학교,경상계열,네. 오느라 너무 수고 많았고 와줘서 고맙습니다. 수시 원서를 넣을 때… 전북대를 지원하게 된 계기 / 학생 성적이 1학년 때부터 점점 오르는데 어떤 계기가 있었고 어떻게 올린 건지… / 음~ 공부 시간도 더 늘리고? / 그럼 본인의 장점은 무엇인지 그리고 그 장점이 타인에게 어떤 영향을 끼쳤는지 알려주세요. / 가장 좋아하는 과목은 뭐예요? / 전북대학교에 입학한다면 어떤 활동을 하고 싶나요? / 네. 마지막 질문이에요. 왜 전북대학교가 학생을 뽑아야 하는지 한 마디 해주세요. / (웃으시며) 말하는 것만 들어보면 이미 경영 컨설턴트네요!! ㅎㅎ 좋은 결과 있길 바랄게요~
전북대학교,경상계열,"네, 시작하겠습니다. 학생부를 보니 열심히 활동한 것 같은데, 경영학과에 진학하기에 어려움을 느낀 / 가장 인상 깊었던 활동은 무엇인가요? / (꼬리질문) 딥페이크 전문 법률회사는 어떤 특징을 가졌었나요? / 생기부에 1인 창조기업을 알아봤다고 적혀 있는데, 어떤 특징이 있었나요? / (꼬리 질문) 본인이 창업을 하고 싶다 했는데, 그럼 어떤 분야를 하고 싶으신가요? / (꼬리질문) 본인이 어떤 점에서 사회에 선한 영향력을 끼칠 수 있다고 생각하세요? / 실패했던 경험이 있나요? / 경영 분야에서 어떤 걸 배워서 창업을 하고 싶으신가요? / 인상 깊게 읽은 책이 있나요? / (꼬리질문) 엘론 머스크에 어떤 점을 존경하나요? / 네. 수고하셨습니다."
전북대학교,국어국문학과,자기소개 해보실래요? / 전북대학교 국어국문학과에 지원한 동기가 뭐죠? / 자신의 장단점이 뭐라고 생각하나요? / 고등학교 생활 동안 겪었던 힘든 일이 있나요? 그걸 극복하기 위해 어떠한 노력을 했습니까? / 생기부에서 언어본능을 읽었다고 하는데 그중 가장 인상깊은 내용은 뭐였나요? / 마지막으로 하고 싶은 말 있으신가요?
전북대학교,농업생명과학계열,학교에 지원하게 된 계기를 얘기해주세요. / 이 과에 들어오기 위해 동아리에서 한 활동은 무엇인가요? / 가장 좋아하는 과목이 있나요? / (전체적인 수학 등급을 보며) 그 뒤로는 또 그렇게 좋은 성적은 아니었는데요? / 수학 중 어디가 어려웠나요? / (웃으며) 그렇죠. 적분이 어렵죠. 10년 뒤에 자신의 모습을 그려보았을 때 무엇을 하고 있나요? / 저희 과에 가장 흥미 있는 수업이 있나요? / 봉사활동 시간이 적네요? / 마지막으로 하고 싶은 말 있나요?
전북대학교,농업생명과학계열,"오래 기다리느라 힘들었죠? / 먼저 자기소개랑 지원동기 간단하게 말해주세요. / 분리수거에 대해 말씀하셨는데, 분리배출에 잘 되어있지 않아서 친구들과 갈등이 있진 않았나요? / 분리수거 담당하지 않으면 개인적으로 더 편하고 이익이 될 텐데 왜 분리수거를 담당했나요? / 생활기록부를 보니 친구들과의 사이가 좋은 것 같은데, 좋은 사이를 유지하는 방법이 있었나요? / 교과 성적이 오르려고 하다가 다시 떨어지는 경향이 있는데 이유가 있나요? / BIM에 대해서도 다뤘네요? 이거 뭔지 알아요? / QCBIM이 BIM을 활용한거죠? / BIM 어려운데 공부 열심히 할 자신 있어요? / 마지막으로 하고 싶은 말 있으면 해주세요."
전북대학교,자연과학계열2,"면접은 8분 동안 진행되고 2분간 채점 시간이 진행됩니다. 알았죠? / 자 그럼 먼저 지원 동기 말해볼까요? / 전북대에 왜 지원하게 되었나요? / (기억 안 남) 과학자가 자신의 발명에 대해 어떤 윤리의식을 가져야 하는지 물어봄. / (여기서부터 2번째 면접관님이 생활기록부 관련 질문 시작) 콤프턴 효과가 무엇이고 친구들에게 어 / 생활기록부에서 초끈이론이란 것을 조사하였는데 초끈이론에 관해 설명해 주세요. / 1분 남았는데 면접관님 마지막 질문해주세요. / 개인 활동과 모둠 활동 중 무엇이 더 효율적이라 생각하시는지 말해주시고 이유도 설명해주세요 / 마지막으로 하고 싶으신 말 있으면 말해주세요. / (웃으심)네, 수고하셧습니다."
전북대학교,중어중문학과,"많이 기다렸죠? 추울 것 같은데 춥지 않아요? / 너무 긴장하지 말고 편하게 대답해 주세요. / 네, 지원 동기 말해보세요. / 오 그런 것도 있군요. 꿈이 엄청크고 확실하네~ 졸업하고 계획이 어떻게 돼요? / 학교에 입학하기 위해 한 노력은 있을까요? / 아하~ 그 중국으로 나가려면 언어 장벽 같은 문제가 있을텐데 비교적 언어 활동이 없네요? / 중어중문학과가 뭐 배우는지 알고 있어요? / 오 공부해왔네~ 아니 3학년 때 성적이 되게 올랐네요? / 학교에 입학해서 하고 싶은, 기대하는 대학 생활 있어요? / 복수전공 전북대 잘 되어 있어요. 그건 전북대 오는게 맞지~ 개인적인 거면 대답 안해도 되는데 1, 2 / 지원자의 장점 말해주세요. / 중국어 한 마디 할 수 있어요? 발음을 보고 싶어서~ / 마지막으로 준비한 한 마디 있으면 하세요. / 네~ 꿈이 확실하면 와서 그쪽으로 확실히 나가면 좋지~ 나가셔도 돼요."
포항공과대학교,단일계열,안녕하세요. 바로 1-1번부터 답변해 주시면 됩니다. / 2번도 답변해 주세요. / 방정식이 맞는지 다시 한 번 확인해 주세요. / 2-1?번 문제 뒤에 A와 C의 관계를 나타내라고 되어 있는데 이것도 한 번 해보시겠어요? / A와 C가 무슨 문자에 대한 것이죠? / 네. 시간이 부족하니 바로 3번으로 넘어가도록 할게요. 3번 답변해주세요.
포항공과대학교,단일계열,"넵 여기 앉아주시고, 답변 해주시면 됩니다. 순서 상관 없으니까 6, 7번부터 하셔도 상관 없습니다. / 네네 0.4초로 하셔도 상관없어요. 괜찮습니다. / 네 어쨌든 그렇게 하면 나온다는거죠? 네 알겠습니다. 다음 질문 답변해 주세요. / 네네 그렇게 하세요. / 네 그러면 시간이 지금 꽤나 많이 (이때 5분밖에 지나지 않은 상태였음.) 남았는데... 3, 4, 5번 하고 10 / 네 수고하셨습니다. 그러면 이제 시간이 되었으니 생기부 질문 시작하겠습니다. 2학년에 여기 활동에 / 네, 1학년과 3학년 때 반장을 했는데, 한 이유가 있나요? 리더십과 관련이 있나요? / 아, 그렇군요. 지금 생기부에 전반적으로 재료공, 신소재공학등과 관련된 이야기가 많은데, 포스텍에 이 / 네 이제 30초 정도 남았는데... 뭐 하고 싶은 말이나 다 못한 말 있나요? / 네 수고하셨어요~ 저 뒤에 화이트보드 지우고 나가주세요!"
포항공과대학교,단일계열,안녕하세요~ 여기 앉으시면 됩니다. / 자 이제 편하신 순서대로 답변하시면 됩니다. / (답변 도중) 그런데 이 방식으로 행성의 중력 가속도를 구하려면 반지름이 어느 정도 되어야 할까 / 현실적으로 그러기는 어렵겠죠~. 그러면 어떤 상황일까요? / 그러면 이제 다음으로 학생의 서류에서 질문하려 하는데요. 혹시 ~~(2학년 말에 AI로 사회적 기여
포항공과대학교,단일계열,"포스텍에 온 것을 환영합니다. (시간이 부족하니, 원하는 질문부터 답해라.) / 6번 답으로 총 2가지 답해야 되는데, 하나 더 있을까요? / 네, 다음 답해주세요. / 대충,, 그 정량적인 값을 구할 수 있을까요? / 네. 다음 진행해 주세요. / 그러면 최종적인 그 실험의 결론이 어떻게 될까요? / 네, 다음 질문 답해주세요. / (뭔가 잘못됐다는 눈치 계속 주심) / 3번에 대한 답을 이용해서 4번 5번을 풀어야 되는 거라서.. 일단 최대한 해보시기 바랍니다. / 포스텍에 지원하게 된 동기와 포스텍에 진학하게 된다면 무엇을 하고 싶은지 그 계획을 말해주세요. / 인공지능에 관심 있나요? 아니면 코딩으로 무언가를 만드는 것에 관심이 있나요? / 아~ 그렇군요(문 열림). 예, 이제 그만 나가보셔도 좋습니다."
포항공과대학교,단일계열,1번 문항부터 답변해 보세요. / 2번 문항 답변해 보세요. / 산업공학과에 왜 지원하게 되었나요?
한동대학교,전,"안녕하세요. 자리에 앉아주세요. / 우선 우리 한동대에 지원하게 된 동기와 학교에서 배우고 싶은 학과에 대해 얘기해 주세요. / 그리고 한동대학교에서 무엇을 배우고 싶은지도 말씀해 주세요. / 굳이 보안과 관련해서 공부하는 이유가 있을까요? / 디지털 소외 계층을 위한 프로그램을 개발하고 싶다고 했는데, 이와 관련해서 제작한 것이 있나요? / 시간이 비밀번호요? 어떤 식으로 시간이 비밀번호가 되나요? / 그러면 모든 사람이 다 뚫을 수 있는 것 아닙니까? / 아하 그렇네요.(이때 약간 웃어주셔서 긴장이 조금 풀림.) 그럼 아까 보안 취약점을 없앤다고 했는데, / 보안에 대해 관심이 있다고 했는데, 보안과 관련해서 본인이 알고 있는 알고리즘을 말해줄 수 있나 / 음.. 그러면 보안에서 가장 중요한게 뭐라고 생각하나요? / 그렇다면 본인이 알고 있는 해킹 기술이 있나요? / 중학교 때부터 코딩을 했나요? / 그렇다면 본인이 생각하기에 코딩에서 중요한 것이 무엇인 것 같아요? / 국어 시간에‘해킹과 보안 완벽 가이드’를 읽었는데 이 책을 쓴 저자에 대해서 알고 있는 게 있나 / (아쉽다는 말투) 아 그렇군요. 음... 동아리 시간에 미로 알고리즘 제작을 했다는데 어떤 알고리즘을 / 음 뭐 엘러나 프림 알고리즘 이런 건 잘 모르고? / 시각장애인들을 위한 차량을 제작했다고 나와 있는데 어떻게 만들었나요? / 사람이 타는 게 아니라 그냥 작은 장난감 차량으로 한 거죠? / 이런 프로젝트 할 때 보통 학교에서 지원을 해주지 않나요? / (웃으시면서)아이고 고생이 많았네요. 대단하네요. 그러면 객체 인식은 어떻게 했나요? / 객체 인식을 제작하면서 문제가 있었나요? / 아주 좋은 경험이었겠네요.(이때 엄청 해맑게 웃어주심.) / 학교생활을 하면서 회장이나 반장을 많이 했는데 리더로써 중요한 것이 뭐라고 생각하나요? / 수학을 많이 듣네요? / 아 학교에서 수학을 많이 듣는 것 같다라고 하려했습니다. / 수학 어렵죠? / 대학교 와서 빡세게 해야겠네요. / 혹시 취미가 뭡니까? / 어떤 게임을 좋아해요? / 어떤 식으로 탐구를 했나요? / 그럼 어떤 벡터가 적용되나요? / 아 레이싱 게임 제작도 하나요? / 아 그렇군요. 이거 대학교 와서 바쁘겠는데요? / 네. 그러면 마지막으로 하고 싶은 말 있나요?"
한동대학교,전,"안녕하세요. 긴장하지 말고 대화한다고 생각하고 하면 됩니다. 먼저 지원동기랑 학업 계획이 어떻게 / 학생이 선택한 과목 중에 UIL은 100% 영어로 진행되는 수업인데 괜찮을까요? / 네 알겠습니다. 생기부를 살펴보니 학생회도 하고 부반장으로 오래 지냈더라구요. 본인은 이끄는 리 / 네 알겠습니다. 여기를 보니 교사를 앞에서나 뒤에서나 잘 도와주는 학생이라고 나와있던데, 본인이 / 그렇군요. 혹시 관심 분야가 정치 외교라고 했는데 관련분야 탐구를 위해 노력한 점이 있다면 말해 / 좋습니다. 아까 세상를 바꾸는 힘에 대해 이야기했죠. 세상을 바꾸는 힘은 뭐라고 생각하세요? / 네 좋습니다. 우리 학교가 기독교 중심의 학교인데 괜찮나요? / 다행이네요. 마지막으로 좀 어려운 질문일 수 있지만 우리가 학생을 왜 뽑아야 할까요? 한 번 이야 / 좋은 답변 감사합니다. 수고 많으셨습니다."
한동대학교,전,"우선 한동대학교에 지원하게 된 동기와 입학 후 전공 및 학업 계획에 대해 이야기 해주세요? / 네~ 내담자라는 전문용어를 알고 있네요? / 그럼, 진로 활동 중에서 본인이 가장 인상깊게 했던 활동이 뭔지 얘기해줄래요? / 학교에서 진행한 활동 중에서 가장 열심히 했거나 자랑스러운 경험이 있다면 그 내용을 자세히 소개 / 친구들이 남겼던 다짐 중 가장 기억에 남는 것 있나요? / 사회문화 시간에 딩크족 증가의 해결 방안으로 자녀 출산이 새로운 ‘행복’을 가져다 줄 수 있다는 / 사회문제탐구 시간에 양적연구를 진행한 내용에 대해 말해주세요? / 네, 약 1분가량 남았는데 마지막으로 하고 싶은 이야기 있으면 해볼래요?"
광주과학기술원,기초교육학부,안녕하세요. 저희가 드리는 질문에 답변해 주시면 됩니다. / (종이를 들어서 보여주심 y=(1/2)^at 의 식) 이 식을 보고 답변해주시면 됩니다. 이 약물의 반감기는 / 네. / 그럼 약물의 반감기와 ~의 관계에 대해 말씀해 주세요. / 생각만 하지 말고 말로도 좀 해주세요. (뒤에 유도해주심) / 안토시아닌의 색이 바뀌는 원리를 알고 계시나요? / 그 구조가 왜 바뀌는지 아시나요? / 네. 수고하셨습니다. 나가셔도 좋아요. / 네. 시간이 8분밖에 안 되어서요. 수고하셨습니다.
광주과학기술원,기초교육학부,안녕하세요. 편하게 앉아주세요. / 자기소개 해주세요. / 네. 1학년 때 초등학생이나 유치원생 대상으로 부스 활동을 진행했어요. 정전기를 주제로 하셨던데 / 혹시 전하가 전기장에 들어가면 어떻게 될까요? / 네. 알겠습니다. 수학에 좋아하는 특정 부분이 있나요? / 어떤 그래프를 좋아하나요? / 특별한 이유가 있나요? / 네 그러면 항산화 관련 활동을 많이 하셨는데 항산화를 산화환원 반응원리를 이용해서 설명해주세요. / 지스트에 와서 하고 싶은 활동이 있나요? / 이 프로그램 외에도 알고 있거나 하고 싶은 프로그램 있나요? / 시간이 거의 다 지나서 마지막으로 하고 싶은 말 있으면 해 주세요 / 네 수고하셨습니다. 나가시면 됩니다.
광주과학기술원,기초교육학부,"자기소개해 주세요. / 원자력 공학 관련 연구를 진행하는데 있어 가장 중요한 수학 개념이 무엇이라 생각하시나요? / 이상적인 경우에서 미분개념이 중요하다고 얘기한 것 같은데, 좀 더 실제적인 연구에서는 어떤 개념 / 원자력 에너지에 관심이 많은 것 같은데, 좀 더 소형의 신재생 에너지들에 대해서는 어떻게 생각하 / 일이 무엇인지 설명해 보세요. / (조금 의아해 하시는 것 같았다.) 음.. 그럼 운동에너지가 왜 1/2*mv^2으로 표현되는지 설명해 주세요. / 음.. 너무 어려우면 포텐셜 에너지과 왜 mgh의 형태를 가지는지, 의미가 무었인지 설명해 주세요. / (원하는 답변이 아닌 것 같았다.) 아니 그럼 일의 개념을 사용하지 않았잖아요. 일의 개념을 사용해서 / 이제 조금 다른 질문인데, 자소서에 보면 테라리움 활동을 하며 친구들에게 서운했던 점도 있었다고 / 네, 잘 들었습니다. 이제 마지막으로 하고싶은 말이나 앞서 했던 질문들에 보충설명하고 싶은 부분이 / GIST의 무한도전 프로그램도 잘 알고 계시네요. 인터넷에서 알게 된 정보인가요? / 네 알겠습니다. 이만 나가보셔도 좋습니다."
광주과학기술원,기초교육학부,"안녕하세요. 간단하게 자기소개 해주세요. / 캐비테이션 관련 내용이 있는데 프로펠러에서 캐비테이션이 왜 발생하는지 베르누이 방정식과 엮어 / 오일러 공식과 베르누이 방정식이 있는데 베르누이 방정식의 각 항이 무엇을 뜻하는지에 대해 설명 / 베르누이 방정식에 어떤 전제 조건 같은 것이 있을 텐데 그것이 무엇인가요? / 유체가 어떤 선 같은 것을 따라가잖아요. / 그래서 유선을 따라가면 그게 무슨 의미를 가지죠? / 캐비테이션이 발생하면 왜 선박에 부정적인 영향을 주죠? / 그러니까 캐비테이션 현상으로 발생한 증기가 어떻게 영향을 주냐고요. / 당연히 기포가 없어지겠지. 그래서 기포가 없어지면 어떻게 되냐고요. / 푸리에 변환 설명해 주세요 / 사인파로 표현한다면 무슨 장점이 있죠? / 이것을 어디에 사용할 수 있죠? / 공진현상이 발생하는 원인과 연관지어 설명해주세요. (정확히 기억 안남.) / 복소수와 복소함수에 대한 내용이 나와있는데 이를 어디에 활용할 수 있을까요? / 그거 말고 더 없을까요? / 조선기술에 왜 관심을 가지게 되었는지 말해 주세요. / 액화수소 재액화가 어떻게 해서 에너지 효율을 높이는 거죠? / 액화수소를 재액화 하려면 또 냉각을 해야할 텐데 이게 에너지 효율을 높이는게 맞는거죠? / 자신의 단점 이야기하고 극복하기 위해 노력한 점 말해주세요. / 대학교에 와서는 모든 것을 다 스스로 해야할 텐데, 혼자 계획도 짜고, 이런거 잘 할 수 있죠? / 수고하셨습니다. 좋은 결과가 있길 바랍니다."
광주과학기술원,기초교육학부,"편하게 자기소개 한번 해보세요. / 네, 제가 물어보고 싶은 것들이 좀 있는데요, 텐서가 뭔지, 그리고 관성모멘트와 텐서가 어떤 관계 / 그러면 회전운동에너지가 뭔지, 그리고 회전운동에너지에서 관성모멘트가 어떻게 쓰이는지 설명해 / 네, 도 있어야겠죠? / 고급수학을 들었네요? 행렬의 대각화가 공학의 어느 분야에 쓰일 수 있을까요? / 네 그러면 고윳값과 고유벡터가 무엇인지 설명해 주세요. 아! 지금 시간상 다음 질문으로 넘어가겠 / 아까 환경 이야기하셨는데 그러면 환경과 기술의 발전이 공존 가능하다고 생각하시나요? 공존 가능 / 네... 그러면 본인이 가지고 있는 그런 가치관과 GIST의 인재관이 일치하는 이유를 설명해 주세요. / 아까 끊겼던 거 다시 한번 물어볼게요. 고윳값과 고유벡터가 무엇인지 설명해 주세요. / GIST PIUM에 들어가면 구체적으로 어떤 봉사활동을 하고 싶나요? / 네, 이제 1분정도 남았는데, 마지막으로 하고 싶은 말 있으면 해 주세요. / 네 이제 끝났습니다. 나가주시면 됩니다."
광주과학기술원,기초교육학부,"◧ / 안녕하세요. 오는 데 힘들지 않았나요? / 생기부와 자소서를 보니, 빛과 광학에 관심이 많은 거 같아요. 고등학교 과정 중 광학을 직접적으로 / (자소서 내용) 빛을 주제로 한 탐구에서 매질의 입사 과정중 빛의 진행이 느려지는 과정을 설명했어 / 동아리 활동이나 공동체 활동에서 힘들었던 경험이 있나요? / 시간이 거의 다 돼서, 마지막으로 하고 싶은 말 있으면 해주세요."
광주과학기술원,기초교육학부,"먼 길 오시느라 힘들지 않았나요? / 간단하게 자기소개 해주시가 바랍니다. / 올 한해 여러 수학 문제를 풀었을텐테, 가장 인상 깊었던 수학 문제는 무엇인가요? / 자기소개서를 보니 당뇨병에 관심이 많은거 같은데, 제1형 당뇨병과 제2형 당뇨병의 차이는 무엇인 / 당뇨병 치료에서 혈당 측정이 중요하다고 생각하는 이유와 안전하고 정확한 혈당 측정 방법이란? / 그러니까 체혈하는 방식이 아닌 눈믈을 통해서 혈당을 측정하듯이 피를 뽑지 않고 혈당을 측정하는 / 네 아무튼 피를 뽑지 않고 혈당을 측정하는 방식이 안전하고 정확하다는 것이지요? / 의대 증원에 대한 본인의 생각 / 5년 전 문재인 정부 때도 의대 인원을 늘리려고 하였던 것을 알고 있나요? / 네 집에 가셔서 한 번 찾아보는 것도 학생의 관점을 수립하는데 좋을 것입니다. / 올 한해 가장 행복했던 순간은 언제인가요? / 마지막으로 하고 싶은 말 있나요? / 면접은 이제 끝났습니다. 나가주시면 감사하겠습니다."
광주과학기술원,기초교육학부,"자리에 앉아주세요. / 자기소개 30초 시작할게요 (타이머로 시간을 잼) / 수학 질문으로 넘어갈게요. 미분과 적분의 의미를 말해주세요. / 음, 그런 의미 말고 기하학적인 의미가 있을까요? 미분을 그래프로 한번 설명해보세요. / 아니아니 그래프 위의 한 점에서 설명해 주세요. / 네 맞아요, 그럼 적분은 뭘까요? / 넓이라고 하면 좀 애매하지 않을까요? / 시간 관계상 다음 질문으로 넘어갈게요. 몬티홀 문제를 탐구했어요, 몬티홀 문제가 뭔지 설명해 주세 / 네, 여기까지 할게요. 그럼 문이 3개가 아니라 100개면 어떨까요? 여전히 바꾸는 것이 이득일까요? / : 다음은 전공 질문으로 넘어갈게요. / (다른 분이 질문을 시작함) 난류 천이 현상...뭐 이런거에 관심이 있네요? / 파동방정식을 이차원에서 해석했을 때 왜 안됐을까요? / : 보니까 차...차분을 사용헀네요? / : 네네 근데 왜 유한 차분법을 이용했어요? 다른 방법은 없없나요? / : 음 (끄덕이며) 그렇군요. 그럼 계산 결과가 다른 시뮬레이션에서 맞게 나왔나요? / : (처음 질문하셨던 분으로 넘어감) 지스트에서 학생을 왜 뽑아야 할까요? / 네 계속 해주세요. 일단 인문학에도 관심이 있다는 뜻이죠? (시간이 부족해서 두괄식 답변을 듣고 싶 / 자신을 한 단어로 표현한다면 어떤 단어일까요? / 네 수고하셨습니다."
광주과학기술원,기초교육학부,"앉으세요. / 수학 질문할게요. 분산하고 표준편차가 뭔지 설명해 보세요. / 어떻게 구하는지 설명해 보세요. / 제곱의 평균이요? 평균의 제곱은 이해하겠는데, 제곱의 평균은 뭔가요?(한 명은 이해한 눈치, 한 명은 / 아 네 이해했습니다. 혹시 분산과 표준편차는 왜 쓸까요? / 분산이 있는데, 표준편차는 왜 쓰는 걸까요? / 네 이제 과학 질문할게요. 제설제를 눈에 뿌리면 눈이 녹잖아요. 이건 발열반응일까요? 흡열반응일까 / 네, 흡열반응입니다. / 그럼 나트륨을 물에 녹여서 끓이면 발열인가요? 흡열인가요? / 네 그러니까, 이걸 녹이면.. 용해도가.. 그러니까(면접관도 본인이 하고 싶은 말이 정리가 안되는 듯 / 엔트로피 얘기를 하셨는데요. 엔트로피는 왜 증가하죠? / 네 알겠습니다. 동덕여대에서 남자가 여성을 성추행하는 불미스러운 사건이 있었습니다. 이에 동덕여 / 본인이 그럼 남자일때는요? 본인 여자 친구가 동덕여대에 있는데 마음대로 출입이 안되어 데이트도 / (타이머를 켜면서) 네 30초 드릴테니, 마지막으로 하고픈 말 말해주세요."
광주과학기술원,기초교육학부,"안녕하세요. 자기소개 부탁드립니다. / 네, 생기부를 보니까 2학년 수학 시간에 푸리에 변환에 대해 탐구했다고 하는데 이에 대해 설명해 / 네. 약간 틀렸지만 거의 맞았어요. 다음으로는 수학 질문드릴께요.‘미분 가능하다’의 정의가 무엇 / 좀 더 구체적으로 식에서 미분 가능하다를 설명해주겠어요( 힌트 주시면서 답을 유도해주심) / 네. 다음으로 과학 질문 드릴께요. 생기부랑 자소서보니까 아포토시스에 대해 탐구했다고 되어 있던 / 그럼 아포토시스는 왜 일어나는 걸까요? / 네. ( 고개 끄덕여주심.) 그럼 앞서 말한 p53 단백질에 대해서 설명해 주시겠어요? / 자소서에 보니까 의과학 대학원에 진학하고 싶다고 되어있던데 졸업할 때 생겨서 들어가면 좋겠지만 / 학교에 오면 힘든 점들도 있을 거 같은데 어떤 게 있을 거 같아요?"
광주과학기술원,기초교육학부,"자기소개 해 보세요. / 자소서에 GMO라는 내용이 많이 적혀 있는데, GMO가 무엇이고 어떻게 생각하는지 말씀해주세요. / 그럼 수학 쪽에서 질문 하나 하겠습니다. 여기 센트럴 도그마라 적혀 있는데 센트럴 도그마가 무엇 / 혹시 살면서 가장 인상 깊었던 도덕적 행동이 있나요? / 그래서 그 일을 하고 나니 심정은 어떤가요?"
광주과학기술원,기초교육학부,"지스트 처음 와봤나요? / 그러면 오후 면접인데 오전에 뭐 학교 둘러보고 스탬프도 받고 하셨나요? / 자기소개서를 보니까 사회를 바꾸는 소프트웨어 개발자 이런 꿈이 있던데, 프로그래밍 할 때 수학이 / 여기 대중교통의 새로운 노선을 예측하는 프로그램에 대해서, 뭘 해주는 프로그램을 만든건지 구체 / 내용에 미국 연방교통청이 있는데, 미국 도시의 데이터를 쓴건가요? / 동부와 서부라고 하는데 이것도 미국 내용이 아닌가요? / 이 프로그램을 시청에 건의한다던가 해봤나요? / 인공지능이 뭐라고 생각하세요? / 여기 프로그램에서는 로지스틱 회귀를 썼다고 했는데 이건 그냥 옛날부터 있던 통계 모델 아닌가요? / 아 로지스틱 회귀 말고 다른 게 있는 줄 알았는데 그거는 아니다. (이제 다른 면접관 분이) 그다음에 / 그럼 공간 컴퓨팅은 실생활에서 어디에 사용될 수 있을까요? / 아까 인공지능을 했다고 했는데 그럼 경사하강법이라는 것도 잘 알겠네요? / 한번 설명해 보세요. / 경사하강법에는 어떤 수학 내용이 있을까요? / 그럼 경사하강법에서 경사, gradient는 기하적으로 어떤 의미를 가질까요? / 그럼 변수 하나가 아니라 여러 개가 있으면, 다변수 함수에서는 gradient가 무슨 기하학적 의미를 가 / 다변수 함수에서는 gradient가 어떤 점에서 가장 급격하게 내려갈 수 있는 방향을 의미해요. 그래서 / 대중교통 이거 인공지능 모델 만들 때는 목적 함수를 어떤 걸로 했나요? / 그니까 목적 함수, 그러니까 모델한테 어떤 기준을 가지고 판단하도록 시켰나요? / 로지스틱 모델이 75프로 정확도면 상당히 높은건데, 별다른 사람이 정해준 기준 없이 그런 높은 결 / 자신의 꿈을 이루기 위해 지스트에 와서 어떤 능력을 키우고 싶은지 구체적으로 말해 보세요. / 지스트 말고도 다른 학교 많이 썼을 것 같은데, 지스트 붙으면 지스트로 올 건가요? / 혹시 지스트의 인재상이 뭔지 아시나요? / 아하하 몰라요? 가서 한번 찾아보세요. 제가 보기에는 학생은 지스트 인재상이랑 잘 맞는 것 같습니 / 마지막으로, 지스트가 왜 학생을 뽑아야 하는지 자기 PR을 한 30초동안 해보세요. / 하하하, 지스트는 학생 같은 유능한 연구자가 오면 좋을 것 같아요. 내년에 보게 되면 좋겠습니다."
광주과학기술원,기초교육학부,면접 시작하기 전에 간단하게 자기 소개 해주세요. / 수학 활동 중 세포 속 DNA 양 변화를 나타냈다는 게 있는데 어떻게 하셨나요? / 미분가능에 대해서 설명해 주세요. / 네 수학 질문은 여기서 마치겠습니다. / 생기부 중 루미놀 체험 부스를 운영하며 어려운 점이 있었다는데 느꼈던 감정과 어떻게 해결했는지 / 학생이 연구자가 되면 앞선 루미놀 실험처럼 비슷한 상황에 많이 놓일 것입니다. 그렇다면 미래에 / 루미놀 반응의 원리를 설명해 주세요. / 혹시 루미놀의 강도가 어느 정도인지 아시나요? / 생명과학 중 텔로미어에 관해서 관심이 많은 것 같은데 설명을 해주세요. / 왜 하필 DNA가 파괴되는 것이 노화인 것인가요? / 그러니까 왜 하필 노화가 일어나는 거죠? 뭐 암이나 다른 질병들도 일어날 수 있는 것 아닌가요? / 마지막으로 하고 싶은 말이 있으면 해 주세요.
광주과학기술원,기초교육학부,"(분위기 환기 질문) 오는데 괜찮았어요? / (자소서 본 후) 미술 잘한다고 써 있네요. 의무적으로 활동한 건가요? / 본인도 미술을 잘한다고 생각하시나요? / 5분씩 수학과 과학에 대해 차례로 질문하겠습니다. / 이거 직접한 활동 맞나요? / (자소서 내용에 있는) 이 (부분분수) 식에 대해 설명해 줄 수 있나요? / 그럼, 계산 결과는 무엇이었나요? / 미적분의 기본 정리에 대해 설명해 주세요. / 적분 변수가 그게 맞나요? / 이제 과학 관련 질문으로 넘어가겠습니다. (자소서 보며) 충격력에 대해 깨달음을 얻었다고 했는데, / 운동량 보존 법칙에 대해 설명해 주세요. / 물리학Ⅱ 수강하셨나요? A, B, C 과목으로? / 그러면, 물리학Ⅱ에서의 운동량 보존 법칙을 설명할 수 있나요?(회전하는 물체에서의 운동량 보존) / 보통 식으로 외우니까 식으로 설명해 봐도 좋습니다. / 이걸 어디에 쓸 수 있나요? / 회전하는 물체에서 충돌은 아니지 않나요? / 마지막으로 하고 싶은 말해 보세요."
울산과학기술원,이공계열,"질문은 유체역학 중심으로 할거예요~ 준비하신 자기소개 있으시면 해주세요. / 타코마 다리 붕괴사건을 탐구했다고 되어 있는데 탐구한 내용 말해주세요. / 지금 융합과학 설명 보면 본인 팀만 흔들리지 않았다고 되어있는데 유선형은 너무 약한 것 같은데? / F1 공기역학에 대해서 탐구했다고 많이 써있는데 탐구한 내용 얘기해주세요. / 그런 자료들은 논문이나 기사를 읽는 건가요? / R&E를 했다고 써 있는데 어떤 역할을 맡아서 했나? / 동아리 인원수가 11명(19명인데 잘못 보신 듯)으로 많은데, 여기보면 물의 전기분해(생기부도 보셨구 / 판타레이라는 책을 읽고 쓴 걸로 대상을 받았네요~ 이 책에서 인상깊은 내용 얘기해주세요. / 아까 CFD라 하셨는데 CFD를 다뤄본 적 있나요? / 여기 보면 무슨 필기 노트 같은 걸 냈는데..(두분 다 웃으심..) 여기에 stokes’ law에 대해 써 있네요. / 아 등속침강입니다. ㅎㅎ(웃으심.. 딱히 네거티브한 느낌이 들진 않음) 그럼 레이놀즈 수가 1보다 작 / F1 공기역학 엔지니어가 꿈인데 왜 우리 학교 지원했어요? / 이제 면접 시간이 다 되었는데, 마지막으로 하고 싶은 말 있으면 하세요."
한국과학기술원,전학부,"안녕하세요, 바로 답변 시작하시면 됩니다. 먼저 수학 답부터 쭉 얘기해볼까요? / 음, 1-3은 왜 그 답이 나왔는지 설명해 주실 수 있으신가요? / 2-1 문제에서, 답이 ~~인 원의 테두리만이라고 하였는데 혹시 그 원의 안쪽 부분은 왜 안되는지 / 네, 다음으로 화학 질문하겠습니다. 똑같이 답부터 쭉 불러주시면 됩니다. / 화학 대문제 2번 마지막 문제에서 제시한 것 중에 ~~와 ~~는 맥락상 비슷하게 들리는데, 차이를 / 대문제 1번의 제시된 상황은 몇 차 반응이라고 생각하시나요 (이처럼 화학2에 관란 꼬리 질문을 계 속 / 네, 모르시면 편하게 말씀하시면 됩니다. / 다음으로 영어 면접하겠습니다. 답을 쭉 말해주시면 됩니다. / 시간이 좀 남았는데, 아까 2-2 문제 다시 풀 시간 있는데, 풀어보시겠어요? 아, 1-1 문제 풀어도 됩 / 네, 풀어보세요. / 학생이 말한 그 그래프는 왜 증가함수인가요? / 네, 수고하셨습니다. / 네, 쭉 답해주시면 됩니다. / ~~문제에서 회의에 초청할 사람을 한 명 더 말해주시겠어요. (원래 3명을 초청할거면 누구를 초청할 / 학생이 제시한 창업 아이디어 대해서 어떤 이유로 실현 가능성에 어려움이 있을 것 같나요? 이것에 대 / 이제 자소서 1번 질문하겠습니다. 암흑에너지라는 것이 꽤 어려운 주제인데, 이것에 대해 조금 더 자 / 책 5권을 써주셨는데, 이 중 가장 기억에 남는 책과 그 이유를 말해주세요. / 어렸을 때 발레를 하다가 공부로 장래를 전환하셨는데, 혹이 예중이었나요? / 아, 네 그렇군요. 장래를 전환하게 된 계기가 있을까요? / 그렇군요. 갑자기 공부를 하게 된 상황에 따라 어려움도 있었을 텐데, 무엇이었고 어덯게 극복했는지 / 네, 수고하셨습니다."
한국과학기술원,전학부,"지금부터 학업역량 면접 시작하겠습니다. 수학 1-1번부터 설명해주세요. / 1-2번 설명해 주세요. / 그러면   이 0, -1, 1 일 때는   이 어떤 수열이 되나요? / 네 그럼 1-3번 풀이 설명해 주세요. / 이제 2번으로 넘어가겠습니다. / 이때 집합 T에 대해서 자세히 설명해 볼래요? / 이제 물리 문제로 넘어가겠습니다. 1번부터 풀이 설명해 주세요. / 이때 밝은 무늬 간의 간격을 구할 때 구체적으로 어떻게 식을 유도했나요? / 이제 1-2번 설명해주세요. / 1-3 번에서 굴절율이 n인 매질로 변경되었을 때 파동과 속도가 어떻게 되는지 설명해 주세요. / 2번 설명해 주세요. / 이제 영어로 넘어가겠습니다. 1번부터 쭉 설명해 주세요. / 수고하셨습니다. 이제 나가셔도 좋습니다. / 지금부터 학업 외 역량 면접 시작하겠습니다. 문제 순서대로 답변해 주세요. / (이에 대해 추가 질문은 안하심) 제출한 독서 목록에 대한 질문을 하겠습니다. 이중 데미안에서 작가 / 데미안을 읽게 된 계기가 무엇인가요? / 이 책을 읽으면서 지원자가 가졌던 생각이나 고민이 있나요? / 만약 책을 읽을 시간이 부족한 친구에게 이 다섯권의 책 중 한 권을 추천해 준다면 어떤 책을 추천 / 자기소개서 1번의 질문에 대해 설명해 주세요. / 이 질문을 하게 된 계기는 무엇인가요? / 고등학교 시절 이 질문을 해결하기 위해 노력한 적이 있나요? / 이 질문 외에 지원자가 평소에 지닌 과학적 질문은 무엇인가요? / 수고하셨습니다. 나가셔도 좋습니다."
한국과학기술원,전학부,"수학, 영어 면접관 2: 과학(물리) (간단한 인사 후 책상에 딸린 의자에 착석) 면접관 1: 먼저 대답하고 싶은 영역 있나요? / 네, 그럼 수학부터 답만 쭉 얘기해 볼래요? / 1-2는? / 네, 그러면 아까 1-1에 답이 거짓이라고 했잖아요. 왜 그렇게 생각했는지 알려줄 수 있나요? / 상수 수열이 증가 혹은 감소 수열에 포함되지 않나요? 문제에서 정의가 제시되어 있잖아요. / 그러면 답이 어떻게 되나요? / 다음으로, 1-2에서 그러한 범위가 나온 이유를 알려줄 수 있나요? / 그러세요, 어떻게 바꾸고 싶나요? / 그러면 됐습니다. 다음에는 영어 면접을 진행할게요. / 제시문에 대한 답을 간단하게 이야기해보세요. 영어로 대답해야 합니다. / 네, 됐습니다. / 이제 물리 제시문에 대한 면접을 진행하겠습니다. 1번부터 답만 쭉 불러볼래요? / 2-2 답이 조금 틀렸거든요? 어떻게 구했는지 설명해볼래요? / 그거에요. 그걸 물어보고 싶었던 겁니다. 그러면   도 다시 구해볼래요? / 맞아요. 그러면 2-3 답도? / 네 과학 면접 종료하겠습니다. 나가봐도 좋아요."
한국과학기술원,전학부,"수학, 과학, 영어 순서대로 답변 진행할게요. / 1-2번 문제도 이어서 답변해 주세요. / 1-3번도 답변해 주세요. / 네, 다음 문제 답변해 주세요. / 왜 한쪽 끝점이 원과의 접점이어야 하죠? / 2-2번으로 넘어가겠습니다. / ~일 때 2개라고 한 부분 다시 한번 설명해보실래요?(이거 틀려서 다시 물어본 듯) / 네, 이제 과학으로 넘어갈게요. / 1-1번부터, 간단한 설명 해주세요. / 1-2번 답해주세요(최대한 많이 말하는 문제) / 혹시 이 반응이 산소에 대해 몇 차 반응이죠? / 네, 알겠습니다. 다음 2번으로 넘어갈게요. / 2-2은요? / 나머지 하나는요?(총 세 가지 측면에서 분석하는 문제였음 / 그럼 다음 영어로 넘어갈게요. / 네. 혹시 더 말하고 싶은거 있으면 말해도 됩니다. / 올 때 어떻게 오셨어요? (이 이후로 잡담...)"
한국에너지공과대학,에너지공학부,키트를 열어주시고 준비하신 답변을 시작해주세요. / 질문 하나 드리겠습니다. 마지막에 배치하신 네모( .)신문은 ‘창간호 특집 기사’입니다. 창간호를 / 그럼 처음부터 고려하셨던 건가요? / 외계 행성에는 새로운 에너지원이 있다고 기사에 명시 되어있습니다. 그렇다면 학생이 생각하는 새로 / 기사에서는 외계 행성에서 새로운 에너지가 발견되었고 이를 거주 행성까지 성공적으로 전송할 수 / 그럼 만약 기사에서와 같이 새로운 에너지원을 발견한다면 그 에너지를 중심으로 사회 시스템을 새 / AI 로봇과 인간의 관계는 어때야 한다고 생각해요? / 한국에너지공과대학에 지원하게 된 이유가 있을까요? / 다른 종합대학에도 많은 에너지 관련 학과가 있다고 알고 있는데 본 대학에 지원한 특별한 이유가 / (단순 질문) 물리학과 생명과학 중에 어떤 것이 더 근본에 가깝다고 생각해요?
한국에너지공과대학,에너지공학부,"안녕하세요. 답변 시작해 주세요. / 순서 먼저 말하고 시작해 주세요 / 네. 이어서 말해주세요. / 네. 답변 잘 들었습니다. 그렇다면 만약에 본인이 켄테시아의 시장이 되고 신문에서처럼 켄트로늄(켄 / 아까 기억네트워크 관련해서 추가적으로 답변을 해주셨는데 학생은 기억네트워크 사용에 대해 어떤 / 우리 학교에 왜 지원했어요? / 예, 수고하셨습니다. 앞에 종이 챙기시고 나가시면 됩니다."
공주교육대학교,초등교육과,"안녕하세요. / 네, 앉아주세요. / 저희가 3가지 질문드릴 건데요. 생각하시고 답해 주시면 돼요. / 전체적으로 학업성취도가 높은데 수학이 낮은 편이네요? 이유를 설명해 주시고 이를 극복하기 위해 / 여기 봉사활동 중에 궁금한 게 장애학생생활도우미라고.. 이거 좀 설명해 줄래요? 무슨 활동 했는지? / 봉사를 하며 가장!! 어려웠던 점은 뭔가요? / 동아리 보니까 여러 활동을 한 것 같은데 가장 기억에 남는 활동 있나요? / 네, 면접 보느라 수고하셨습니다."
공주교육대학교,초등교육과,"네~ 안녕하세요. 너무 긴장하지 말고 천천히 질문에 대해서 대답해 주세요! / 생기부를 보니까.. 음악에 대한 흥미가 매우 높은 것 같아요. 음악에서 장구 연주도 훌륭하다고 하 / 아. / 행동 특성을 보면 모범심과 배려심이 굉장히 좋다고 표현되어 있는데, 구체적인 사례를 들어볼 수 / (미소를 지으시며), 그렇군요~. 그럼 교사로서 자신의 마음을 이해하는 것도 중요한데요, 자신의 마 / 네, 좋아요. 그러면 중등교사와 다른 초등교사의 매력은 무엇이라고 생각하나요? / 그렇군요. (면접관1을 보며), 혹시 더 질문 있으신가요? / 아니요, 저는 다 했습니다."
공주교육대학교,초등교육과,안녕하세요. 긴장 많이 되시죠? / 아 그럼 자세 좀 편하게 앉아볼까요? (웃으시면서) 의자에 등 기대셔도 됩니다. 오늘 혹시 점심 드시 / 그렇군요. 저희 면접은 총 15분으로 총 3가지의 질문을 물어볼 겁니다. 그럼 질문하겠습니다. / (노트북을 응시하고 마우스를 스크롤 하며) 와 학생 성적이 정말 높네요. (잠시 아무 말 없으시다가) / (웃으시면서) 음 그렇군요. 생활기록부에 또래 상담자 활동을 했다고 적혀있는데 가장 기억에 남는 / 그렇군요. 마지막으로 하나만 질문하겠습니다. 학생이 생각하는 바람직한 교육자란 무엇인가요? (문 / 수고하셨습니다.
공주교육대학교,초등교육과,"자리에 앉아주세요. / 긴장하지 말고, 답변하기 전에 충분히 생각하고 답변해 주면 됩니다. 면접 시작해도 될까요? / 첫 질문은 간단하게 단답형 질문으로 시작해볼게요. 교과 선생님들께서 학생의 ‘비판적 사고력’이 / 그렇다면 그 이유와 학생이 생각하는 자신의 강점은 뭔가요? / 그렇다면 학창 시절 무엇을 했길래 ‘성실함’을 강점으로 뽑았는지, 자신의 ‘성실함’을 보여줄 / 다른 질문을 해볼게요. 학창시절 리더십을 펼쳐 본 경험이 있다면 말해줄래요? / 근데 학생의 생기부를 보면 1학년 때 의료계열의 직업을 희망했다가 나중에 교사를 희망하게 된 것 / 좋아요. 그리고 생기부를 보면 활동이 정말 다양하고 많아요. 이렇게 활동이 다양하고 많은 이유가 / 네, 이 정도면 된 것 같습니다. 나가셔도 좋아요."
공주교육대학교,초등교육과,학업 중에 공부하는 데에 가장 어려웠던 과목이 있나요? / 그렇다면 가장 자신 있던 과목은 무엇인가요? 시험만 봤다하면 막 성적이 잘 나오고 자신있다 하는 / 전교 부회장을 했었는데 학생회를 하면서 리더십을 발휘해 친구들을 이끌었던 일이 있나요? / 학생회를 하면서 어려웠던 일이 있었다면 무엇인가요? / 중요한 깨달음을 얻은 것 같습니다. 교사의 꿈을 가지게 된 계기가 있나요? / 글쎄요. 잘 모르겠는데요.
공주교육대학교,초등교육과,"3가지 질문을 하겠습니다. 잘 듣고 답하시기 바랍니다. 본인이 가장 자신 없는 과목과 그를 극복한 / 나머지 2개의 질문은 제가 하겠습니다. 먼저 고등학교에서 봉사활동이 필요하다고 생각하는지, 기억에 / (나를 빤히 쳐다봄.) / 그리고 기억에 남는 봉사활동은? / 그러니까 학교에서 목록을 준 게 아니라 스스로 만들었다는 말이죠? / 마지막으로 교사로서 필요한 자질과 자신에게 부족한 자질은 무엇입니까?"
공주교육대학교,초등교육과,"면접이 처음이라 긴장될 수도 있지만, 천천히 자신이 준비한 만큼 답변해 주세요. 그러면 첫 번째 질 / 생기부를 보면은 피아노를 잘 치는 것으로 나와있는데, 본인의 장점과 단점을 알 수 있을까요? / 초등학교 교사를 꿈꾸게 된 계기가 있을까요? / 학교 생활동안 성적이 떨어진 적도 있지만, 높은 성적 향상을 이뤄낸 것으로 보이는데 비결이 있을 / 그러면, 본인의 성적 향상 말고 다른 이의 성적 향상을 도와준 경험이 있을까요? / 그 친구가 굉장히 기뻐했겠네요. 교육자로서 본인의 교사관을 가지고 있는 것은 굉장히 중요한 일인 / 어원에 대한 지식도 풍부한 것으로 보이네요, 실제로 education에서 edu도 끌어당기다라는 의미가 있 / 마지막으로, 학생이 생각하는 교육의 본질이 무엇이라고 생각하나요? / 수고하셨어요. 조심히 가요~"
공주교육대학교,초등교육과,"안녕하세요. 오래 기다리시느라 고생했어요. 기다리는데 안 힘들었어요? / 그럼 지금부터 면접을 시작하겠습니다. 총 3가지 질문을 할 예정인데 긴장 풀고 의자에 허리 기대고 / 그럼 첫 번째 질문입니다. 초등교사라는 직업을 꿈꾸게 된 계기가 무엇인가요? / 성적이 괜찮은 편인데 공부를 어떻게 했는지 공부 방법을 알려주세요. / 생기부에 매 학년마다 반장을 했는데 반장을 하면서 갈등상황이 발생할 때마다 어떻게 해결했나요? / 네, 잘 들었습니다. 이제 나가보셔도 됩니다"
공주교육대학교,초등교육과,"네 앉으세요~ 긴장하지 말고 편하게 준비한 거 말씀해주시면 돼요. / 우선 생기부를 보니까 성적이 조금씩 올랐어요. 특히 3학년 때는 성적이 급상승했는데, 본인만의 공 / 네 그러면 나눔이나 배려를 한 경험은 따로 있을까요? 사례랑요. / 네. 배려받는 입장에서 배려하는 방법을 배웠다는 점이 인상적이네요. 혹시 친구는 몸이 구체적으로 / 그리고 친구가 서서히 마음을 열었다고 한 걸 보니, 처음엔 서로가 불편했거나 도움을 주는 과정에 / 아까 통합교육에 대해서도 이야기를 했었죠? 그럼 학생이 교사가 되었을 때 장애학생과 비장애학생 / 네, 그러면 초등교사를 원하게 된 계기나 계기가 된 사건 등이 있나요? / 네 이제 끝났습니다."
공주교육대학교,초등교육과,"성적이 꾸준히 상승했고 좋은 성적을 거두었는데 어떻게 올릴 수 있었는지, 본인만의 공부법이 있는 / 부반장으로 활동했는데, 리더란 무엇이라고 생각하는지, 이와 관련해 무슨 활동을 했는지, 갈등이 생 / 교육학, 심리학 수강했는데 무엇을 배웠고, 교사로서 어떻게 활용하고 싶은지 말해보세요. / 네. 수고하셨습니다."
공주교육대학교,초등교육과,"조금 긴장한 거 같은데 괜찮아요? / 그렇군요. 이제 면접 시작할 텐데 알고 있는 대로 편하게 답변해주시면 됩니다. / 성적이 꾸준히 상승했는데 공부 방법이 바뀌었나요? / 특히 자신 있는 과목이 있나요? / 동아리 반장이나 학급 부반장 등 리더로서의 역할을 많이 수행한 거 같은데 그룹이나 학급에서 갈등 / 네, 마지막 질문입니다. 왜 굳이 초등교사가 되고 싶나요?"
공주교육대학교,초등교육과,"성적을 보니까 본인 마음에 들지 않는 과목도 있었을 것 같은데, 자신만의 자기주도적 공부 방법이 / 동아리 부장을 맡으셨는데 혹시 동아리 내 갈등 상황이 있었다면 어떻게 대처했나요? / 그 주제는 어떤 주제였나요? / 네 마지막입니다. 동아리에서 수업을 했다고 나와 있는데 그중에 반도체 관련한 수업에 대해 설명해"
공주교육대학교,초등교육과,"네. 의자에 앉으시고 편안하게 답변해 주세요. / 혹시 학창 시절에 본인만의 공부 방법이 있다면, 어느 학년 어느 과목에 어떻게 적용했는지 자세하 / 네 알겠습니다. 그렇다면, 학창 시절에 갈등 상황을 해결한 경험이 있나요? / 네, 다음 질문 하겠습니다. 학생이 생각하는 좋은 교사란 무엇인가요? / 그러면 사랑을 어떻게 실천하실거죠?(다른 서류 보시고 질문 안 하시던 교수님이 갑자기 질문) / 아까 못한 말이나, 마지막으로 하고 싶은 말 있으면 하세요. / (두 분 다 웃음) 네 나가셔도 좋습니다."
공주교육대학교,초등교육과,너무 긴장하지 마시고 물어본 질문에 답변해 주시면 됩니다. / 교육과 관련해서 많은 활동을 한 것 같은데 이 중에서 가장 주도적으로 활동한 것은 무엇인가요? / 2학년과 3학년 때 수학 멘토단 활동을 학급 내에서 진행했었는데 어떤 활동을 했는지 설명해 주세요. / 봉사활동에서 1학년과 2학년 때 학습 능력 신장 도움 및 학습 상담 활동을 했는데 이에 대해 설명해 / 수고하셨습니다. 나가보셔도 됩니다.
공주교육대학교,초등교육과,학교에서 어려움을 겪은 과목이 있었나요? / 학교에서 어려움을 겪은 친구가 있다면 그 친구를 위해 어떤 일을 하였나요? / 교사가 되기 위해서 우리 학교를 선택했겠죠? 교사가 되기 위한 자질에는 무엇이 있을까요? / 학교 생활에서의 본인의 장점은 무엇인가요?
청주교육대학교,초등교육학과,"안녕하세요. 자리에 앉아주세요. 바로 시작하겠습니다. / 짧게 자기소개부터 시작해 주세요. / 모의 수업을 많이 하셨는데 그 중의 가장 기억에 남는 모의 수업이 있나요? / 어떤 내용으로 모의 수업을 했나요? / 3년 내내 교육 동아리 하신 건가요? (네) 중간에 티쳐러쉬에서 프리티로 다시 만들었다고 나와 있는 / AI 교과서 내용을 다루었네요. AI 교과서가 뭔지 설명해 보세요. / 보고서 활동도 많이 하셨던데 그중에서 가장 기억에 남는 보고서 활동을 말해주세요. / 이 보고서를 처음 보는 사람에게 말하듯 한 줄로 설명해 주세요. / (콘셉트 붕괴, 면접관님들 모두 웃으심) 네~ 천천히 생각하고 말해주세요~ / 교사량 관련된 것 말고 잘하는 거 있나요? / 로봇이 교사를 대체할 수 있는지를 토론하셨는데 어때요? 대체할 수 있을 것 같아요? / 저출산에 관해서도 탐구하셨는데 저출산은 어떻게 해결해야 한다고 생각해요? / 수고하셨습니다. 안녕히 가세요."
청주교육대학교,초등교육학과,"안녕하세요. / 네, 교사가 되고 싶었던 계기가 뭐였죠? 언제부터 되고 싶었다 시기라던가.. / 초등학교 시절 즐거운 학교생활 했나요? 아니면 안 했나요? / AI가 발전함에 따라 교사의 역할에 대해 토론? 발표? 한 것 같은데 설명해 줄래요? / 최근 본 영상 중에서 추천하고 싶다. 있어요? 추천해 주세요. / 살아오면서 갈등했던 경험 있나요? 어떻게 타협해서 해결했는지? / 친구들과 어떻게 소통했나요? / 그럼 소수의 의견이 무시되지 않을까요? / 자신이 창의적인 사람이다 어필해 보세요. 아이디어 내서 학급에서 활동했다던가.. / 자신의 리더의 자질이 있다면 뭐가 있을까요? / 상점은 누가 줬죠? / (삐삐 타이머 울림) 네 시간이 다 되었네요. 수고하셨습니다."
청주교육대학교,초등교육학과,"네, 반가워요. / 음.. 초등교사를 꿈꾸게 된 정확한 시기와 이유를 말해 주세요. / 그렇군요~~. 본인의 장점은 무엇인가요? / 교사에게 가장 필요한 자질이 무엇이라고 생각하나요? / 과학 교사를 꿈꿔온 것 같은데.. (잠시 정적) 나머지 어떻게 가르칠 건가요? / 중고등교사와는 다른 초등교사만의 매력은 무엇이라고 생각하시나요? / 그러면, 학부모와의 갈등 상황에서는 어떻게 대처할 건가요? / 그럼, 대화가 통하지 않는 학부모의 경우에는 어떻게 할 것인가요? / 마지막으로 하고 싶은 말이 있으신가요?"
청주교육대학교,초등교육학과,"네, 자리에 앉으시면 됩니다.(10분 타이머 설정, 학생에게 보이진 않음) / 봉사부 부장으론 어떤 홛동을 하셨죠? / 3학년 1학기에 성적이 하락했는데 그 원인이 무엇입니까? / 네, 학교생활을 하면서 갈등을 해결한 경험이 있나요? / 생기부를 보니 중간에 진로를 바꾼 것 같은데 그 계기가 무엇입니까? / 수업을 하다 보면 수업에 집중하지 않는 학생이 있을 수도 있어요, 그럴 땐 어떻게 대처할 것입니까? / (타이머가 울리고 면접관이 그만 말하라는 뜻으로 손을 들음.) 네, 수고하셨습니다. 나가도 좋습니다."
청주교육대학교,초등교육학과,"1학년 때 학급 내에서 부반장으로 활동을 하셨는데 당시 했던 활동들이 무엇이 있나요? / 생기부를 보면 품앗이 활동을 했다고 나와 있는데, 혹시 설명해 주실 수 있나요? / 학급 내 활동 중 초등교사와 밀접한 활동으로 무엇이 있을까요? / 초등교육에서 가장 중요하다고 생각되는 요소가 무엇인가요? / 혹시 학급 내에서 창의적으로 갈등을 해결한 사례로 무엇이 있을까요? / (이해하지 못한 표정과 함께)혹시 학생은 창의적이라는 말의 정의가 무엇이라고 생각하시나요? / 읽었던 책 중 가장 기억에 남는 책이 무엇인가요? / 동아리 활동 중 가장 기억에 남는 활동으로는 무엇이 있을까요? / 수고하셨습니다."
청주교육대학교,초등교육학과,"네 (앉음) / 인공지능 교사와 인간 교사에 대해 어떻게 생각해요? / 아니 그런데 인공지능이 사실 상담도 더 잘해요. (뭔가 전문 용어, 교육 이론을 들어가시면서 인공지 / 아니 그것도 상담의 영역인 것 같은데, 말했듯이 교육과 상담 모두 인공지능이 더 잘하고, 인공지능 / 그럼 학생 초등교사를 꿈꾸게 된 이유, 초등교육과에 지원한 동기는 뭔가요? / 사범대도 썼나요? / 그래요? 근데 지원동기만 들었을 때는, 중등학교에서도 충분히 할 수 있는 것들로 보여요. / 네 이제 가보셔도 돼요~"
청주교육대학교,초등교육학과,"(인사 없이) 생기부를 보면 지각이 많은데, 이유가 무엇인가요? / 온라인 학습에 대한 주제로 자율 탐구 활동에 참여했다고 되어 있는데, 이에 대해 자세히 설명해주세요. / 온라인 학습의 장단점을 분류했다고 했는데, 장단점은 뭐가 있을까요? / 지금 장·단점을 한 개씩만 말을 했는데, 한 가지 더 말할 수 있나요? / 교실에 수업에 집중하지 못하는 학생이 있으면 어떻게 할 건가요? / ‘극한직업, 선생님을 부탁해’라는 책을 읽으면서 깨달은 점이 있나요? / 네, 알겠습니다. 시간이 다 되었네요. 수고하셨습니다."
청주교육대학교,초등교육학과,넵. 너무 긴장하지 마시고 질문 시작 하곘습니다. 생기부에 교육 관련 내용이 많은데 이 중에서 맞춤 / 학생은 의지가 강한 사람이라고 생각합니까? 그렇다면 그런 의지를 활용한 사례를 한 가지 말해 / 다문화 교육에 대해 관심이 깊은 것 같은데 우리나라의 다문화 교육이 체계적으로 이루어질 수 있는 / 학생이 기발한 아이디어를 내서 활용한 적이 있다면 말해 주세요. / 30초 정도 남았는데 마지막으로 하고 싶으신 말 있으시면 해 주세요. / 수고하셨습니다. 나가보셔도 됩니다.
청주교육대학교,초등교육학과,본인의 장점과 단점을 말해보실래요? / 학교 내에서 발생하는 여러 어려움을 어떻게 극복하셨나요? / 교사가 되기 위해서 필요한 것은 무엇이라고 생각하나요? / 학교생활에서 본인의 장점을 살린 활동이 있나요? / 교사가 되고 싶은 이유는 무엇인가요? / 교사가 된다면 어떤 교사가 되고 싶은가요?
청주교육대학교,초등교육학과,"안녕하세요. 교권 침해에 대해 보고서를 작성하셨던데 교권 보호 방안에 대해 말해 주세요. / 동아리에서 진행한 모의수업에 대해 구체적으로 이야기해 주세요. / 가장 자신 있는 과목은 무엇인가요? / 가장 자신 없는 과목은 무엇인가요? / 초등학교 교사는 모든 과목을 가르쳐야 하는데, 본인이 자신 없는 과목은 어떻게 가르칠 건가요? / 아까 모의수업으로 돌아가서, 플라스틱 빨대가 왜 바다 오염의 주요 원인으로 인식되었을까요? / 그렇군요. 그렇다면 폐기물은 바다 오염과 어떤 관련이 있나요? / 학생들에게 바다 오염 문제를 해결하기 위해 어떤 실천 방안을 제시했나요? / 처음에 사람들은 거북이의 코에 플라스틱 빨대가 꽂혀 있는 장면에 충격을 받았지만, 실제로는 폐 / 본인이 처음으로 플라스틱 빨대가 원인이라고 느꼈던 것은 언제였나요? / 마지막 질문으로, 본인이 중학생 때 모의수업을 기획했다면 잘못된 사실을 전달했을 수도 있겠네요?"
청주교육대학교,초등교육학과,원래는 사회나 역사를 좋아하여 이쪽 관련 교사를 꿈꾼 것으로 보이는데 초등교육과에 지원한 이유 / 본인의 창의력을 발휘하거나 새로운 아이디어를 제시한 활동에는 뭐가 있나요? / 교육 앱을 직접 만드셨어요? 그럼 교육 앱에 대해 자세하게 설명해 주세요. / 앱을 직접 만드셨다는 건가요? / 리더의 경험이 많던데 반에서 갈등 상황을 해결하거나 리더로서 반의 문제를 해결한 경험을 말해보 / 그렇다면 자신이 베푸는 것이 때로는 스트레스로 다가올 수 있을 것 같은데 스트레스를 어떻게 본인 / 본인이 생각하기에 학생과의 좋은 관계는 어떻게 이루어진다고 생각합니까? / 네 그러면 마지막으로 하고 싶은 얘기 해주시면 됩니다.
청주교육대학교,초등교육학과,"오래 기다리느라 힘들지는 않았습니까? / 생활기록부를 보면 고등학교 생활 내내 지리교육과, 지리 교사가 되고 싶다고 기록되어 있는데 초등교 / 학생은 어떤 교사가 좋은 교사라고 생각하십니까? / 다양한 모습의 학생이요? 그렇다면 학생은 학생의 학급의 소극적으로 참여하고 친구들과 원활한 교 / 교사가 직업으로서 가지는 장단점, 솔직하게 답변해 보세요. / 감정적 소모가 크다고 했는데요, 자신의 평소 성격은 어떻고 문제를 어떻게 해결할 수 있을까요? / 학생회장, 1학년당 많은 임원을 맡아서 해 왔네요, 이렇게 임원으로 리더십을 발휘한 경험을 구체적 / 기존에 아무도 해결하지 못한 것을 회장으로서 해결한 경험이 있다면 말해 주세요. / 시간이 얼마 남지 않았는데요. 꼭 하고 싶은 말이 있다면 해 주세요. / 네, 수고하셨습니다."
공군사관학교,-,"그럼 물구나무 서 봐요. / (웃음) 농담이니까 와서 앉으세요. / 1학년 때부터 꾸준히 공군사관학교 진학을 희망했었네요? / 만약 공사 졸업하고 임관하면 어느 계급까지 올라가고 싶어요? / 방금 아까 어떤 면접자도 참모총장 하고 싶다고 했는데 그럼 둘은 경쟁 상대인 거네요. / (웃음) / 체력시험은 어떻게 봤어요? / (끄덕끄덕) 오~ / 여기 발표가 뭔지 자세히 설명해봐요. / 아니 여기 본인이 지원 동기서에도 쓴 (발표내용) 이 발표 말이에요. / 학생들 반응은 어땠나요? / (웃음) 네 알겠어요. / 공군에 관심 많아 보이는데 인상 깊었던 거 있어요? / 화재 저거 신경 쓰지 말고 편하게 이야기 하세요. / 실제로 본 적은 없고? / (끄덕끄덕) 네, 알겠습니다 / 수고했어요. 이제 나가봐도 좋습니다. / 지원 동기 말해봐요. / 예 거기까지 하세요. / 본인에게 군인이 뭐라고 생각해요? / 그 위협이 뭐죠? / 그럼 우리나라의 위협에는 뭐가 있을까요? / (할리갈리 종 타종) 본인 학교 다니면서 교우관계 어땠어요? / 그럼 그 중에서 제일 친한 친구 누구예요? / 친해지게 된 계기 말해봐요. / 학교 다니면서 학생회나 반장 뭐 그런 거 해본 적 있어요? / (다른 주제로 질문했던 것 같음.)"
육군사관학교,-,"네 앉으세요. 1분 동안 제시문 요약하고 의견 제시하세요. / 오, 부대관리 교육훈련..이런 단어를 들으니 평소 군에 대해 관심이 많은 것 같아 보이네요 (웃음) / 추가적인 질문 드리겠습니다. 그렇다면 우리가 북한과 긴장감을 완화시키기 위해선 어떤 노력을 할 / 잘 말했어요. 그런데 다른 측면으로는 어떤 게 있을까요? / 네 잘 알겠습니다."
육군사관학교,-,"안녕하세요. 1분 안에 제시문 요약 후 자신의 의견 답변해 주세요. / (중간에 말을 끊으며) 태양광, 수력 발전소 같은 친환경 발전소는 투자 대비 효율이 안 나와서 사용 / 핵융합 발전소가 핵분열 발전소보다 더욱 안전하다고 하셨는데, 핵융합 폭탄에서 방사능이 나온다는 / 그렇다면 핵융합 에너지를 아직 개발되지 않은 꿈의 에너지라고 말씀하셨는데, 아직 실현되지도 않 / 네 알겠습니다. 수고하셨습니다. / 키가 크네요 몇 cm인가요? / 얼굴이 벌써 군인상이네요, 운동 좋아하나요? / 생기부 3년 모두 육군 장교네요? 왜 장교가 되고 싶나요? / 군인의 멋진 면만 본 것 같아요, 실제 군대는 힘든데 괜찮나요? / 최근에 이슈가 되는 정보 유출 사건을 알고 있나요? / 네 수고하셨습니다. / 네, TV 보고 말해보세요. / 네 수고하셨습니다. / 네, 자신의 성격의 장점 말해보세요. / 네, 자신의 성격의 단점 말해보세요. / 다른 분 질문 없으신가요? (면접관들이 서로를 보며) / 네, 수고하셨습니다. / 네, 생기부 3년 모두 육군 장교네요? / 체력 시험 50점 만점에서 45.25가 나왔는데 어느 종목에서 감점되었나요? / 앞 면접에서 아쉬운 점 있나요? / 말하고 싶었는데 못한 거 있으면 말해 보세요. / (웃으시며) 그러면 장교로서 부족한 점이 있다고 생각하나요? / 알겠습니다. 마지막으로 하고 싶은 말 있나요? / 네, 응원합니다. 수고하셨습니다."
육군사관학교,-,"얘~ 앉아주세요. / 그럼 지문 내용과 이에 대한 생각을 말해 볼까요? / 그렇다면 병역특례자들에 대한 기준을 늘리고 수를 줄이자는 말씀이죠? / 그렇다면 병역특례자들을 군 면제가 아닌 6개월 정도 복무하게 하는 것은 어떻게 생각하시나요? / 국가는 국민의 행복을 보장해 줘야 하는데 왜 억지로 복무하게 하면서 국민의 행복을 저해할까요? / 네 잘 들었습니다. 수고하셨어요~ / 네 안녕하세요. (생기부를 보시며) 어휴 이게 동일 인물이 맞아? 살을 엄청나게 뺐나 보네. / 육사 아니구나? 왜 육사야? 공군 해군도 있는데? / 머리는 그게 뭐야 여기 오겠다고 자른 거예요? / 언제부터 그랬던 거야? 그러면? / 처음에 부모님의 권유로 사관학교에 대해 알게 되었다고 쓰여 있는데 저는 지금 지원동기가 납득이 / 예 그러면 그토록 군인을 꿈꿔오셨으면 군대와 관련한 책도 읽었겠네요? 그중 가장 인상깊었던 책 / 너무 어려운 질문인가 보네 ㅎㅎㅎ 그러면 가장 존경하는 인물 정도로 바꿔줄까요? / 운동 좋아해요? / 부장 경험을 했다고는 하는데 생기부에 적혀있지 않아서 간단하게만 뭐뭐했는지 말해볼래요? / 수고했어요~ 나가보심 됩니다. / 예 해보세요. / 예 수고했어요. / 예 밑에 발판에 맞춰 서보시고 차려 해보실게요. 무릎 최대한 붙여주세요. 네 됐습니다. 양팔 주먹 / 평소 운동 좋아하세요? / 예 수고하셨습니다~ / 예 안녕하세요~ 본인의 장점 말해볼까요? / 또 있나? / 으음~ 그럼 단점도 있나? / 평소 운동 좋아해요? / 오 웨이트~ 3대 몇 정도 치나? / 머리는 왜 그렇게 잘랐어요? / 알겠습니다. 수고했어요. / 앞에 뭐 여러 회복 탄력성, 낙천적 성격 이런 말 했던데 다른 장점 있나? / 머리는 왜 그렇게 잘랐나? / 머리도 짧게 깎고 옷도 검은색 넥타이에 그렇게 매니까 학교에서 혹시 친구들 때리거나 그러고 다 / 저기에 수금 가방까지 들면 완벽할 것 같은데? / 그래요. 지원자가 사관학교에 오기 위해 노력한 부분, 얼마나 진성인지 등 여러 부분에서 높게 평가 / 그래요 수고했어요."
대전과학기술대학교,반려동물학과,"자기 소개 먼저 해 볼까요? / 네, 잘 들었습니다. 그럼 자기 성격의 장점을 이야기해 주시겠어요? / 다음으로 본 대학 합격 후 본인의 대학 생활의 자세 또는 계획에 대해서 말씀해 주세요. / 질문에 진심을 다해 이 학교에 오고 싶고, 자신이 하고자 하는 것이 무엇인지 최선을 다해 답변해"
대전과학기술대학교,뷰티디자인계열,자기소개 해 주세요. / 다른 학교랑 우리 학교 차이점 말해 주세요..
대전과학기술대학교,실내건축디자인과,"안녕하세요. 자리에 앉으셔도 됩니다. 먼저 우리 학교 학과에 지원한 동기와 자기소개를 해주세요. / 네, 좋습니다. 다음으로는 학교를 졸업한 뒤 하고 싶은 일을 말해 주세요. / 교수님들이나 학교에 궁금한 점이 있으신가요? / 그건 우리 학교에 오게 된 뒤 아주 자세히 알려드리도록 하겠습니다! 마지막으로 자신을 어필할 기 / 네, 감사합니다. 나가셔도 됩니다."
대전과학기술대학교,유아교육과,유아교육학과 지원동기? / 유아교육과를 졸업하고 난 후 본인의 진로는 무엇인가요? / 본인의 장점은 무엇인가요? / 본인의 성실도를 10점 만점에 몇 점을 줄 것인가?
대전과학기술대학교,임상병리과,자기소개 먼저 해주세요. / 고교 시절 가장 흥미있던 교과목과 그 이유를 설명해주세요. / 임상병리사가 무슨 일을 하는지 설명해 보세요. / 이제 우리가 학생들과 역할을 바꿔서 궁금한 점이 있다면 답변을 해줄게요. / 우린 자격증이라고 하지 않고 면허증이라고 하는데요. 이 면허증은 학교를 다니다 보면 학교에서 면 / 마지막으로 하고 싶은 말 있나요?
대전과학기술대학교,임상병리과,"안녕하세요. 멀리서 오신 분들이 많네요. 다들 긴장을 좀 한 것 같으니 먼저 본인확인을 하겠습니다. / 네, 다들 와주셔서 감사합니다. 예상 질문은 보고 오셨겠죠? 우선 자기소개 부탁드리겠습니다. / 임상병리사는 어떤 일을 하는지 말해 보세요. / 고교 시절 가장 흥미 있는 교과목은 무엇이었고 이유는 무엇인가요? / 이번에는 서로 역할을 바꿔서 저희 학과에 궁금한 점을 물어보시면 답변해 드리겠습니다. / (자세하게 설명해주심) / (자세하게 설명해 주심) 도움이 되셨나요? / 더 질문 있을까요? 없는 것 같네요. 다들 수고 많으셨고, 조심해서 돌아가세요."
대전과학기술대학교,임상병리과,"안녕하세요. 본인 확인을 위해 1번 수험생부터 이름, 생년월일, 전화번호를 말해주세요. / 왼쪽 수험생부터 자기소개를 해볼까요? / 다들 임상병리사에 대해서 많이 알아보았을텐데요, 임상병리사가 하는 일과 지원 동기를 말해보세요. / 네, 그러면 이번엔 오른쪽 수험생부터 가장 흥미 있는 과목에 대해 말해보세요. / 네, 잘 들었습니다. 그렇다면 이번엔 반대로 여러분들이 학과에 대해서 궁금한 점이 있다면 물어봐 / (실습 수업에 관해 설명해 주심) / 다들 고생 많았습니다. / 나가셔도 좋습니다."
대전과학기술대학교,치위생과,안녕하세요. 자신의 장점을 중심으로 자기소개 해주세요. / 우리 대학 치위생과에 꼭 합격하고 싶은 이유에 대해 말해주세요. / 자신의 인생에서 가끔 보람 있었던 일이 무엇인지 말해주세요. / 여러 가지 일들이 한꺼번에 주어질 때 어떻게 해결하나요? / 팀 수업이나 조별 과제 시 본인이 주로 한 역할과 기여도에 대해 말해 주세요. / 네. 수고하셨습니다. 나가셔도 좋아요.
영남이공대학교,물리치료과,영남이공대학교 물리치료과에 지원한 동기를 말해 보세요. / 자신의 장점과 단점을 포함한 자기소개를 해 보세요. / 물리치료사는 어떤 일을 하는 직업인지 말해보세요. / 입학 후 학업 계획을 말해 보세요. / 하고 싶은 말 준비 해 왔으면 하세요.
우송정보대학,K-뷰티학부,자기 소개해 주세요. / 지원 동기 이야기 해주세요.
우송정보대학,외식조리학부,왜 외식조리학부에 지원하게 된 동기가 무엇인지? / 가장 좋아하는 셰프가 누구인지? / 좋아하는 과일에 대해서 영어로 소개해 보실래요? / 지원자가 살고 있는 지역에 어떤 유명한 식당이 있는지 이야기해 보세요. / 우리 학과에 궁금한 것이 있으면 물어보실래요?
우송정보대학,제과제빵과,자기소개 첫 번째 들어오신 분부터 순서대로 하시면 됩니다. / 졸업 후 자신의 계획에 대해 말해 보세요. / 제과제빵 업무에서 중요하게 생각하는 것이 무엇인지 두어 가지 정도 말해보세요. / 마지막으로 하고 싶은 말이나 질문 있으시면 하세요.
우송정보대학,제과제빵과,점심은 드셨나요? / 앞에 면접이 조금 길어져서 대기가 좀 있었죠? 오래 기다렸겠지만 면접 진행은 빨리 끝날 거예요. 한 / 음식을 만들 때 가장 중요하게 생각하는 것은 무엇인가요? / 우송정보대 졸업 후 계획이 있나요? / 마지막으로 하고 싶은 말이 있나요? / (웃음) 알겠습니다. 수고하셨습니다. 퇴실하셔도 좋습니다.
한국영상대학교,영상편집제작학과,안녕하세요. 앉으세요. / 뭐 타고 오셨나요? / 그렇군요 자 그럼 자기소개부터 해 보세요. / 오~ 준비 많이 했네요. / 그러면 우리 학교의 장점이 뭐라고 생각해요? / 팀프로젝트에서 갈등 상황을 대처한 경험이 있나요? / 그렇다면 10년 후 자신의 미래 모습을 말해 보세요. / 마지막으로 하고 싶은 말 있으면 해 보세요. / 오 팀플에서 꼭 잡아야 될 친구네요. / 학교에 대해서 더 궁금한 점 있나요? / 물론 지도교수와 함께 진행합니다. 교수님들도 모두 늦게까지 대부분 다 계세요 그리고 공모전이나 / 면접 마칠게요. 수고했어요~
한국폴리텍대학교,바이오품질관리과 - 일반전형,먼저 자기소개 부탁드릴게요. / 4년제 대학교에 가지 않고 우리 학교에 지원하게 된 이유는요? / 자신의 롤모델이 있나요? / 이 학과에서 이루고 싶은 목표와 계획은요? / 네. 수고하셨습니다.
가천대학교,AI인문대학,"와주셔서 감사합니다. 시간이 제한되어 있는 관계로 답변이 너무 길어지면 끊을 수 있다는 점 이해 / 그래요. 2학년 독서 시간을 보면 ‘광장’을 보고 토론을 했다고 나와 있는데 어떤 주제로 토론했는 / 학생의 의견은 어땠어요? / 그러면 주인공이 남과 북 중 하나를 선택했어야 했다고 생각하나요? / 주인공 주변에 도움을 청할만한 인물이 있었다고 생각하시나요? / 그렇군요. 3학년 자율활동 시간에는 자연어 처리, 코퍼스 언어학, 인지 언어학에 대해 연구하고 탐구 / 그러면 그 개념들을 실제로 적용해 본 적도 있어요? / 그리고 2학년 고전읽기 시간에 ‘설레는 건 많을수록 좋아’라는 책을 읽었다고 나와 있는데 어떤 / 고전읽기 시간에 고전이 아닌 책을 읽어도 괜찮았던 건가요? / 또 니체의 ‘차라투스트라는 이렇게 말했다’를 읽고 니체와 그의 철학에 대한 탐구를 진행한 다음 / 네, 그러면 말씀해 주세요. / “신은 죽었다”는 말을 어떻게 이해했는데요? / 네, 시간이 다 되었으니 마지막으로 하고 싶은 말이 있으면 해주세요."
가천대학교,건설환경공학과,(긴장 풀기 위한 가벼운 질문은 없었음) 네. 지원동기 설명해 주세요. / 네 알겠습니다. 우리 학과에서는 물리가 중요한데 선택을 하지 않으셨네요. 그렇다면 대학교 때 이러한 / 3학년 기하 시간에 유속 벡터와 관련된 활동을 하셨는데 이에 대해 설명해 주세요. / 어떤 프로그램을 이용해 시뮬레이션을 진행해 보셨나요? / 그러면 강과 하천뿐만 아니라 공간 전체에도 벡터장을 깔 수 있다고 생각하세요? / 네 알겠습니다. 다음 질문 하도록 하겠습니다. 3학년 생명과학2 시간에 미생물을 이용한 하수처리방법 / (이때쯤 시간이 다 됨) 마지막으로 하고 싶은 말이 있으면 말씀해 주세요. / 네. 수고하셨습니다. 이제 나가시면 됩니다.
가천대학교,건축학부,"네. 자리에 앉으세요. 시간 관계상 답변이 30초에서 1분 넘어가면 중간에 끊을 수 있으니 이 점 양해 / 그럼 면접 시작하겠습니다. 먼저 지원동기를 말해 주세요. / 네. 2학년 수학Ⅱ에서 000에 대해 탐구했다고 했는데 여기서 응력이 뭐예요? / 2학년 화학1에서 콘크리트 중성화에 대해 탐구했는데, 이 활동에 대해서 설명해 주세요. / 영어Ⅱ에서 존경하는 영국 건축가에 대해서 소개했는데 이 사람이 누구예요? 헤더윅? / 아 치퍼필드~ 왜? / 그럼 본인이 생각하는 좋은 건축이란 뭐라고 생각해요? / 물리학Ⅱ에서 00에 대해 탐구했는데 여기서 역학적 평형 조건이 뭐예요? / 돌림힘이 뭐예요? / 돌림힘의 공식이 뭐예요? / 그럼 돌림힘의 단위가 뭐예요? / 힘의 단위가 뭐예요? / 힘하고 돌림힘하고 다른 거예요? / (똑똑 소리 들림) 여기까지 할게요. 마지막으로 하고 싶은 말하세요. / 네. 나가셔도 됩니다."
가천대학교,경영학과,지원동기에 대해 말씀해 주세요. / 2학년 국제 경제 시간에 경제 뉴스 기사 작성을 하셨는데 이 활동에 대해 설명해 주세요. / ‘돈의 속성’이란 책을 읽었는데 책 내용 중 기억에 남는 부분이 있으면 말씀해 주세요. / 2학년 확률과 통계 시간에 인구 변화의 경제 성장에 대한 영향에 대한 논문을 읽고 탐구했는데 내용 / 인공지능 수학 시간에 경사하강법을 이용하여 탐구를 진행한 경험이 있는데 설명해 보세요. / 마지막으로 하고 싶은 말을 간단히 해보세요.
가천대학교,경영학과,네 우선 가천대학교에 지원해 주셔서 감사합니다. 지원동기 들어볼 수 있을까요? / 리더를 많이 했네요? 안 힘들었어요? / 수학 시간에 심화 탐구활동으로 경영에 녹아있는 수학을 제시하며 주가변동성 분석과 수익률을 비 / 사회문화에서 계급이론과 기업 마케팅 전략 간의 흥미를 가지고 마르크스의 계급이론을 중심으로 소 / 보드리야르의 기호소비는 무엇인가요 / 마지막으로 하고 싶은 말이 있나요?
가천대학교,경영학과,먼저 우리 학생 가천대학교에 지원해 주셔서 감사합니다. 중간에 노크 소리가 들려도 당황하지 말고 / 모의 창업 활동을 했던데 어떤 비즈니스 모델인지 설명해 줄 수 있나요? / 창업 활동에서 재무제표 개념을 익혔다고 써 있는데 재무제표에 대해 설명해 주세요. / 스마트 헬스케어 산업의 국내 시장과 해외 시장을 비교한 내용을 이야기 해주세요. / 그렇다면 어떤 이유로 국내 시장이 구독형 수익 모델이 활성화되지 못하고 있다고 생각하나요? / 음악이 광고에서 어떤 역할을 한다고 생각하나요? / 자 이제 시간이 다 되었으니 마지막 질문하고 마치도록 하겠습니다. 가치사슬 모형이 무엇인지 이야
가천대학교,금융·빅데이터학부,"3학년 자율적 교육과정으로 넛지라는 책을 읽고 ~ 이러한 활동을 했다고 적혀있어요. 구체적으로 어 / 그 활동에서 카이제곱 검정을 사용했다고 하는데, 카이제곱 검정이 무엇인가요? / 3학년 진로 활동으로 팩트풀니스를 읽고 이런 활동을 했다고 되어 있어요. 맞나요? / 그렇다면 이 도서에서 인상깊은 부분을 포함해, 이후 한 활동까지 구체적으로 설명해 주세요. / 베이즈 정리는 조건부 확률과 관련이 높죠. 확률과 조건부 확률의 차이가 무엇일까요? / 아까 학생이 p값을 설명했는데, 이번엔 그냥 카이제곱 검정을 적용했을 때 나오는 결과값에 대해 / 네 그러세요. / 로그스케일링은 어떨 때 사용되나요?"
가천대학교,미디어커뮤니케이션학과,"앞에 준비된 좌석에 앉으시면 됩니다. / 네. 면접은 10분 정도 진행될 거고 길어지면 답변 중간에 자를 수도 있어요. / 오늘 여기엔 언제쯤 도착했어요? 아침 일찍 왔나? / 어 도착한 지 얼마 안 됐다고요? 그럼 시간이 엄청 촉박하셨겠어요. 긴장도 덜 풀렸겠네요? / 도착한 지 얼마 안 됐으면 아침밥도 못 먹었겠어요. / 오늘 면접 보러 올 때 혼자 왔어요? 아니면 누구랑 같이? / 네, 그렇군요. 그럼 이제부터 면접 진행해 보도록 할게요. 먼저 지원 동기를 말해주세요. / “선생님을 직캠 보듯”이라는 문구를 직접 만들었다 했죠? 그럼 본인이 만든 문구 하나로 반 분위 / 진로 활동에서 예능 프로그램 속 밈의 심리학이란 주제로 탐구 발표를 진행했다고 되어있는데, 이에 / ‘밈’이 뭔가요? 설명해 주실 수 있어요? / 그럼 밈이란 단어가 어디서 왔는지, 어원을 알고 있나요? / 네 알겠습니다. / 세계지리 시간에 한국 방송 프로그램의 글로벌 진출과 현지화 전략에 대해 관련 사례를 조사하고 보 / 아까 밈이랑 심리학 얘기를 했었는데, 그럼 광고에서 이런 심리학 요소가 쓰인 예시도 들어줄 수 있 / 자 이제 면접 시간이 다 되었는데, 마지막으로 하고 싶은 말 있나요? / 네, 수고했습니다. 이제 나가셔도 좋습니다."
가천대학교,바이오로직스학과,"옆에 자리에 앉으시면 됩니다. / 000-0번 맞나요? 답변은 30~60초 사이로 답변해 주시면 되고 중간에 문을 두드려도 당황하시지 / 일단 지원동기 및 학교에 와서 배우고 싶은 것에 대해서 말해보시겠어요? / 알츠하이머 관심 있는 거 같으니 알츠하이머에 관하여 질문하도록 하겠습니다. 알츠하이머는 무슨 이 / 그럼 베타 아밀로이드와 관련 있는 치료제 아는 것 있나요? / 생1에서 콜린에스터 분해 효소 억제제 베타 아밀로이드와 무슨 상관이 있나요? / 물리에서 열역학에 대해서 배운 것 같은데 열역학 제 1, 2법칙에 대해서 알고 있나요? / 제 1법칙은 안 배웠나요? / 흥미로운 게 써 있는데 파동에너지를 활용한 혈액 응고 기술에 대해 말해보세요. / 정확히 어떤 형태의 파동에너지를 사용하는지 아시나요? / (말을 짜르며) 아니 에너지에 대해서만 말해주세요. / 화1 바이오화학 중 에너지 분야에 대해서 가장 기억에 남는 거 하나 말해보시겠어요? / 인공광합성이 뭔가요? / 가장 기억에 남는 실험은 뭐가 있나요? / SRP가 뭔가요? / 단백질의 합성 과정에 대해서 전반적으로 설명해보시겠어요? / (당황) 아니 단백질 합성 과정이요. / 마지막으로 하고 싶은 말 있으면 해주세요. / 네 나가주시면 됩니다."
가천대학교,바이오의료기기학과,(꼬리 질문을 하면서) 또 다른 AI를 이용한 활동은 무엇이 있나요? / 아하!! 파이썬을 했군요! / 혹시 그 내용을 설명해 줄 수 있나요. / 작가가 누구인지 아시나요? / 네~~ 면접을 마치겠습니다!
가천대학교 반도체대학 학생부종합 가천바람개비전형,ㄱ,지원동기 들어볼 수 있을까요? / 물리학Ⅰ에서 도선과 자기장을 측정하는 실험을 했는데 이거 왜 했어요? / 자기장 실험 때 도선에 흐르는 전류에 따라 자기장이 어떻게 변하나요? / 도선에 흐르는 전류에 따라 자기장의 힘이 어떻게 변하나요? / r²에 따라 변한다구요? / 결국에는 공식에 따라 그런거네요? 이게 왜 그런지에 대한 근본적인 원리 탐구는 안 했어요? / 물리학Ⅱ에서 모스펫에 대해 되게 막 탐구를 많이 했네요? 근데 이 누설전류가 뭔가요? / 푸리에 변환에 대해서 설명해 보세요. / 푸리에 변환에서 시간에 대해 미분하면 뭐가 되나요? / 라이다 센서가 뭔지 설명해 주세요. / 이미지요? / 라이다 센서의 원리를 설명해 주세요. / 라이다 센서가 실생활에서 어디에 쓰이는지 알고 있나요? / 함수 f(x)가 미분 가능하기 위한 조건을 말해보세요.
가천대학교,반도체대학,"면접 시작하겠습니다. 지원동기부터 말씀해 주세요. / 전자기 유도가 뭔가요? / 그럼 패러데이 법칙과 옴의 법칙은 무엇인가요? / 그럼 자기장과 전류 사이에는 어떤 관계가 있나요? / 그럼 자기 선속을 변화시키는 방법은 뭐가 있나요? / 수학Ⅱ에서 연예인의 입 모양을 이차함수로 나타내고, 일계도함수, 이계도함수, 삼계도함수를 탐구했 / 그럼 앱을 통해서 만들었다는 거네요? / 그럼 이 활동으로 어떤 의미를 얻었나요? / 미적분 시간에 RC 회로에 대해 미적분을 이용해 공식을 유도하고 증명하는 과정을 탐구했다는데 RC / RC 회로 공식을 유도했다는데, 기억나는 식 같은 거 간단하게 설명해 줄 수 있나요? / 미분가능이 뭔가요? / (그 뒤로 아무 말 안 함.) / 네, 짧게 부탁드립니다."
가천대학교,반도체물리학과,"면접 시작하겠습니다. 질량과 무게의 차이가 뭔가요? / 특수 상대성 이론에 대해 설명해 주세요. / 시간 지연과 길이 수축에 대해 설명해 줄 수 있나요? / 버스에서 다리를 벌리면 무게중심이 아래로 이동한다고 했는데, 그 원리를 설명해 주세요. / 쿨롱 법칙에 대해 설명해 주세요. / 학급에서 주로 어떤 역할로 임하였는지 이야기 해주세요. / 생기부 인성 부문 질문 하나 외 생기부 연관 이론 위주 추가 질문(잘 기억나지 않음)"
가천대학교,사회복지학과,"안녕하십니까. 긴장이 될 수 있지만 천천히 준비하신 대로 길지 않은 분량으로 질문에 대답해 주 / 사회복지학과에서 가장 중요한 역량은 어떤 것이라 생각하나요? / 3학년 생활과 윤리 시간에 이상사회에 대해 발표를 했는데 자신이 생각하는 이상사회는 무엇인가요? / 2학년 윤리와 사상 때는 공리주의와 사회 복지에 대해 이야기를 했는데 공리주의와 사회복지의 / 사회복지제도에 관심이 많아 보이는데 올해 가장 이슈 있는 제도는 무엇이고 해결점은 무엇이라 생 / 3학년 동아리 시간 때 장애인과 노인에 대해 말하였는데 맞나요? / 그럼 장애인과 노인들에게는 어떤 복지를 해야 할까요? (아마 질문이 이게 아닐 텐데 당황해서 질 / 복지 사각지대에 대해 탐구를 하셨는데 복지 사각지대의 심리적 측면과 사회적 측면 두 가지를 제시 / 네네, 천천히 차분하게 대답해 주세요. / (문 앞에서 똑똑 소리가 들려 옴.) 네, 마지막 말 짧게 해주시고 마무리하면 될 것 같습니다. / 네 수고하셨습니다. 나가시면 됩니다."
가천대학교,스마트보안학과,"안녕하세요. 긴장 푸시고 편안하게 자기소개와 지원동기 말하면 됩니다. / (다른 면접관) 가천대학교에 입학하고 나서 학업 계획이 있나요? / 졸업 후에는 뭘 하고 싶어요? / 해시함수에 대해 탐구했는데 해시함수가 뭔지 알려 주세요. / 그럼 해시함수가 어떤 곳에서 활용되는지 말씀해 주세요. / 정확히 어디서 쓰이는지 예시를 아시나요? / 생기부를 보니까 마르코프 체인에 대해서 탐구했던데 마르코프 체인이 어떤 건지 말할 수 있나요? / 그러면 과거에 기반해서 미래를 예측하는 함수라고 생각하는 건가요? / 알겠습니다. / (다른 면접관) 저는 수학 개념에 대해 질문을 드릴게요. 이차방정식을 배웠을 건데 이차방정식의 해 / 수1에서 등비수열에 대해서 배웠을 건데 등비급수가 수렴할 때 공비의 조건에 대해 말씀해 주세요. / 그럼 공비가 1이면 안되나요? / 공비가 1이면 어떻게 되죠? / 진동을 하면서 발산이 됩니다. / 확률과 통계 단원에서 질문을 드릴게요. 정규분포가 뭔지 설명해 주세요. / 그러면 모집단과 표본집합에 대해 아는 것을 말해 주세요. / 표본 표준편차가 뭔지 말해 줄 수 있나요? / 네 알겠습니다. / (다른 면접관) 수고하셨습니다. 이제 나가셔도 좋습니다. / 네, 하셔도 됩니다. / 네 수고하셨습니다."
가천대학교,시스템반도체학과,"(면접 진행 안내를 해주신 후) 지원동기를 알려 주세요. / 다른 학교도 있는데 굳이 가천대에 지원한 이유는 무엇인가요? / 수학Ⅰ에서 삼각함수와 전기 신호 위상 차이에 대해 탐구했는데, 전기 신호 위상이 무엇인가요? / 사인함수와 코사인함수의 차이는 무엇인가요? / 네. 그렇다면 전류의 단위는 무엇이죠? / 미분에 대해 설명해주세요. / 네. 그럼 수학Ⅱ에서 유도 기전력 세기를 미분으로 나타냈다고 하는데, 설명해 주세요. / 유도 기전력은 무엇인가요? / 미적분 교과에서 탐구한 트랜지스터의 손실 전력이 주제인 논문에 대해 설명해주세요. / 전하의 단위는 무엇이죠? / 네 맞아요. 이제 과학 쪽에서 물어볼게요. 물리학Ⅰ에서 트랜지스터와 접합 다이오드의 차이를 탐구 / 정류작용이 무엇이죠? / 고급물리학에서 배운 가우스 법칙에 대해 설명해 주세요. / 마지막으로 하고 싶은 말 있으면 해주세요."
가천대학교,식품영양학과,"학교에 지원하게 된 이유가 무엇인가요? / 균형 잡힌 식단을 조사할 때 해조류, 곡물이 중요하다고 했는데 왜 그렇게 생각하나요? / 육식과 채식에서의 암 발생률에 대해 조사 했다는데 암 발생 확률은 어디가 더 높았나요? / 오메가3 지방산의 섭취가 몸에 미치는 영향에 대해 탐구했다는데, 몸의 어느 부분에 영향을 끼치나요? / 그럼 오메가3 지방산은 어디에 들어있나요? / 화학에서 버블기술에 대해 탐구했다는데 혹시 설명해 줄 수 있나요? / 빵을 좋아해서 2학년에 과거와 현대의 발효법에 대해 발표했다는데, 두 발효법의 차이에 대해 말해 / 그럼 발효가 뭔지 말해 주시겠나요? / 3학년 때 산·염기 평형으로 탐구를 했다는데, 산이랑 염기가 뭔지 말해 주실 수 있나요? / 마지막으로 하고 싶은 말 있나요? / 수고하셨습니다."
가천대학교,자유전공학부(자유전공),"(먼저 유의 사항 설명하심) 그럼 질문하겠습니다. 학교생활 하면서 가장 좋아한 과목이 무엇인가요? / 1학년 사회 시간에 플라스틱 쓰레기를 사회문제로 보고 탐구했다는데, 기억이 나나요? / 제도뿐만 아니라 통합적 관점으로 탐구하였다고 했는데, 기억나지 않나요? / 수학과제탐구 sir 모형에 대해 탐구하셨다고 하는데, 기억하시나요? / 화학 관련 질문 할게요. 탈리도마이드와 이성질체에 대해 탐구한 내용을 말해보세요. / 그 정도면 됐고요. 핸더슨-하셀바흐식이 무엇인가요. / 완충용량이란 무엇인가요? / 그럼 마지막으로 하실 말씀 있나요?"
가천대학교,자유전공학부(자유전공),우선 가천대에 지원해 주셔서 감사합니다. 면접 중간에 노크 소리가 나도 계속 답변해 주시면 됩니다. / 학창 시절에 가장 열심히 한 과목과 동기가 무엇인가요? / 융합과학 시간에 DNA 회복 메커니즘 원리에 대해 알아봤다고 하는데 이에 대해 설명해 주세요. / 어떤 단백질인지 더 자세히 설명해 주실 수 있나요? / 생명공학 분야에 관심 있는 것 같은데 생명공학과 관련해서 물어볼게요. 체세포 유전과 생식세포 유 / 반감기가 뭐죠? / 방사성 탄소 연대 측정법에 대해 설명해 주세요. / 저희가 안 물어봤지만 더 설명하고 싶은 내용 있으면 말해 주세요. / 마지막 하고 싶은 말 있으면 해주세요.
가천대학교,자유전공학부(자유전공),"너무 긴장하지 마시고 차분히 말씀해 주시면 됩니다. 노크 소리가 들려도 놀라지 마시구요. 고등학교 / 그럼 이공계를 지원하지 왜 자유전공학부를 지원했나요? / 네. 미적분으로 넘어갈게요. 미적분 시간에 진행한 단백질분해효소의 반응속도에 대해 자세히 설명해 / 고급생명과학을 들었네요? 그럼 생명과학1부터 올라가 봐요. 생명과학2에서 후성유전학 개념을 탐구 / 유전적 성질이 어떻게 바뀌죠? 염기서열이 막 바뀌는 건가요? / 네 알겠습니다. 고급생명과학에서 알레르기 반응을 여러 단백질을 통해 설명했다고 하는데 한 번 말 / 시간이 거의 다 되어서, 마지막으로 하고 싶은 말 있나요?"
가천대학교,화공생명배터리공학부,"긴장 많이 되셨을 텐데 긴장 풀고 답해주시면 됩니다. 지원동기 해주세요. / 어떤 전문인이 되고 싶으신가요? / 그 진로와 관련하여 아는 것 있나요? / 진학하면 공부하고 싶은 과목이 있을까요? / 물리학2 시간에 후속 활동으로 에너지하베스팅을 조사했는데, 에너지하베스팅이란 무엇인가요? / 압전소자란 무엇이고 원리가 어떻게 되나요? / 전자기 유도란 무엇인가요? / 전자기 유도와 접목하여 한 번 설명해 볼까요? / 3학년 때 바이오디젤 실험 실패를 하고 재실험을 했는데, 실험의 원리와 실패 원인이 무엇인가요? / 촉매란 무엇인가요? / 실험에서 촉매는 무엇이었나요? / 수산화나트륨이 반응에 참여하였나요? / 2학년 진로 시간에 배터리 관리 시스템을 탐구하며 전압 균형이 중요하다고 했는데, 왜 중요한가요? / 외부에서 배터리의 성능향상을 본 것 같은데, 내부에서는 어떻게 성능을 향상시킬 수 있을까요? / 3학년 진로 시간에 고농도 수계 전해질을 탐구했는데 왜 고농도인가요? / 시간이 되어 짧게 마지막 할 말 들어보겠습니다."
가톨릭대학교,간호학과,"네, 안녕하십니까. 저희 학교에 지원해 주셔서 너무 감사드립니다. 바로 면접 시작해 보도록 하겠습 / 1학년 자율 시간에 치매와 구강질환의 연관성에 대해 탐구했던데, 어떤 활동인지 설명해 주실 수 있 / 네, 3학년 진로 시간에 디지털 헬스케어와 간호 분야의 미래라는 주제로 탐구를 진행하고, 각종 디지 / 네. 확률과 통계 과목에서 민감도와 특이도를 활용해 ROC곡선과 AUG를 구하며 최적 임계값을 구했 / 네. 화학 2 과목 시간에 네뷸라이저의 방식이 2가지가 있다고 했는데, 이 두 가지 방식의 차이점을 / 네, 생명과학 2 과목 시간에 메탄올 중독 치료에 관해 탐구하셨는데, 포르메피졸과 에탄올의 차이점 / 네, 고등학교에서 반장을 많이 맡아오셨는데 반장을 해오면서 어려웠던 점과 이를 극복한 방안에 대 / 네, 면접은 여기까지 진행하도록 하겠습니다. 수고하셨습니다."
가톨릭대학교,국사학과,통합사회 과목에서 장애인 이동권에 대해 수업한 적이 있는데 학생은 이동권에 대해 어떻게 생각하 / 어떻게 하면 역사교육을 효율적으로 할 수 있을까요? / 반장으로서 리더십을 발휘한 내용을 말해보세요.
가톨릭대학교,사회복지학과,"네, 앉으시고 준비되셨으면 블라인드 면접 시작하겠습니다. / 3학년 심화국어 시간에 ‘청년 고용 불안은 사회의 몫이다’라는 논제를 설정했는데 왜 이 논제를 / 그러면 청년 고용 불안 문제를 사회적인 측면에서 해결할 수 있는 정책이나 해법을 생각한 게 있나요? / 3학년 사회과제 연구 시간에 보호 종료 아동의 미디어 활동이 사회 참여에 미치는 영향에 대해 탐구 / 그러면 이 활동에서 질적 연구 방법이랑 양적연구방법을 둘 다 사용했는데 어떻게 사용했는지?(영향 / 이제 제가 질문해 보겠습니다~ 1학년 자율활동에서 미디어 소비자로서 역량을 키우는 책을 추천했는 / (말을 끊으시면서) : 그건 알겠는데 책을 어떻게 추천했는지 말해주세요~ / 2학년 때도 보니까 미디어커뮤니케이션 전문가로 진로를 생각했는데 여기는 사회복지학과잖아요? 지 / 그러면 지원자는 전달하고 보도하는 것보다 현장에서 직접 마주하고 싶다는 거네요? (정확히는 기억 / 보니까 봉사활동을 굉장히 많이 했는데 1, 3학년 때 성인 문해 교육 보조교사 활동을 했네요. 어떻게 / 그러면 한글을 가르쳐 드린 건가요? / 마지막으로 질문할게요. 3년 동안 반장을 했는데, 친구들이 지원자를 3년간 반장으로 맡겨준 이유가 / 시간이 다 되어서 여기까지 할게요. 무슨 말인지 충분히 전달되었습니다~ (웃으면서) 수고하셨습니다."
가톨릭대학교,의예과,"질문이 어떤 영역을 선택해야 하는가에 대한 학생의 생각을 묻는 것이 아니라, 의사 결정 과정을 묻"
가톨릭대학교,의예과,질문에 편안하게 답변해 주시면 됩니다. 수업 시간에 온도에 따른 물의 밀도 변화 현상에 감명받아 / 사회·문화적 가치 중 ‘도덕성’을 선택해 마약을 함부로 처방해 주는 의료인을 비판한 내용의 자 / 학급 부회장으로 활동하면서 학급 내 지각자 예방 규칙에 대해 무작위로 징계성 발언만 내세우던 학 / 숏폼 콘텐츠의 부정적인 영향을 해결하기 위한 ‘뇌과학 기반 메타인지 콘텐츠’를 제시하였다고 하 / 간헐적 단식의 효과인 자가포식과 연관 지어 '리소좀의 자가포식 작용과 손상된 조직의 재생 메커니 / 유전자 재조합 기술을 이용해 효소를 만들고 이를 체내에 주입하는 효소 대체 요법을 제시하고 이후 / 면접 종료되었습니다. 수고하셨습니다. / 네 바로 답변해 주시면 됩니다. / 시간 아직 남았으니까 추가적으로 답변하고 싶은 것 편하게 말해 주시면 됩니다. / 혹시 세 번째 질문에 대해서 추가적으로 보완하실 내용 없나요? / 수고하셨습니다.
강서대학교,G2빅데이터경영학과,수고하셨습니다.
건국대학교,KU자유전공학부,"2학년 자율시간에 다양한 약물을 카페 메뉴로 표현했다고 하였는데, 이에 대해 설명해 주세요. / 논술 시간에 '한방 암 치료의 기적'이라는 책을 읽고, 한방치료를 통해 환자를 치료할 수 있음을 배 / 복약 보조 시스템을 설계했다고 하는데 이에 대해 설명해 주세요. / 약물 간의 상호작용은 어떻게 알아보셨나요? / 그렇다면 어떤 약물을 먹고 다른 약물을 복용하기까지 얼마의 시간을 기다려야 하는지는 어떻게 탐 / mof-janus 세포에 대해 탐구했다고 하는데 설명해 주세요. / 그렇다면 그 세포는 약물을 어떻게 저장하나요? / ph를 활용한 약물 전달 방식을 생각하신 건가요? / 우리 몸에서는 공통된 ph 환경을 가진다고 알고 있는데요? / 그렇다면 ph의 정의는 무엇인가요? / ph를 구하는 식을 설명해 주세요. / 0.1몰농도의 HCl의 ph는 몇인가요? / 0.1몰농도의 NaOH의 ph는 몇인가요? / 왜 13인지 설명해 주세요. / 그러니까 14라는 숫자의 원리가 뭔지를 묻고 있는 것입니다. / 아레니우스 산을 구하는 식을 설명해 주세요. / 화학 센서를 이용한 바이오센서를 이용하여 코로나 진단키트를 생각하였다고 했는데, 우리가 사용했 / 10분이 다 지났는데 마지막으로 하고 싶은 말 있으시면 해주세요."
44,,"생명과학 실험 시간에 알지네이트 비드 실험 과정 알려 주세요. / 이거 하고 비료와 관련해서도 활동한 거 같은데 설명해 주시겠어요? / 이거 직접 해본 거예요? / 화학실험 시간에 a실험 b실험 c실험 d실험 등 다양하게 해봤는데 b실험 과정 알려 주세요. / 이 실험에서 구리의 질량 어떻게 구해요? / 패러데이 법칙 간략하게 설명해 주실 수 있나요? / 오존과 같은 산화제가 식물에 미치는 영향을 알아보고자 실험을 했다고 하는데 오존의 화학식이 뭐 / 네 그럼 오존에서 산소의 산화수가 몇이에요? / 네, 이 오존의 대체제를 과산화수소로 대체하여 실험했다고 하는데 왜 대체했죠? / 네 그럼 산화제가 뭐에요? / 그럼 산화제는 산소를 얻는 건가요? 잃는 건가요? / 과산화수소 화학식 뭐에요? / 생명과학 실험 시간에 알지네이트 비드 실험 과정 알려 주세요. / 이거 하고 비료와 관련해서도 활동한 거 같은데 설명해 주시겠어요? / 이거 직접 해본 거예요? / 화학실험 시간에 a실험 b실험 c실험 d실험 등 다양하게 해봤는데 b실험 과정 알려 주세요. / 이 실험에서 구리의 질량 어떻게 구해요? / 패러데이 법칙 간략하게 설명해 주실 수 있나요? / 오존과 같은 산화제가 식물에 미치는 영향을 알아보고자 실험을 했다고 하는데 오존의 화학식이 뭐 / 네 그럼 오존에서 산소의 산화수가 몇이에요? / 네, 이 오존의 대체제를 과산화수소로 대체하여 실험했다고 하는데 왜 대체했죠? / 네 그럼 산화제가 뭐에요? / 그럼 산화제는 산소를 얻는 건가요? 잃는 건가요? / 그럼 여기서 과산화수소에서 산소 산화수 뭐에요? / 본인 기숙사 생활하면서 생활 팀장까지 했다고 하는데 3년간 생활하면서 인상깊었던 거 있어요? / 마지막으로 하고 싶은 말 있어요? / 수고했어요~"
건국대학교,KU자유전공학부,"공동교육과정으로 고급화학이나 고급생명과학 등을 수강하셨는데, 수강하게 된 이유가 있을까요? / 그 질문들은 구체적으로 어떤 것이었나요? / 동아리 활동 중 수행한 DNA 전기영동 실험에서 완충용액의 pH와 조성변화가 DNA의 이동 거리 및 / pH의 정의에 대해 설명해 주세요. / 0.1몰 염산 용액의 pH는 얼마일까요? / 그러면 0.1몰 수산화나트륨 용액의 pH는 얼마일까요? / 왜 14까지 있을까요? / 단일결합, 이중결합, 삼중결합 할 때 오비탈의 혼성을 그림과 분자오비탈을 바탕으로 알기 쉽게 설명 / 그럼 이때 나머지 2P 오비탈은 어떻게 되나요? / 네, 이 정도면 충분한 것 같습니다. / 전자 수송 효율에 영향을 미치는 파이전자의 편재화 정도에 주목해 HOMO-LUMO 에너지 갭에 대하 / 수산화나트륨과 염산의 반응 실험을 통해 반응열과 반응엔탈피의 차이를 설명했다고 했는데, 이 차이는 무엇일까요? / 마지막으로 하고 싶은 말 있나요?"
건국대학교,KU자유전공학부,초발수 코팅 유리 실험을 하고 접촉각과 영의방정식을 도출했다고 적혀있는데 접촉각이 뭔가요? / 영의방정식은 뭐에요? / 표면장력이 뭐예요? / 어떤 힘이 작용한다는 거죠? / 생활과 과학 시간에 계면활성제에 대해 배웠는데 계면활성제가 오염물을 제거하는 원리를 설명해 주 / 계면활성제의 구조가 뭔지 아시나요? / 가정과학 시간에 활성산소로 산화 스트레스가 일어난다는 것을 탐구했다고 적혀있는데 설명해 주시 / 그런데 나는 활성산소가 필요하다고 생각한다고 주장하셨는데 그렇게 주장한 이유가 뭔가요? / 오브알부민 유전자 제거 변형 닭 생산에 관한 문헌을 탐구하고 발표하는데 강한 자신감을 보였다고 / 질문받았으면 했던 부분이나 마지막으로 하고 싶은 말 있으면 해주세요.
건국대학교,KU자유전공학부,"아이스브레이킹 해주심. / 이제 질문할게요. 엑소좀과 줄기세포 등 생명과학에 대해서 많이 탐구하셨어요. 엑소좀이 뭔지 간단 / 그러면 엑소좀이 어디에 쓰일 수 있고 특성이 뭐죠? / 네. 그러면 이제 줄기세포에 대해 설명해 줄래요? / 동물 실험, 임상 실험이 있는데 왜 굳이 오가노이드로 실험해야 할까요? 그리고 효율성이 있다고 했 / 생기부 보면 조직 특이성과 보편성에 대해서 언급한 점이 굉장히 독특해요. 이 점에 대해서 설명해 / 조직 보편성이 뭐라고 하셨죠? / 말하다가 역분화나 재분화에 대해서 말해 주셨어요. 개념 설명해 주세요. / 재분화가 학생이 말한 개념이 맞죠? (인정하라는 식으로 함정 질문하심.) / 교수님이 웃으시면서 그렇죠? ㅎㅎ 네. 답변해주셔서 감사합니다. (옆 면접관님께 토스함.) / 학교에서 하지 않은 과목을 수강했어요. 고급 화학? / 고급 화학은 위계 질서가 안 맞아서 수강하는데 어려움을 겪었을 것 같아요. 어떻게 해결했어요? / 배우면서 하나 인상 깊은 것은? / 봉사 시간이 굉장히 많아요. 그 중 학교 행사를 3년 동안 한 게 있어요. 이 활동에 대해 설명해 주고 / (두 분 다 굉장히 놀라심.) 와. 대단하네요. 쉽지 않은 결정이었을텐데 부모님이 반대하시진 않으셨나요? / 그동안 말한 것 중에 준비해 온 것 중에 못 말한 탐구 같은 것이 있을까요? / 수고했어요. 조심히 들어가요~"
건국대학교,KU자유전공학부,"네, 자리에 앉아 주세요. 오늘 옷이랑 신발까지 모두 검정색으로 갖춰 입고 오셨네요. 검정색을 굉 / 지금부터 이렇게 편안하게 이야기 해주시면 됩니다. 지금부터 질문드리겠습니다. 3학년 자율활동 시간에 / KIR억제 수용체를 효과적으로 자극하기 위한 방법에 성공했다고도 했는데 이에 대해서도 설명해 주 / HLA-C는 세포 안에 발현되나요? 아니면 세포 밖에 발현되는 건가요? / 다음 질문으로 넘어가겠습니다. 과학탐구실험에서 DNA메틸화에 의한 변화는 형질에 영향을 줄 수 / DNA메틸화를 하면 그 유전자는 더 많아지나요, 아니면 더 적어지나요? 실제로 그 유전자가 있는 / 네, 알겠습니다. 화학Ⅰ 시간에 공유결합과 배위결합의 차이에 대해 발표했다고 나와 있는데 이 공 / 배위결합의 예시를 들어줄 수 있나요? / 여기 착화합물과 킬레이트 효과에 대해서도 탐구했다고 나와 있는데 킬레이트 효과가 무엇인지 설 / 식물에 이 EDTA를 뿌려서 식물이 더 잘 자라게 해주었군요. (면접관2에게) 이제 시간이 많이 안 남 / 학교생활 동안 봉사를 굉장히 많이 하셨던데요, 3년 동안 봉사 시간이 153시간이나 되네요. (이때 면 / 이제 30초 정도 남았습니다. 마지막으로 하고 싶은 말이나 보여 주고 싶었는데 말하지 못한 내용이"
건국대학교,KU자유전공학부,미생물용출법에 대해 탐구를 진행하였는데 미생물용출법이 무엇인가요? / 프로젝트 봉사활동을 진행하였었는데 무슨 내용인지 자세히 서술해 주세요. / 라이터 속에 들어있는 미지의 기체 분석 실험을 했다는데 구체적으로 설명해 주세요.
건국대학교,기계·로봇·자동차공학부,"시간이 없으니 바로 질문하겠습니다. 편하게 대답하세요. / (컴퓨터 스크롤을 내리며) 미적분 시간에 어려운 걸 했던데, (컴퓨터 스크롤을 또 내리며) 브라운 운 / 근데 확률과 통계를 안 하셨네요? 지원자들 중에서도 좀 특이하네요. / 특이한 학교네. 시간이 없으니 여기까지 듣겠습니다. (옆의 면접관님 바라보심) / 수학 시간에 페이퍼 퓨지의 주기를 모델링했다던데 이게 무슨 활동이죠? / 네. / 이걸 어디에 쓰려고 했나요? (딱히 흥미롭다는 표정은 아니셨고, '이걸 굳이 탐구한 이유나 들어보자' / 네, 여기까지 듣겠습니다. / 해수 전지를 이용한 해수 담수화의 실현 가능성에 대해 탐구하셨던데, 해수 전지가 뭔가요? / (피식 웃으시며) 네, 압니다. / 근데 이게 상용화가 된 건가요? / 여태 상용화가 안 됐으면 쓸모없는 기술 아닌가요? / (웃으시며) 상용화가 안 되는 이유를 물어보려고 했던 거예요. 시간이 없으니 여기까지 듣겠습니다. / 적정 기술에 관심이 많던데, 왜죠? / (웃으시며) 답변이 길어질 것 같으니 여기까지 듣겠습니다. (10분 타이머 울림) / 마지막으로 하고 싶은 말이 있나요? (예의상 물어보시는 말투로) / 네, 좋습니다."
건국대학교,동물자원·식품과학·유통학부,"안녕하세요. 오는 길은 안 힘들었어요? 밥은 먹었나요? / 그래도 밥은 먹어야 해요. 이제 면접 시작할게요. 먼저 2학년 때 tds와 bod를 활용하여 수질 측정 / 그 개념은 이미 알고 있고, 실험을 어떻게 진행했는지 설명해 주세요. / 시행착오는 없었나요? / 아 그게 시행착오~(자꾸 말을 끊으심) / (웃으며) 결과 측정은 minimal 3번이죠. / 아까 tds, bod 개념 설명하려던 거.. bod 개념에 대해서 말해 주세요. / 고등학교 3년 내내 식품공학을 희망하셨는데, 그 계기가 있나요? / 네, 고등학교 1학년 반장 활동을 하면서 리더십, 책임감, 소통능력... (생기부에 기재된 내용)이 있다 / 네, 이제 교과 활동 질문할게요. 2학년 수학 시간에 3D 프린터를 미분을 활용하여 설명하셨다고 하 / 다시 질문드릴게요. 2학년 수2시간에... (생기부 읽으심) / 1학년 때 다이어트 효소에 대해서 친구들에게 발표했다고 하는데, 다이어트 효소가 뭐죠? / (웃으며) 반대 아닌가? / 여기 생기부에 써 있어요. 친구들에게 다이어트 효소의... (생기부 읽으심) / 3학년 생2 시간에 RNA 스플라이싱 과정에 대해 심화탐구했다고 나와 있어요. 설명해 주세요. / 시간이 다 됐네요. 수고했어요."
건국대학교,동물자원·식품과학·유통학부,"네, 안녕하세요~ 우리 학교에 지원해 주셔서 감사합니다. 면접은 생활기록부 기반으로 질문하고, 질문에 잘 / 사회 문제 탐구 시간에 ‘급식 식단의 탄수화물 함량 정도와 식후 혈당량 및 집중도의 상관관계’에 / 오오 20명? / 아... 실제로 그런 상관관계가 나왔어요? / 아 실제로 그럴 것 같네요. (식단 메뉴를 듣고 조금 웃기시는지 웃으면서 말씀하심.) / 그리고 플라즈마 활성수를 활용한 세척기를 가상 개발하는 활동을 했던데. 이거 이미 있는데. / 네 이게 플라즈마가 세척 효과가 있잖아요. / 네네 맞아요. 이거 근데 이미 실제로 사용되고 있어요~ / (웃음) / 그리고 국민연금 개혁에 관해 탐구도 했던데. 이거 한번 말해볼래요? / 그걸 어떻게 계산했죠? / 아아 홈페이지. / 세대 별로요? / 아아 네~ / 그리고 음. 식품 사막이 뭐죠? / 그거에 관해서도 설명해 줄래요? / 아~ 네. / 근데 식품 사막인 지역인데 어떻게 주변 가게에서 음식을 공급받죠? / 아아 그런 식으로~ / 아~ 네, 그럼 방금 말한 거랑 비슷한 맥락인 것 같은데. 저알레르기 식품에 관해서 탐구했던 거 설명 / 실제로 분해했어요?? (논문 연구 사례를 봤다고 말씀드렸는데 못 들으신 듯.) / 아~ 네. / 어떤 식품인가요? / 아 계속하세요! 간단하게 말해 주세요. / 아 네~ 알겠습니다. 이제 시간이 30초 정도 남았는데 마지막으로 하고 싶은 말 있으신가요?"
건국대학교,동물자원·식품과학·유통학부,"자, 준비해 온 거 열심히 대답하고, 잘 모르겠는 질문도 힘차게 대답해 봐요. 너무 긴장하지 말고 열 / (3학년 사문탐)급식 노동 인식 강도와 급식 노동자의 권리 주장에 대한 탐구를 했는데 왜 한 거예요? / 직접 조사했던 거예요? 학생들을 대상으로? / 흠 그렇구나. 결과가 어땠어요? / 아~~ㅎㅎ 선생님의 노동 정도하고 비교를 했었던 거예요? 근데 20프로는 비슷하다고 생각했고?? / 거기에 대한 본인의 생각은 어때요? / 후에 뭐 친구들한테 피드백을 받거나 그런 거 했었어요? / 친구들 반응이 어땠어요? / 아 좋았어요??ㅋㅋ / (1학년 수업량 유연화) 통합 사회 때 공정무역도 했고, 수업량 유연화로 동물 복지를 했네요. 그런데 / 돈사를 어떻게 제작했는지? 어떻게 동물 복지로 지은 걸까? / 실제 돈사도 참고했어요? / (이것도 1학년 수업량유연화) 자발적 동물 복지 유도? 이게 뭘까? / 자발적 동물 복지 유도? 이게 뭔지 설명해 줘요. / 평소에 동물 복지에 관심이 많아요? / 평소에 동물 복지 식품을 많이 산다던가 그래요? / 오 본인은 비건은 아니고? / (2학년 동아리) 저는 간단하게 질문 한 개만 할게요. 계면활성제가 식품에서 어떻게 활용되나요? / 이제 40초밖에 안 남았는데 마지막으로 하고 싶은 말 있으면 해볼래요?"
건국대학교,물리학과,"(긴장 풀라는 말, 생각이 안 남.) / 3학년 때 물리학 학급 000 활동을 하셨는데 활동의 동기는 무엇이고 어떤 역할을 하셨나요? / 3년 동안 꾸준히 비슷한 활동을 하셨는데 매번 그렇게 자료를 제작하는 게 학습에 방해가 되지는 않 / 학급 친구들이 자료를 실제로 보고 도움을 받았나요? / 이미 있는 시뮬레이션에서 변수들을 바꾸어가며 포물선 궤적을 확인한 것인가요? 아니면 변수 값으 / 그렇게 확인해 보면 재밌죠? / 원래 천체물리학 분야를 희망하셨다가 입자물리학 분야로 바꾸셨네요. 사실 이 두 분야가 어떻게 보 / ‘파인만의 여섯 가지 물리 이야기’책을 읽으셨네요. 사실 이 책이 물리학과를 희망하는 학생들이 / 과학을 어떻게 정의 내릴 수 있게 되었나요? / 그럼 실험이 아닌 것은 과학이 아닌 건가요? / 그럼 아까의 정의와 모순되는 점이 있지 않나요? 이에 대해서는 어떻게 생각하시나요? / 3학년 동아리 시간에 RC, RL 회로를 이용한 실험을 진행하셨다고 하셨는데 실험 과정이랑 어려움이 / 시간이 다 되었는데 마지막으로 하고 싶은 말 있나요?"
건국대학교,부동산학과,"면접 시작하겠습니다. 아침 먹었어요? / 곧 점심시간이니 끝나고 먹어야겠네요. 배고프겠네요. / 동아리 활동 때 부동산 지수의 공공기관 지수와 민간기관 지수를 탐구하였던데 그것에 관하여 설명 / 그럼 공공기관의 지수와 민간기관의 지수를 탐구한 이유는 무엇인가요? / 영어 독해와 작문 시간에 K-pop 산업의 현황과 미래 방향성과 관련해서 탐구했던데, 이에 대해서 설 / 그럼 탐구했던 내용에 관해서 생각나는 영단어 5개 정도만 말해보실 수 있을까요?"
건국대학교,식량자원과학과,"많이 긴장되죠? 고등학교 3년 동안 이 순간을 위해 달려온 거잖아요. (아이스 브레이킹인 듯) / 네, 바로 시작하겠습니다. 학생이 우리 학과에 지원하게 된 동기가 무엇인가요? / 지향하는 바가 맞아서 지원하셨다고 말하셨는데, 지향하는 바가 정확히 무엇인가요? / 이런 말 하기 뭐하지만, 농업이라는 건 결국 그냥 많이 투입해서 뭐 어떻게든 생산량만 많게 하면 / 다음 질문하겠습니다. 진로활동에 AFLP의 원리를 이해하고 실험을 하셨다고 되어 있는데요. 이게 정 / 그러한 효소를 뭐라고 부르죠? / 아니, 그러니까 학생 수준에서 어떠한 실험을 했다는 거잖아요? 그 과정을 물어본 겁니다.(압박인 듯) / 조사한 다른 분자마커가 있었나요? 왜 하필 AFLP로 정했는지가 궁금합니다. / AFLP는 본인이 정한 거예요? 아니면 뭐 선생님이나 다른 사람이 정해준 거예요? (이것도 압박인 듯) / 동아리 활동에 배수체 반수체 육종을 쓰셨는데요, 이런 대표적인 예가 있을까요? / 2배체가 아니라 4배체죠. (웃으면서 말씀하시긴 했음) / 씨 없는 수박은 콜히친 처리를 통해 만들어진다고 하셨는데, 이러한 콜히친이 인체에 악영향을 끼치 / 번식이 불가능한 씨 없는 수박을 계속 새로 만들어야 한다면 가격이 비싸지지 않을까요? / 다음으로 사회문제탐구 과목에서 친환경 농산물에 대한 설문조사를 하셨다고 했는데요, 결과가 어땠 / 정말 친환경 농산물이 수요가 있을까요? (잘 기억이 안 나는데 이런 부정적인 투였음) / 그런데, 아까 화학약품 처리를 한 배수체, 반수체 육종은 긍정하셨으면서 여기서는 친환경을 해야 한 / 그렇군요. (의문스러운 표정. 갸우뚱하는 고개. 압박인지 진짜 마음에 안 들었던 건지 모르겠음) / 이제 시간이 ~초 정도 남은 것 같은데요, 마지막으로 하고 싶은 말이 있나요? / 그럴 수 있죠. 긴장하고 했으니까~ (위로해 주셔서 더 눈물 남;;) / 네 수고하셨습니다."
건국대학교,영어영문학과,"아침 일찍 준비하고 오는데 긴장되진 않으셨나요? / 네, 편하게 답변해 주세요. 그럼 바로 질문 시작하겠습니다. 영어 독해와 작문 시간에 영어 교육 혁신을 / 네, 편한 대로 하세요~ / 기술을 활용한다는 건 어떤 기술을 말하는 거죠? / 그렇군요. 생활기록부 활동들을 보니 교육에 관심이 많은 것 같아요. 그런데 건국대에는 영어교육과 / (뚝) 아 네, 너무 긴 것 같아서... 2학년 때 미디어 리터러시 교육의 해외 사례와 국내 현황을 비교했 / 미디어 리터러시 교육의 대상은 누구죠? / 네. 이제 40초 정도 남아서, 마지막으로 하고 싶은 말 있으면 해주세요."
건국대학교,응용통계학과,"네 앉으시면 되구요. 바로 시작하겠습니다. / 간단하게 자기소개 해주세요. / 수면의 질과 수면시간 간의 상관관계를 따지는 활동을 했던데 어떤 생각으로, 그러니까 어쩌다 그런 / 결과는 어땠나요? / 호흡기 질환 발생 데이터와 대기질 농도 데이터의 연관도를 탐구하는 활동을 하셨던데 구체적으로 / 아, 그리고 이 활동에서 다중회귀분석을 다루고 선형성, 등분산성, 정규성, 다중공선성, 자기 상관성 / 아. 그러니까 다중공선성이라는 게 독립변수들 간의 강한 상관관계가 형성되면 안된다... 이 뜻인가요? / 그러면 이제 시간이 얼마 안 남아서 마지막으로 할 말 있으면 해보세요."
건국대학교,재료공학과,"지원동기를 편하게 말해보세요. / 나일론 합성 실험의 원리에 대해 말해보세요. / 그렇게 해서 생성되는 게 뭐죠? (좀 다른 결의 질문이었는데 기억이 잘 안 남, 별로 중요하지 않은 / 페로브스카이트 관련 특강을 들었는데, 이에 대해 말해보세요. / 페로브스카이트의 구조가 어떻게 되죠? / 생기부에 보면 탄소나노튜브가 연료 감응형 태양전지에 활용된 방안을 탐구했다고 했는데, CNT가 어떤 / 3학년 때 밀웜을 활용한 플라스틱 분해실험을 했었는데, 분해율이 가장 높은 플라스틱을 어떻게 판단했 / 연잎효과를 이용한 초발수 코팅 실험을 했는데, 여기에서 초발수 효과를 일으키는 구조의 이름을 / 초발수 코팅 실험의 원리를 설명해 보세요. / COOH의 반응기의 이름을 뭐라고 하나요? / 교과 활동에서 배운 것들을 활용해서 실생활의 문제를 해결한 사례가 있다면 말해 주세요. / 네! 괜찮습니다. (다행히 흔쾌히 대답해 주심) / 네, 1학년 때 조용한 리더십을 발휘했다고 나와 있는데, 소외된 친구를 도와줬던 구체적 경험을 말해주세요. / 리더 활동을 많이 했는데, 활동하면서 어려웠던 점을 말해보세요. / 마지막으로 하고 싶은 말이 있다면 하세요."
건국대학교,재료공학과,밖에 날씨가 추운데 올 때 괜찮았나요? / 긴장 많이 되나요? / 일단 가벼운 질문부터 하겠습니다. 학급 반장으로서 리더십을 보여준 사례가 있을까요? / 화학2 시간에 한 일회용 가스라이터 속 미지시료의 분자량 측정 실험에 대해서 설명해 주세요. / 일회용 가스라이터 속에 들어있던 기체는 어떤 기체였나요? / 실험에서 얻은 분자량 값과 실제 분자량 값과 같을 수 없지 않나요? / 물리학2에서 단진자 주기 측정 실험을 하셨는데 어떤 독립변인을 설정하여 실험을 하셨나요? / 3학년 동아리 시간에 자가 치유 필름을 만들어서 시판 필름과 비교하는 실험을 했다고 하셨는데 제 / 자가 치유 하이드로겔에 대해서도 탐구했다고 하셨는데 하이드로겔이 무엇인지와 자가 치유 하이드 / 2학년 때 한 ~~실험에 대한 과정 및 결과를 설명해 주세요. / 산화 환원 반응에 대해서 설명해 주세요. / 이제 면접 시간이 30초 정도 남았는데 마지막으로 할 말이 있을까요? / 네 이제 나가셔도 됩니다.
건국대학교,전기전자공학부,"처음으로 자기소개 한 번만 해주세요. 간단하게 / 김○○ 교수님께서 오셨어야 했는데… / 광전효과에 대해서 실험을 했는데, 광전효과가 뭔가요? / 이때 실험 재료로 프리즘을 썼나요? 셀로판지를 썼나요? / 광원으로는 무엇을 사용했나요? / 1학년 때 fpga, asic 반도체에 관해 탐구했다는데 이거는 뭔가요? / 그러면 ic가 무엇의 약어인지는 아시나요? / ic는 직접 회로/intergrated circuit의 약어입니다. 그래서 asic는 application-specific ic의 약어로 특 / 3학년 탐구 시간에 증착 공정에서의 오염 물질에 대해서 탐구했다는데 그것이 왜 발생하나요? / 어떤 오염 물질을 조사했나요? / 증착 공정은 왜 필요한가요? / 정교하게요? 그거보다는 전선을 가로와 세로로 배열하여... (전공 내용을 설명해 주셨는데 까먹음) / 동아리 시간에 태양전지 비행기 실험을 했는데 기억나나요? / 몇 명이서 했나요? / 계속 설명해 주세요. / 그러면 이 실험에서는 비행기가 계속 내려갔나요? / 왜 그런가요? / 그러면 모터를 달지 않은 비행기로는 실험하지 않았나요? 이게 대조군이 있었다면 훨씬 좋았을 것 / 마지막으로 하고 싶은 말 간단히 해주세요."
건국대학교,전기전자공학부,"네, 자리에 앉아 주세요. / 밥은 먹고 왔나요? / 그럼 먼저 지원동기 말해볼까요? / (잠깐의 정적) 아두이노...? 아두이노를 배우고 싶어서 이 학과에 지원한 건가? / 대학에 와서 이 학과에서 배우고 싶은 내용이 뭔가요? 구체적으로 뭔가 있을 거잖아요. / (끄덕끄덕) IoT가 무슨 약자인지 아나요? IoT란 무엇인가요? / 2학년 자율시간에 광센서와 트랜지스터로 한 활동은 뭔가요? / 아, 그러면 컴퓨터와 연결해서 한 활동은 아니네요? / 2학년 때 한 활동인데 너무 간단한 활동 아닌가요? / 2학년 진로 시간에 양자 역학과 관련해서 탐구를 해 본 것 같은데, 이것에 대해서 설명해 줄 수 있 / 너무 길어요. / 2학년 화학 I 생기부에 웨어러블 나노 발전기 얘기가 나오는데, 웨어러블 나노 발전기의 원리가 뭔가요? / 좀 더 자세히 말해줄 수 있을까요? / 아, 기계적 움직임이 아니라 이온을 통해서 무엇을 하는 건가요...? / 무선 통신 변조 방식에 대해서 탐구할 내용이 있네요. ASK, FSK, PSK에 대해서 탐구했는데 각각의 / FSK는 말 안 했는데... / 시간이 얼마 안 남았는데, 하나 더 물어볼까, 마지막으로 하고 싶은 말 물어볼까... (잠시 정적) 마지 / (미소 지으며) 네, 알겠습니다. 이제 나가보시면 됩니다."
건국대학교,지리학과,"(제일 마지막 순번이었음) 오늘 마지막 면접인데 기다리느라 힘들지 않으셨나요? / 그럼 질문 하겠습니다, 생기부에 전반적으로 통계에 관한 내용이 많았는데, 통계와 지리는 어떤 관계 / 네, spss와 같은 도구를 이용하여 탐구하였는데 직접 한 건가요? / 누가 도와주거나 도움을 받진 않았나요? / 네, 알겠습니다. 2학년 한국 지리 때 몽골의 울란바토르시와 달성군을 비교하여 도시구조이론에 대한 / 네, 그럼 이러한 탐구를 통해 알게 된 도시구조이론에 관한 지식이 있다면 말해 주세요. / 네, 그럼 그러한 유동적인 측면이 나타나는 한국의 예시를 하나 말씀해 주세요. / 그럼 몽골에도 5일장이 있을까요? / 네, 알겠습니다. 마지막으로 하고 싶은 말 있으면 해주세요."
건국대학교,행정학과,오는데 안 힘들었어요? 학교 어때요? / 자기 주도 봉사활동으로 생계형 범죄 인식 개선 활동을 했는데 말해보세요. / 구체적으로 어떤 이유? / 어떤 범죄를 저지르나요? / 인식 개선을 해야 한다고 생각하시나요? / 다문화 정책을 조사했던 활동에 대해 말해보세요. / 영화 투모로우? 이거 내가 일고 있는 그 재난 영화 맞죠? 여기에서 문제점을 발견했다고요? 나는 영화를 / 아. 여기까지 설명이면 충분할 것 같아요. / 행정 공무원이 꿈이라고요? 지금도 그 꿈이 유효한가요? / 어떤 공무원이 되고 싶나요? / 공무원이 어떻게 되는지 알고 있나요? / 링겔만 효과와 정책 참여율이 무슨 상관이 있나요? / 음. 그런데 투명하게 공개하는 건 이미 하고 있는 거 아닌가요? 뭐 어떻게 더 할 수 있는 부분이 있나요? / 이제 시간이 다 되었네요. 마지막으로 하고 싶은 말이 있나요?
건국대학교,행정학과,"면접 시작하겠습니다. 3학년 때 학생회장을 한 것 같은데, 굉장히 힘들었을 것 같아요. 출마하게 된 / 그렇군요. 2학년 진로에서 ‘목민심서’책을 읽었는데, 사실 이게 되게 오래된 고전이잖아요. 가장 / 옷과 음식은 사실 학생회장으로서 어떤 깨달음을 얻게 된 건지는 잘 모르겠는데, 구체적으로 말해 / 3학년 동아리 때 유니버셜 크레딧 탐구활동이 있는데 자세히 설명해 볼까요? / 이제 이거를 한국형 유니버셜 크레딧으로 탐구했다고 했고, 맞춤형 찾아가는 복지로도 해결책을 제시 / 2학년 확률과 통계 시간에 대의제의 한계를 설문조사로 진행해서 확인했다는 것과 그것이 부동산 정 / 구체적으로 부동산 정책과 접목되는 부분도 말해 주세요. / 부동산 정책에서 사실 시민들의 이야기를 모두 듣게 된다면, 개인적인 이익에 따라 정책이 제대로 / 2학년 진로에 법조인이라고 돼 있는데, 지금도 법조인인가요? / 시간이 없어서... 지금도 꿈이 법조인인지 아닌지만 말해 주세요. / 공무원이 되는 루트를 아나요? / 어디 부서 들어가고 싶어요? / 왜요? (웃으심) / 마지막으로 하고 싶은 말 있나요?"
건국대학교,행정학과,"학교 오니까 좀 어때요? / (웃음) 네 그럼 먼저 공동체 관련 질문 먼저 드릴게요. 3년 동안 반장 활동과 학생회 활동을 한 것으 / 네~ 그럼 3학년 자율활동 시간에 인공지능을 활용한 공공복지 행정의 미래에 대해 탐구하셨는데 관 / 그래서 여기서 인공지능이 어떻게 활용된다는 거죠? / 이건 투입과 산출의 단순한 과정으로도 되는 거 아닌가요? 인공지능이 굳이 필요 없을 거 같은데... / 3학년 진로시간에 소년범 출신을 위한 청년정책의 미래와 정부의 역할에 대해 조사하셨는데 설명해 / (말 끊으시며) 그게 질문과 무슨 관련이 있죠? / 윤리와 사상 시간에 마이클 센델의 공정하다는 착각을 읽고 중국의 공동부유론과 비교하여 능력주의 / 그럼 학생은 정말로 사람들의 연대 의식 강화만으로 이를 해결할 수 있다고 생각하세요? / 시간이 다 되어가는데, 혹시 마지막으로 하고 싶은 말 있나요?"
건국대학교,화공·생명·에너지공학부,"여기 어떻게 왔어요? / 화학1 과목에서 아세토나이트릴에 대해 탐구했는데 그게 뭔가요? / 그래핀과 탄소나노튜브에 대해 조사했는데 자세히 알려 주세요. / 그럼 단순히 그래핀을 말기만 하면 탄소나노튜브인가요? 방향에서 상관없나요? 가로 방향, 세로방향, / 미적분 시간에 n계도함수에 대해 탐구했는데 실수번 미분한다는 게 뭔가요? / 플라스틱을 생분해하는 방법을 탐구했다고 하는데 그 방법과 화학적 방법의 차이는 뭘까요? / 그럼 인간이 플라스틱을 분해할 수 있다는 건가요? / 고급화학에서 약의 제조 과정을 화학적으로 이해하는 것에 관심을 가졌다고 하는데 자세히 알려 주세요. / 마지막으로 하고 싶은 말이 있나요?"
건국대학교,환경보건·산림조경학부,"(남교수님) 준비하셨을 것 같아서... 안 물어볼 수가 없네요. KU자기추천전형인만큼 자기소개 한번 해 / 산림 생태계에 유전자 편집 기술이 개입할 경우 생태계 보전보다 더 큰 위협일 수 있다는 토론에서 / 유전자 편집 기술의 개념이 뭔가요? / 유전자 편집 기술의 효소는 어떤 게 있는지 알고 있나요? / 네, 맞아요. 크리스퍼 가위는 어떤 역할을 할까요? / (여교수님) 친환경 우주 산업에 대해서 조사했다고 하는데... 아무래도 저희는 지구 내의 현상을 주로 / 아, 그럼 혹시 친환경 추진제가 어떤 원리로 개발되는지 알고 계신가요? / 아무래도 그렇죠, ㅎㅎ. 그럼 ‘좋아요는 지구를 어떻게 파괴하는가’라는 책을 읽고 데이터센터의 에 / 데이터센터가 왜 환경적으로 문제가 될까요? / (남교수님) 자율활동에서 환경 알리미, 000 등 여러 소그룹을 만들었는데... 그 이유와 어떤 활동을 했 / 2학년 때 동아리를 직접 만들었다고 하는데 그 이유와 본인의 역할에 대해 설명해 주세요. / 탄소포집 기술이 요즘 여러 부분에서 각광받고 있는 기술인데 반대하는 입장을 취하셨어요. 왜 그런 / 탄소포집 기술의 종류에는 어떤 게 있나요? / (여교수님) 아 제가 이어서 질문해도 될까요? 탄소포집 기술의 대안으로 자연 기반 해결책을 제시하 / 아 시간이 다 되었네요. 그럼 마지막으로 하고 싶으신 말씀 있으실까요?"
건국대학교,환경보건·산림조경학부,"안녕하세요~ 많이 떨리시나요? / 긴장하지 마시고 편하게 대답해 주시면 됩니다! / 네, 면접 시작하겠습니다. 환경 관련 활동을 되게 많이 한 것 같네요. 혹시 미세먼지와 초미세먼지의 / 그럼 미세먼지와 초미세먼지가 확실히 대응 방법이 다를 것 같은데, 알고 계신가요? / 이끼요? 그 활동에 대해 설명해 주세요. / 이산화탄소와 미세먼지 농도는 어떻게 측정하였나요? / 네, 그럼 혹시 실험을 하면서 문제가 되었던 점이 있을까요? / 알겠습니다. 혹시 이끼에 대해 실험 해보고 탐구해 보면서 더 나아간 생각을 해본 적이 있나요? 답이 / 네, 잘 들었습니다. 시간이 다 되었는데 마지막으로 하고 싶은 말 있을까요?"
경기대학교,디자인비즈학부,"네, 너무 긴장하지 마시고 편하게 대답해 주세요. 먼저 아이디어 스케치 발표 시작해 주세요. / 잘 들었습니다. 혹시 지하철역 입구 위에 신호등은 왜 있는 거죠? / 이제 생기부에 관해 질문드리겠습니다. 2학년 행동특성 및 종합의견에서 모둠 활동에서 항상 주변 친 / (끄덕이시며) 전체적으로 생기부 내용을 보면 애니메이션에 관심이 많은 거 같아요. / 2학년 수업량 유연화에 따른 학교 자율적 교육활동인 융합 프로젝트 수업에서‘미술교육이 아이들에 / 아하 사례는 없었군요. 3학년 자율활동에 학급 내 갈등 상황에서 중재자 역할을 성실히 수행했다고 / (살짝 웃으며) 구체적인 방식이 있을까요? / 일본문화 시간에 했던 탐구와 관련해서 일본 애니메이션과 한국 애니메이션의 공통점과 차이점이 무"
경희대학교 건축공학과 학생부종합 네오르네상스전형,ㄱ,"두 번째 순서이신데 아침은 드시고 오셨나요? / 오늘 학교 와보시니까 어떤가요? / 긴장하지 말고 자신감 있게 대답해 주세요. 그럼 일단 자기소개와 지원동기 말씀해 주세요. / 리더 역할을 많이 하셨는데, 의견 충돌이 일어났을 때 어떻게 해결하셨는지 사례를 들어서 설명해 / 건축공학에 큰 관심을 가지고 있는 것 같아요. 재료, 시공, 환경, 설계 분야 중 어느 분야에 가장 큰 / 그러면 지속 가능한 건축이 정확하게 무엇인가요? / 단열재에 많은 관심을 가지고 있는 것 같은데, 한 번 단열 원리에 대해서 설명해 주세요. / 3학년 때 해양 건축물에 대해서 탐구했다고 나와 있는데, 해양 건축물이 기존 건축물과 다른 점에 / 1학년 때‘기초부터 배우는 3차원 모델링과 2D 도면화’ 수업을 들으셨는데 이 활동에서 3D 모델링 / 수업에서 어떤 프로그램을 활용하였나요? / 혹시 마지막으로 하고 싶은 말 있을까요?"
경희대학교 경영회계계열 학생부종합 네오르네상스전형,ㄱ,가치관 3개 말해보세요. / 2가지 더 말하세요. / 1가지 더 말해보세요. / 가장 힘들었던 경험이 무엇인가요? / 아까 가치관 중 눈치 보지 말자는 것과 상충되는 상황 같은데요? / 존경하는 인물 말해보세요. / 스티브잡스가 어떤 점에서 인문학적 요소가 있다고 생각했나요? / 2학년 때 경영학과와 회계학과 중 어떤 것을 선택할 것인가요? / AI 시대에서 회계사의 역할은 무엇이라고 생각하나요? / 회계사의 업무에는 감사 업무만 있는 것이 아닌데요? / 시간이 다 지났습니다. / 네 짧게 해주세요.
경희대학교,경영회계계열,"어서오세요. 자리에 앉으시면 됩니다. / 어디서 오셨나요? / (웃으며) 괜찮습니다, 말씀하셔도 됩니다. / 오늘 오셨나요? / 준비하시고, 점심도 먹고 오신 건가요? / 네, 좋습니다. 면접은 제가 질문을 드리면, 1~2분 내외로 답변을 주시고, 그에 추가 질문하는 형식으로 / 먼저, 지원동기 준비해 오셨죠? 자기소개와 지원동기 준비해 오신 거 말씀해 주세요. / (잠깐 짧게 쳐다보며) 네, 답변 마치신 건가요? / 이어서 질문드릴게요. 마케팅 쪽으로 진로를 가지셨다고 했는데, 경영학에는 마케팅 말고도 많은 / 알고 계시는 분야에 관한 활동 같은 걸 해본 경험이 있으신가요? / 네, 그밖에 다른 활동들은 더 없나요? 재무, 회계와 관련된 것 말고? / 네, 이어서 질문드릴게요. 최근 경영과 관련된 인터넷 뉴스나 기사, 아님 사례 같은 걸 눈여겨 본 게 / 그렇다면 지원자분은 ○○기업의 전략을 어떻게 생각하시나요? 잘 성공한 것 같나요? / 네, 저는 질문 마치겠습니다. (다른 면접관분에게 시선을 돌리며) / 이어서 질문 드리겠습니다. 지원자분은 경영학이라는 분야에서 가장 중요시 여기는 가치가 무엇이라고 / 학교에서 한 활동 말고, 진로를 위해 또는 경영과 관련된 활동이나 노력을 해본 경험 같은 게 있나요? / 지원자분께선 경영이라는 분야 외에 진로나 전공을 선택해야 한다면 어떤 걸 선택하거나 목표로 / 네, 시간이 다 되었네요. 생각보다 면접 시간이 짧죠? / 면접 보시느라 수고 많이 하셨습니다."
경희대학교,경영회계계열,"네, 앉으세요. / (우리 학교에 왜 지원하게 되었는지 지원동기, 경영회계 계열에서 무엇을 배우는 것으로 알고 있는 / 첫째로 우리 학교, 학과에 왜 지원하게 되었는지, 둘째로 경영회계 계열에서 무엇을 배우는지, 셋 / 학생이 방금 정책을 만들고 싶다고 이야기했잖아요, 이런 건 잘 몰라서 이해가 잘 안 되는데, 내가 / (말 끊음) ……아니, 그거 말고, 어디에서 일하고 싶은지, 뭐 어디에 들어가고 싶다, 그런 거요. 구 / 산업통상부에 들어가려면 무엇을 해야 하나요? / (당시 질문에 당황해서 정확한 질문이 기억나지 않음. 공무원 시험은 행정 쪽일 텐데 왜 경영대학 / (여전히 경영회계 계열이랑은 관련 없지 않냐, 그쪽은 행정이 아니냐고 말씀하심.) / (여전히 경영회계 계열에 왜 지원했는지는 이해되지 않으나 일단 넘어가자는 듯이 끄덕이심.) 행정 / (면접관 2를 보고 웃으며) 아이고, 내가 시간을 다 잡아먹었네. / (웃으며) 괜찮습니다. 생활기록부를 보니 외국인 노동자에 관련된 탐구를 많이 한 것 같아요. 기업에 / (웃으며) 아는 대로만 간단하게 말씀해 주시면 돼요. / 네, 학생이 이야기하는 것을 보니 다양한 수업을 들으며 공부하고 싶은 것 같아요. 다양한 과목들 / 시간이 없네요. 마지막으로 하고 싶은 말을 해주세요."
경희대학교,국어국문학과,"예, 오는데 힘들지는 않았어요? / 네, 그럼 질문하겠습니다. 많고 많은 학과 중 경희대학교 국어국문학과를 선택한 지원동기가 무엇인 / 경희대학교 홈페이지에 들어가 본 적 있나요? 어떤 게 기억에 남던가요? / 생기부를 보니까, AI 문학작품과 인간의 문학작품의 차이에 대해 연구를 했어요, 연구를 진행할 때 / 그럼 이런 AI의 문학작품과 인간의 문학작품 간의 창작 차이를 어떻게 생각하나요? / 우리나라 문학 작품이 번역 과정에서 어려움을 겪는 경우가 많은데, 이를 해결할 수 있는 방법이 있 / 네, 이제 인성 관련 질문을 할 건데요, 성적이 굉장히 좋네요? 혹시 공부 스트레스를 이겨내기 위해 / 공동체 활동 중 갈등을 해결해 본 경험과 그로 인해 느낀 점이 있나요? / 마지막으로 하고 싶은 말 있나요?"
경희대학교,기계공학부,준비 많이 하셨을 텐데 긴장하지 마세요. 혹시 롤모델이나 자신이 존경하는 인물이 있을까요? / 파이선에 관심이 많은 것 같던데 클래스가 무엇인가요? / 4족 보행 로봇을 만들면서 어려웠던 점이 있었을 것 같은데 무엇이 있었나요? / 제어에는 다양한 제어가 쓰이는데 PID 제어가 무엇인가요? (생활기록부에도 없는 전공지식을 물어봐서 / 자율주행차와 로봇에서 공통적으로 쓰이는 센서가 무엇이 있을까요? (생활기록부에 없는 요즘 기술 / 라이다 센서 말고는 다른 센서는 없을까요? / 네 갑자기 생각 안 날 수도 있죠. 그럼 마지막으로 하고 싶은 말 없을까요?
경희대학교,미디어학과,"네, 제가 이제 질문을 드릴 건데. 길게 답변하지 마시고 1분 이내로 답변해 주시면 되구요. 자기소개 / 네, 여기 미디어학과에 오고 나면 정확히 되고 싶은 게 뭔가요? / PD면 무슨 PD를 말하는 걸까요? / 드라마나 영화도 종류가 다양하잖아요. 정확히 뭘 하고 싶은 건가요? 아직 학생이 어떤 사람인지 잘 / 알겠습니다. 이제 다음 면접관이 질문할게요. / 여기 학생부를 보니까 성실함의 대명사라고 나와 있어요. 이거 말고도 혹시 자신이 가지고 있는 자 / 미디어랑 데이터랑 연관이 되게 깊잖아요. 데이터에 대해서 자신이 좀 강점이 있다 싶은 게 있을까 / 네, 미디어를 만들 때 자신이 꼭 넣어야 하는 가치관이 있다면 무엇인가요? / 여기 보니까 토픽 모델링 분석 방법을 사용했다고 나와 있는데, 설명해 보겠어요? / 네, 마지막으로 하고 싶은 말이 있으면 해주세요. / 네, 알겠습니다. 수고하셨어요."
경희대학교,미디어학과,"자기소개랑 지원동기 얘기해 주세요. / 생기부에 AI에 대한 정보 신뢰성에 영향을 미치는 심리학적 요인들에 대해 분석했다고 나와 있는데 / 알고리즘에 대해 탐구를 많이 했는데 알고리즘이 나의 관심사나 그런 것들을 너무 잘 알고 있는 것 / 광고 변천과 역사에서 미래에는 초개인화된 광고가 만들어질 것이라고 하는데 이 내용에 대해 설명 / (남자 면접관) 학교를 졸업한 후에나, 4년 후와 같은 미래에 내가 어떤 일을 하고 있을 것 같아요? / 그럼 그런 72시간 동안 촬영하는 그런 다큐를 만들 때 내가 끝까지 지켜야 할 신념이나 가치관이 있 / 그럼 만약에 정말 이 직종에 종사하는 사람들의 이러한 면을 담고 싶고, 무조건 이러한 면을 담아야 / 네 그럼 마지막으로 하고 싶은 말 준비한 거 있으면 해주세요."
경희대학교,미디어학과,"긴장 푸시고, 오는 길에 힘들진 않았나요? / 그럼 면접 시작하겠습니다. 자기소개랑 지원동기 먼저 말해 주세요. / 학생부를 보면 K-컬처와 신한류에 대해 탐구하셨어요. 이제는 전 세계적으로 K-컬처가 유행하게 / 그럼 그 신한류가 우리 문화를 가공하여 새로운 사업체로서 만드는데, 더 효과적으로 신한류를 시 / 우리 학교에서 배우고 졸업을 한다면 본인이 어떤 일을 하고 있을 거 같나요? / 그러니까 그 현장이란 게 정확히 무슨 일을 하는 겁니까? 어떤 영상 콘텐츠를 만듭니까? / 네. / 그렇다면 본인이 만든 콘텐츠를 거부하는 사람이 있으면 어떻게 할 겁니까? 요즘 보면 구독 취소 / 준비 많이 해오셨을 텐데, 마지막으로 할 말 있으신가요? / 네, 수고하셨습니다."
경희대학교,빅데이터응용학과,"(두 분 다 밝게 인사해 주심) 우선 앉으시고, 간단하게 자기소개랑 지원동기 말씀하시면 질문할게요. / □□이랑 인공지능 관련하여 관심이 많으신 것 같은데, 이와 관련해서 가장 인상 깊은 탐구가 있나요? / (꼬리 질문) 인공지능 모델에서 데이터 처리는 어떻게 했나요? / 네, 그러면 정리해서 말하면 (내가 말한 답변 내용 정리해서 말씀하심) 인 거죠? / (이제 입학사정관님이 질문) 그러면, 본인이 가장 중시하는 가치가 있다면 무엇인가요? / 본인이 가장 존경하는 인물, 롤모델 같은 게 있나요? / 네, 알겠습니다. 그러면 본인이 실패했지만, 그래도 의미 있다고 생각했던 경험이 있었나요? / (이제 교수님께서 질문) 이 학과에 진학했을 때 학업 계획이 있나요? / 네, 수고하셨습니다. 이제 나가보셔도 좋습니다."
경희대학교,빅데이터응용학과,"면접은 9분 동안 진행될 것이고, 편하게 대답해 주세요. / 일단 자기소개 한 번 해주세요. / 그럼 데이터를 이용한 활동을 한 적이 있나요? 어떤 활동이었나요? / 학생이 손실함수에 대해 이야기했는데, 어떤 손실함수를 사용했나요? 아니면 아는 손실함수가 있나요? / 학생이 좀 주도적으로 한 활동이 있나요? / 학생이 평소에 중요하게 생각하는 점이나, 가치관이 있나요? / 이 학과에 들어와서 배우고 싶은 거나, 나중에 하고 싶은 일이 있나요? / 혹시 롤모델이 있나요? / 마지막으로 하고 싶은 말이 있나요?"
경희대학교,사학과,"안녕하세요. 오래 기다리셨겠네요. (10분밖에 안 기다려서 당황) 기다리시면서 어떤 생각 하셨나요? / (웃음) 네 면접은 10분 동안 이루어지고 답변은 1분 내외로 간단하게 해주시면 됩니다. 긴장하지 / 지원동기를 들어보니 준비를 많이 해오신 것 같아요. 문명 교류사 연구팀을 알고 계신 걸 보면요. / 혹시 우리 학과 교수님이 총 몇 명인지 알아요? / 수업 듣고 싶은 교수님이 있나요? 아시는 분? / 네, 책도 읽어보셨을 거네요. / 학문의 경계를 넘는 창조인을 언급하셨는데 역사학에서 학문을 넘나드는 융합적 역량이 왜 필요한가요? / 1학년 때 한국사 과목에서 조선의 지방행정제도에 대해서 긍정적으로 평가했는데 이것이 항상 긍 / 네, 잘 들었습니다. 시간이 부족해서 바로 인성 질문으로 넘어갈게요. (옆 면접관에게 넘김) / 본인이 생각하는 3년 동안 했던 활동 중에 가장 창의적이라고 생각하는 활동이 무엇인가요? / 네. 1, 2, 3학년 동안 계속 반장, 리더 역할을 했는데 본인의 리더십은 무엇이라고 생각하나요? / 네 잘 들었습니다. 시간이 다 되어서 나가시면 됩니다. 고생했어요."
경희대학교,사회학과,"경희대학교 사회학과에 지원해 주셔서 감사합니다. 자기소개와 지원동기부터 말해볼까요? / 건강보험 관련한 봉사활동을 진행했던데, 과정과 결과를 설명해 주세요. / 현대사회에 진보, 보수 갈등이 심각한데 이를 어떻게 해결할 수 있을까요? / 현대사회 내 젠더 갈등 문제를 어떻게 해결할 수 있을까요? / 인상 깊었던 사회학 관련 도서를 설명해 주세요."
경희대학교,수학과,"많이 떨리시죠? / 네 편하게 답변 해주시면 됩니다. 경희대 수학과에 와서 가장 배우고 싶은 과목이 있나요? / 대학 졸업 후 가장 하고 싶은 것은 무엇인가요? / 생기부를 보니 고급수학을 이수했던데, 가장 흥미 있었던 활동이 뭐였나요? / 앞에서 수학교육에 종사하고자 하는 말을 했는데, 만약 강남 7학군에 있는 학교에 배정되면 학생들이 / 아직 질문할 게 더 있지만 시간 관계상 여기서 마치겠습니다."
경희대학교,스포츠의학과,"경희대 언제쯤 도착했나요? (아이스 브레이킹) / 언제쯤 출발했나요? / 통학하기엔 좀 힘든 거리인가 보네요. / 학교와 보니 어떤가요? / 확실히 고등학교랑 다르긴 하죠. (웃음) / 자기소개나 지원동기 말씀해 주시죠. / 봉사활동이랑 출결이 되게 좋던데 이렇게 할 수 있었던 비결은? / 좋아하는 운동이 뭔가요? / 얼마 동안 했나요? / 가장 최근에 언제 했나요? / 또 다른 운동은? / 스포츠의학과에서 공부해서 뭘 하고 싶나요? / 그러면 학사과정만 해선 힘들 테고, 석박사 과정까진 해야 될 텐데요. / 그러한 결심을 하게 된 계기 있을까요? / 그럼 운동처방 연구원으로써 어디에서 일할 수 있는지 알고 있나요? / 네~ 알겠습니다. / 왜 운동처방에 관심을 갖게 되었나요? / 물리학 1, 2... 생명과학 1, 2... 과학 과목 되게 많이 들었는데 이유가 있나요? / 커리큘럼에서 자신의 진로와 관련해서 인상깊게 봤던 과목을 말씀해 주세요. / 한국스포츠의학의 문제점에 대해 탐구해 보았는데 자세히 말해 주세요. / 해결책도 말해 주세요. / 마지막으로 하고 싶은 말 해주세요."
경희대학교,식품생명공학과,"안녕하세요. 먼저 경희대학교에 지원해 주셔서 감사드리고 면접은 생기부 기반으로... (면접 절차에 / (웃으며) 경희대학교에 대해 잘 알고 있는 것 같아요. 더 알고 있는 거 있나요? / 고등학교 3년 내내 반장, 부반장, 학생회 차장까지... 다양한 리더십 활동을 했네요? 기억에 남는 / 2학년 때 동물 쪽 진로를 가진 친구와 함께 둘이서 발표를 준비하면서 갈등 상황이 있었다 하네요. / 다른 과목은 성적이 다 좋은데, 과학.., 수학 과목에 유독 성적이 낮아요. 특히 화학? 왜 그런지 / kfood 아세요? kfood, 예를 들어 불닭볶음면이 전세계적으로 유행하는 것처럼 kfood가 유명해진 / 시간이 얼마 남지 않아서, 가장 기억에 남는 도서 간단하게만 말해 주세요. / 시간이 다 됐어요. 마지막으로 하고 싶은 말 있나요?"
경희대학교,식품생명공학과,"생명과학의 범위가 넓은데 식품생명공학을 선택한 이유가 무엇인가요? / 식품생명공학 분야에서 특히 더 관심을 갖고 있는 부분이 있나요? / 경희대 식품생명공학과에 대해 찾아봤을 것 같은데, 어떤 부분이 도움이 될 것 같나요? / 카페인에 대해 탐구했는데, 카페인이 인체에 어떤 영향을 미치는지 설명해 주세요. +아데노신이 / 카페인과 테아닌의 길항 작용에 대해 탐구했는데, 설명해 줄래요? / 동아리 시간에 동물유전자 재조합에 대해 탐구했는데, 이건 Pcr을 말하는거죠? qpcr과 rt-pcr의 / 동아리 시간에 토론 활동을 하면서 천연보존제에 대한 의견을 밝혔다고 하는데, 한번 얘기해 / 진로활동을 보면 프리바이오틱스에도 관심이 있는 것 같은데, 프리바이오틱스가 무엇인가요? / 이제 시간이 다 되어가는데 마지막으로 하고 싶은 말이 있나요?"
경희대학교,식품영양학과,"여기까지 잘 오셨나요? (면접 전에 간단한 질문하시는 것 같습니다.) / 자기소개 한 번 해볼까요? / 진로가 개발 쪽이라고 하셨는데 그럼 학부 공부로는 안 끝나는 거 알고 계시나요? 공부하는 걸 좋아 / 과학 과목 중 어느 과목이 이 학과에서 중요하다고 생각하나요? / 동아리 활동 중 가장 기억에 남는 활동에 대해 말씀해 주세요. / 점점 고령화 사회로 변해가는데 식품 분야에서 이에 주목받거나 변화할 만한 부분이 있을까요? / 미생물을 활용한 식품이 어떤 것이 있을까요? / 2학년 때에 비해서 3학년 때 성적이 떨어졌는데 특별한 이유가 있나요? / 그럴 수 있죠, 학교생활 중 친구들에게 미안했던 적 있나요? / 만약 그 상황이 미래에 발생한다면 어떻게 대처할 것인가요? / 보니까 식품에 관심도 많으시고 침착하시네요. 마지막으로 준비했는데 하지 못한 이야기 있나요? / 수고하셨습니다."
경희대학교,아동가족학과,"오는데 힘들진 않았어요? / 뭐 타고 왔어요? / 먼저 자기소개하는데, 지원동기 포함해서 해주세요. / 목표가 굉장히 구체적이에요. 혹시 진로 계획이 어떻게 되나요? / 청소년 법률 상담 앱 고안했다고 하는데 설명해 주세요. / 실제로 실행해 본 거예요? / (생활기록부를 넘기시면서) 아동복지에 관심이 많은 거 같아요. 일본 아동복지법이랑 우리나라랑 다 / 본인이 인생에 중요하게 생각하는 가치에 대해서 말해 주세요. / 굉장히 좋은 가치관을 가지고 있어요. 그럼 그 가치를 실현했던 일화에 대해서 말해 주세요. / 이제 시간이 다 되어서요. 마지막으로 하고 싶은 말 있을까요?"
경희대학교,약학과(6년제),오늘 경희대에 몇 시 정도에 도착하셨나요? / 식사는 하셨나요? / 준비는 많이 하셨나요? / 본격적으로 면접 시작하겠습니다. 먼저 간단한 자기소개부터 해주세요. / 3학년 때 비스부르크? 바르부르크?(실제로 더듬으심) 효과에 대해 탐구했다고 되어 있는데 정확히 어 / 많은 탐구활동을 하셨는데 가장 기억에 남는 탐구활동이 있다면 설명해 주세요. / 본인이 가장 중요하다고 생각하는 가치관이 무엇인지와 그 이유를 설명해 주세요. / 본인을 가장 잘 나타낸다고 생각하는 사물을 말해보고 그 이유를 설명해 주세요. / 마지막으로 하고 싶은 말 해주시면 됩니다. / 네 감사합니다. 이제 나가셔도 됩니다.
경희대학교,유전생명공학과,"네, 편하게 앉아 주시면 됩니다. / 이번에 국제캠은 처음인가요? / 우리는 외워 온 걸 말하는 것보다 본인의 생각을 듣고 싶은 거니까 편하게 말씀해 주시면 됩니다. / 살아가면서 가장 중요하게 생각하는 가치관을 한 단어로 표현하면 뭔가요? / 그럼 그 가치관이 유전생명공학과에서 왜 중요할까요? / (옆에 계신 교수님으로 보이는 분이 질문하심) 수학, 과학 성적이 좋은 것 같은데, 그중에 가장 / 그럼 생명과학 단원 중 가장 기억에 남는 단원이 있을까요? / (웃으시면서) 유전 자체는 어려운 게 아닙니다. 문제가 어렵다는 거죠? 그건 변별력을 주려고 어려운 겁니다. / 우리 학과에 와서 하고 싶은 게 있나요? / 장-뇌축에 대해서 설명해주세요. / 이건 꼭 정답처럼 말할 필요는 없고요, 아까 치료제 개발을 한다고 했는데 그냥 본인은 어떻게 / 동아리 활동도 많이 한 거 같은데, 어떤 게 가장 기억에 남아요? / 어떤 활동이었는지 설명해 주세요. / 어려웠을 것 같은데 괜찮았나요? / (맨 뒤 행발을 보신 것 같음.) 이건 그냥 편하게 답하면 됩니다. 쓰여져 있는 걸 보니 엄청 / (다시 옆에 있는 분이 질문하심) 혹시 마지막으로 하고 싶은 말 있나요? / 네, 수고하셨습니다."
경희대학교,응용수학과,"우리 학교 지원동기 말해주세요. / 지원자가 가장 중요하게 생각하는 가치관이 있다면 말해주세요. / 고등학교 동안 수학을 모두 1등급을 받았는데, 마지막에 미적분에서 2등급이 나왔네요. 특별한 이유 / 탐구를 보니까 엄청 어려운 개념들을 많이 사용했네요, 이런 과정에서 어려움은 없었나요? / 그럼 스몰볼 탐구에 대해 설명해주세요. / 그러면 독립 표본 t-검정, 피어슨 상관분석, 로지스틱 회귀분석에 대해 설명해주세요. / 마지막으로 하고 싶은 말 있으면 하세요."
경희대학교,의예과,오래 기다렸는데 안 힘들어요? 점심은 먹었어요? / 자기소개나 지원동기 말해주세요. / 가장 의미 있었던 봉사활동은 무엇인가요 / 여기 보니까 비만 치료제에 대해 탐구했다고 하는데 탐구한 이유는 무엇인가요? / GLP-1과 GIP의 작용 기전에 대해 설명해주세요. / 여기서 세포주를 활용해서 실험을 했다고 하는데 어떤 방식으로 진행했나요? / (예전 실제 사례를 말하며) 담당의가 환자의 의료 정보를 착각하여 잘못된 치료를 하였는데 이는 누 / 그렇다면 이런 실수가 나오지 않으려면 어떤 방식이 이루어져야 할까요? / 마지막으로 하고 싶은 말 있으면 말해주세요.
경희대학교,의예과,"네. 안녕하세요. 밥은 먹고 왔나요? / 네ㅎㅎ. 면접은 10분 정도 진행될 거고, 이제 시작하겠습니다. 먼저 간단한 자기소개와 지원동기 30 / 학교생활 중 가장 노력해서 한 활동을 말해주세요. / 우리가 마시는 음료에는 보통 카페인 함유량이 쓰여있는데, 학생이 측정했을 때는 어떻게 나왔나요? / 3년 동안 한 주제로 활동을 지속해 온 점이 대단하네요. (갑자기 코멘트?를 하셔서 살짝 당황스러웠음) / 1학년 때 제브라피쉬를 활용하여서 한 실험이 있는데, 실험에서 변인 통제는 어떤 식으로 했나요? / 학생이 닮고 싶은 롤모델이 있나요? / 의사로서 가장 중요하다고 생각하는 가치는 무엇인가요? / 학교생활 중 공감을 실현하기 위한 활동이 있나요? / 마지막으로 하고 싶은 말 있으면 짧게 해주세요."
경희대학교,의예과,"본인이 면접 마지막 순서인걸 알게 되었을 때 어땠나요? 기다리느라 힘들지는 않았나요? / 더 준비해 온 만큼 훌륭한 답변을 해주길 기대해보겠습니다. 먼저 자기소개/지원동기를 말해주세요. / 3학년 때 형광 조직 실험을 했다는 내용이 있는데, 이 활동에 대해서 설명해주세요. / 형광 실험을 할 때 그러면 어떤 조직을 시료로 쓴 건가요? / 본인이 의사로서 가장 중요하다고 생각하는 자질 1가지를 이유와 함께 얘기해주세요. / 전문성을 방금 가장 중요하다고 꼽았는데, 학생의 생활기록부에 보면 뛰어난 소통가라는 표현들이 / 3학년 때 학생이 갈등 중재를 한 경험이 있는데, 갈등을 어떻게 해결할 수 있었는지 설명해주세요. / 지금까지 만나 본 의사 중에 기억에 남는 분이 있나요? / 네 그러면 지금 시간이 거의 다 되어서, 그 의사분을 만나서 배우게 된 점을 포함해서 마지막으로 / 면접 보느라 수고 많으셨습니다. (일어나 인사 후 퇴실함)"
경희대학교,의예과,"많이 기다린 것 같은데 조금 힘들지 않나요? / 자기소개부터 해주세요. / 경도인지장애진단 플랫폼을 제작하였다고 하는데, 구체적으로 무엇인가요? / 경도인지장애진단 플랫폼이 이미 사회복지관에 있는데 왜 개발했나요? 사회복지관에 있는 게 더 고 / 앱이 더 노인분들에게 접근성이 떨어지지 않나요? / 1학년 자율에 재밌는 활동이 있어서 질문드립니다. 학급경제공동체가 무엇인가요? 이 활동을 진행할 / 돈은 가짜 돈을 사용한 것이죠? / 앞에 말해준‘강제매각’ 제도를 도입할 때 반발도 꽤 있었을 것 같은데 어떻게 해결했나요? / 이 활동을 알거나 깨달은 점이 무엇인가요? / 이러한 금전적 동기를 내적동기로 변화시키는 것을 어떻게 활용할 것인가? / 마지막으로 하고 싶은 말은?"
경희대학교,의예과,"안녕하세요, 오는 길은 괜찮았나요? / 네, 그럼 왜 의예과에 지원했는지 말해 주세요. / 왜 그 과에 지원하고 싶었나요? (왜 굳이 그 과인지를 물어보셨음) / (선택 학과에 대한 꼬리 질문이었는데, 지원 과에 대해 왜 선택하고 싶었고 무엇을 연구하고 싶은지 / 혹시 지망하는 과에 관련된 연구들을 알고 있나요? 있으면 말해 볼까요? / 네, 알겠습니다. 생기부를 보면 생명 윤리에 관해 탐구하고 강연을 진행한 것 같은데, 왜 이런 / 네, 알겠습니다. 시간이 얼마 남지 않아서, 마지막으로 하고 싶은 말 있나요?"
경희대학교,전자공학부,"경희대학교 처음 와봤나요? / 와보니까 처음에 어떤 생각이 들었나요? / (미소) 일단 간단하게 지원동기 말씀해주세요. / 그럼 앞으로의 계획은 어떻게 되나요? / 아까 지원동기 말할 때 SQL을 이용한 탐구활동에 대해서 좀 더 자세히 들어볼 수 있을까요? / SQL 언어를 특별히 사용한 이유가 있나요? 사용하지 않았어도 LED에 불이 들어올 수 있도록 할 수 / 아. (끄덕끄덕) / 본인의 가치관에 대해서 말해주세요. / 3학년 동아리 시간에 BMS에 관련한 활동을 했는데, 무슨 실험을 한 건가요, 아니면 탐구인가요? / 아, 그러면 어떤 활동인지 설명해주세요. / 그러면 통합형과 분산형의 장단점에 대해서 설명해줄 수 있나요? / 생각해 본 적이 없나요? 그냥 궁금해서 물어본 거예요. (웃음) / 동아리 시간에 겪었던 갈등이 있었나요? 있었다면 갈등과 해결 과정에 대해서 설명해주세요. / 시간이 얼마 안 남았네요. 마지막으로 하고 싶은 말 있나요? / (웃음) 네, 수고하셨습니다."
경희대학교,정치외교학과,"네. 아침은 먹고 오셨어요? (이때부터 한 분만 계속 말하심.) / 학교를 둘러보니 어떻던가요? 기억에 남는 것이 있던가요? 뭐 캠퍼스 전경이라든가... / 허허.. 이뻤다니 다행이네요. 질문에 대한 모든 답은 30초 정도로 짧게 해주시기 바랍니다. 먼저 자기 / 생활기록부를 보니까‘FTA가 지역시장에 미치는 영향’을 탐구했는데 그렇다면 미국의 관세정책이 / 그렇다면 미국의 관세정책은 FTA를 반하는 것인지, 아니면 미국의 국익을 위해 하는것인지.. 어떻게 / 학생 말대로면 중국을 견제하기 위해 관세를 펼쳤다라는 건데 동맹국들에게도 관세를 부과하는 것은 / (지금부터는 다른 면접관분만 끝까지 말하심) 지금 국제사회에서 가장 중요한 가치관이 뭐라고 생각하나요? / 그렇다면 그 이유도 함께... (이유까지 한 번에 말하는걸 모르시고 대답을 이어가던 중 이렇게 질문하심) / 그럼 그 가치관과 현재의 국제정세 그리고 진로 간의 상관관계를 말해주세요. / 네. 이 부분은 그냥 짧게 대답하면 되는데, 최근에 인상 깊게 본 영상과 그걸 보고 무엇을 느꼈는지 / 혹시 기억에 남는 이유가 있을까요? / 네 수고하셨습니다."
경희대학교,철학과,"네, 자리에 앉아주세요. 면접 주의 사항 1분 안내한 뒤 9분 동안 면접 진행하겠습니다. 마음 편히 / 네, 자기소개 및 지원동기 간단히 말씀해주세요. / 고등학교 생활을 하는 동안 쇼펜하우어와 니체에 대해 탐구한 점이 보이네요. 혹시 이 둘중 누굴 / 2학년에 진행한 활동 중에 도덕경을 읽고 진행한 활동이 있더군요. 도덕경에 불안을 접목시킨 점이 / (답변 중간에 말을 걸며) 그 부분도 물어보고 싶었는데 어떻게 탐구했나요? / 아까 말했듯이 철학 교수가 되고 싶다고 했는데, 대학원 갈 생각 있나요? / 대학원에 가서 어떤 것을 전공할 생각인가요? / 봉사 시간이 참 많네요. / 무의식적으로요? / 그 활동에 대해 설명해줄래요? / 현재는 어떻게 변화하였나요? / 철학은 어떤 학문이라고 생각하시나요? / 시간이 다 되었으니 나가셔도 좋습니다."
경희대학교,컴퓨터공학부,"면접 시작하겠습니다. 우리 학과에 지원하게 된 동기가 어떻게 되시나요? / 오토 인코더를 활용했다고 하셨는데, 오토 인코더가 무엇인가요? / 오토 인코더의 정확도가 얼마나 되었나요? / 오토 인코더의 정확도를 올리기 위해 어떤 노력을 하셨나요? / 생기부를 보면 여러 활동이 많은데 본인을 다재다능하다고 생각하시나요? / 지금까지 최선의 노력을 했는데 이루지 못하고 좌절한 경험이 있나요? / 마지막으로 하고 싶은 말 있나요?"
경희대학교,컴퓨터공학부,"안녕하세요. 어제 잠은 잘 주무셨나요? / 준비 열심히 하셨을텐데, 긴장 말고 편안하게 본인이 준비한 대로 답변 잘 하시면 됩니다. / 네, 그러면 먼저 저희 경희대학교 컴퓨터공학과 지원한 동기 한번 말씀해주시겠어요? / 네, 그럼 먼저 2학년 때 가상화폐 시장에서 자동 매매를 만들어서 모의투자를 진행한 활동에 대해 / 그 조건은 무엇인가요? / 아 그러면 이 프로그램은 AI를 사용하진 않았던 건가요? / 본인 혹시 경희대학교 좀 알아봤어요? 사이트도 들어가 보고? / 경희대학교 사이트 전체를 들어갔나요? 아니면 컴퓨터공학만? / 거기서 흥미롭거나 관심이 갔던 내용이 있었나요? / 네, 그러면 3학년 동아리 활동 시간에 만든 논문 요약 프로그램에 대해 자세히 설명할 수 있나요? / 다른 기능은 없었나요? / 그러면 요약을 이미 존재하는 AI가 했다는 말인데, 본인은 요약을 위해 어떤 알고리즘을 구현한 것 / 상위 빈도수의 단어는 어떤 방식으로 찾았나요? / 본인이 살면서 여러 가지 문제에 부딪혀 본 적이 있을 텐데, 그럴 때 어떻게 해결해왔나요? / 네 말씀해보세요. / 학생의 생기부를 보니까 수학도 그렇고 과학탐구 쪽도 그렇고 많은 과목을 이수하였던데 이수한 과 / 현실의 문제를 해결할 수 있는 미적분의 특징을 흥미롭게 느낀건가요? / 이제, 시간이 거의 다 되어서 마지막으로 하고 싶은 말 있으시면 하고 끝내시면 되겠습니다. / 네, 수고하셨습니다."
경희대학교,한약학과,"네, 먼저 자기소개랑 지원동기 말씀해 주세요. / 피부병을 5개월 만에 치료하셨다고요? 그 한약방 어딘지 알고 싶네요. / 생기부에 포제학에 대한 강의를 들었다는 내용이 있는데, 강의를 통해 어떤 내용을 알게 되었나요? / 아주 잘 공부하셨네요. / 삶의 가치관이 있나요? / (꼬리 질문) 그 가치관으로 인해 삶에 변화가 있었던 적이 있나요? / 살면서 가장 행복했던 때가 언제예요? / 교과 활동에 한약 관련 활동들이 많네요. (3년 동안 한약학과만 팠기 때문) 한약학과에 들어오면 수 / 한약에 관심이 많다는 건 알겠어요. 이 전공이 본인에게 잘 맞을 것이라고 생각하는 이유가 있나요? / (가장 많이 했던 봉사활동)을 거의 1년 동안 하셨는데, 이 활동이 무엇인지 설명해 주세요. / 자기주도학습이 잘 되어 있는 것 같은데 본인만의 루틴이 있나요? / 갑자기 수학여행 밴드 공연이 눈에 너무 띄어서, 어떤 역할을 하셨어요? / 입학하고, 졸업 후 계획 말씀해 주세요. / 시간이 거의 다 되어서 마지막으로 말하고 싶은 활동이나 할 말 있으면 해주세요."
경희대학교 행정학과 학생부종합 네오르네상스전형,ㄱ,"네, 앉으세요. / 행정학과에 지원한 이유가 뭡니까? / 합의를 도출하는 데 보람을 느꼈다고요? 무슨 합의를 했습니까? / 만약 절충안에 동의하지 않고 “싫은데? 난 안 받아 들일건데?”라는 식으로 나왔으면 어떻게 했을 / 투표는 다수의 의견을 따라가자는 것이죠? 다수가 소수를 쪽수로 밀어붙여 억압하는 것이 옳다는 겁 / 구제 방안이라.. 알겠습니다. / 생기부를 보니 공무원을 하고 싶어 하는 것 같아요. 맞나요? / 학생은 어떤 공무원이 되고 싶나요? / 좋네요. 꼭 그 꿈을 이뤘으면 좋겠어요. / 학생이 보기에 우리나라 공무원은 대우를 충분히 받고 있다고 생각하나요? / 맞아요. 공무원은 자기만족이 무엇보다 중요한 직업이죠. 혹시, 존경하는 공무원이 있나요? / 학생이 생각하는 행정이라는 게 뭡니까? / 아니, 학생은 미성년자라서 민생지원금을 못 받았을 거 아닙니까? / 아니, 진짜 학생이 직접 경험한 행정은 없어요? / 이제 27초 남았네요. 마지막으로 하고 싶은 말 있으면 해보세요."
경희대학교,화학과,"네 반갑습니다. (긴장을 풀어주기 위한 경희대 캠퍼스 구경 관련 대화 나눔) / 대기하는 동안 긴장했을텐데 괜찮은가요? / 다행이네요. 면접 시간이 10분 정도로 짧으니 간략하게 1분 30초 내외로 자기소개와 지원동기 말해 / 리간드가 무엇인가요? / 리간드는 이온만 가능한가요? / 이산화탄소도 리간드로 가능한데.... / 괜찮습니다. 그리고 고급화학 생기부에 결정장 갈라짐에 대한 내용이 있는데 설명해주실 수 있나요? / 그 갈라짐의 원인이 무엇이죠? / 네. 다음으로 화학 관련해서 간단한 질문 몇 개 하겠습니다. 물과 기름이 섞이지 않는 원인을 관련 / 다음으로 알코올 온도계 안의 알코올이 끓는점이 100도보다 낮은데 이 이상의 온도에 들어갔을 때 / 네 다음으로 공동체 관련 질문할게요. 혹시 학생은 협업 활동을 할 때 리더를 맡는 편인가요, 아니 / 혹시 가장 기억에 남는 협업 활동 있을까요? / 반장을 했다고 했는데, 가장 기억에 남는 일 있었나요? / 네 시간이 거의 다 되었는데 마지막 한마디 짧게 부탁드립니다. / 네 수고하셨습니다."
고려대학교,경영대학,문제에 답변해 주시면 됩니다. / 2분 정도 남았는데 더 붙이고 싶은 말 있나요? / 이제 나가주시면 됩니다.
고려대학교,경영대학,(정확히 기억이 안 남.) 답변 시작해주세요. / 시간 종료되었습니다. 퇴실해주세요.
고려대학교,영어교육과,"[웃으며 편한 분위기를 조성함.] 안녕하세요, 앉으세요. 준비한 답변 시작해 주시면 됩니다. / [웃으며 끄덕거림.] / [정리하며 끄덕거림.] 네, 잘 들었습니다. / 아, 나가셔도 됩니다."
광운대학교,건축공학과,"블라인드 면접 공지사항 안내. 자 그럼 시작할게요. 2학년 때 부회장 했는데 힘든 점 있었는지? / (기억이 잘 안나지만 뭐라 말하시다가 마지막에 툭 던짐) 건축학과와 건축공학과의 차이점을 알고 있 / 그럼 건축공학과에서는 건축시공, ○, □, ☆(건축공학 교육과정)에 대해서 배우게 될 텐데 어떤 걸 / 활동 중에서 가장 흥미로운 활동은 무엇이었는지? / 미적분 시간에 건축물과 건축물 사이에 태양광 패널을 설치해서 에너지 공급. 이런 내용이 있는데, / 그럼 태양광 패널을 건축물 사이에서 배치할 때 어떤 각도가 가장 높은 효율적이었나요?(이런 뉘앙스 / 아니 태양광 패널의 각도가 아니라 태양과 패널의 각도에 대해서 물어본 것입니다. / 국어 시간에 AI(로봇)가 건축에 활용되는 사례에 대해서 다룬 내용이 있는데 현재 이런 AI 로봇과 건 / 정보 시간에 안전사고에 대해서 분석했다고 되어있는데, 자료 수집은 어디서 했는지 또 결과는 어땠 / 여기 면접관님들께 마지막으로 하고 싶은 말이 있다면 아주 짧게 해주세요.(이때 시간이 거의 다 되"
광운대학교,국제학부,"면접 시작하겠습니다. 1, 2학년 때 개근이네요. 3학년 때도 개근할 수 있었는데 왜 한 번 질병 지각 / 알겠습니다. / 보통 이 학부에 지원하는 학생들은 사회 과목을 잘하는 편인데 학생은 사회 과목 성적이 낮은 이유 / 2학년 자율에서 베트남어 폰트와 힌디어 폰트를 만들었다고 적혀있는데 자세히 설명해 주세요. / 그러면 (처음 듣는 컴퓨터 용어라서 기억이 안 남.) OO를 사용하신 건가요? / 폰트는 배포하셨나요? / 알겠습니다. 보니까 러시아-우크라이나 전쟁과 국제기구에 대해 쭉 관심을 가져온 것 같네요. 러시아 / 알겠습니다. 그러면 국제기구가 국제사회에서 강제력을 행사할 수 없는데 이에 대한 해결 방안은 무 / 상임이사국이 왜 존재한다고 생각하세요? / 수학2에서 베트남의 인구 구조 변화를 평균변화율을 사용해 예측했다고 했는데 결과가 어떻게 나왔 / 왜 출생률이 감소하는 거죠? / 3학년 때 ‘왜 미국은 이스라엘 편에 서는가’를 읽고 미국이 국익에 도움이 되지 않음에도 불구하 / 알겠습니다. 이제 1분 정도 남았는데 마지막으로 하고 싶은 말 해보세요. / 잠시만요. 그러면 광운대학교 국제학부에서 가장 배우고 싶은 것은 무엇인가요? / 알겠습니다. 수고하셨습니다."
광운대학교,반도체시스템공학부,"바로 면접 시작하겠습니다. 양자역학적 개념을 탐구했다고 하는데, 가장 흥미로웠던 개념같은 것이 / 그럼 불확정성 원리는 어떻게 그런 현상이 나타나는 건가요? / 네, 다음으로 학생 수학 성적이 좋네요. / 근데 영어 성적이 수학에 비해 좀 낮네요? 대학에서는 영어가 좀 많이 쓰이는데 앞으로 어떻게 할지 / 학생 학교생활 중에 반장, 부반장, 동아리장 뭐 이런 역할 같은 거 해본 적 있나요? 있다면 그 역할 / 학생 2학년 동아리 활동 때 전도성 잉크로 발광 다이오드도 켜고 전도성도 측정했다는데, 어떻게 전 / 그 기계 이름이 뭔지 기억하나요? / 그럼, 전도성 잉크가 전도성을 띠는 이유가 뭔지 아나요? / 마지막으로 할 말 있나요?"
광운대학교,산업심리학과,"네, 안녕하세요~ 학교 어떻게 왔어요? / 그렇구나~ 아침 먹었어요? / 훌륭하네요. 그러면 지금부터 긴장 풀고 답변해 보세요. 간단하게 자기소개부터 말해보세요. / 특별히 광운대학교를 희망한 이유가 있나요? / (끄덕끄덕) 1학년 때 도서부장으로 활동하는 등 책을 가까이 하신 것 같은데 책을 고르는 기준이 있 / 아까 희망 진로가 마케터라고 했는데 진로에 영향을 준 책이 있나요? / 네. 책에서 인지심리학적 지식을 바탕으로 설명한다고 했는데 이 책의 저자는 사회심리학자시거든 / (의아하게 쳐다보심) / 진로활동에서 꾸물거림증에 대해 발표하고, 꾸물거림증의 유형을 조사했다고 하는데 유형을 자세하게 / (끄덕) / 고2 때 화법과 작문에서 인지부조화에 대해 조사하고 글을 썼다고 하는데, 인지부조화에 관해 설명 / 네, 시간이 다 되어가서 마지막으로 어필하고 싶은 활동 있으면 말씀해 보세요. / 네, 나가도 좋습니다."
광운대학교,전기공학과,면접관: 네~ 앉으셔도 됩니다. (블라인드 면접 유의 사항 안내해 주시고 시작함.) / 고등학교에서 다양한 활동을 많이 하셨던데 가장 기억에 남는 활동이 뭔지 소개해 주세요. / (고개 끄덕이면서 반응 잘 해주심.) 66.3W요? / 그럼 이 활동 말고 또 가장 기억에 남는 활동 있나요? / 3학년 자율 국제 문제 해결 프로젝트에서 모바일 에너지 키트를 설계했다고 하는데 어떻게 설계하셨 / 그래서 어떻게 설계하셨나요? / 고등학교 수학 과목 중에 가장 어려웠던 과목이 뭔가요? / 봉사활동을 ○○시간 하셨던데 가장 기억에 남는 봉사활동이 뭔가요? / 무슨 이야기 나누셨나요? / 아~ 윷놀이 (웃으심) / 네 시간이 거의 다 돼서 마지막으로 하고 싶은 말하고 나가시면 됩니다.
국민대학교,경영정보학부,"대기 시간이 길었는데 긴장되진 않았나요? 지금 기분이 어때요? / (웃음) 지원동기와 간단한 자기소개 부탁드려요. / 그러면 자신의 꿈을 이루기 위해 학교에서 한 활동이 있나요? / 설계했다는 게 어느 정도까지 활동을 했다는 건가요? / 그렇군요. 2학년 때 보면 화학 쪽에 관심이 있었던 것으로 보이는데 왜 갑자기 경영정보학과에 지원 / 그러면 경영정보학과를 언제 알게 되었나요? / (끄덕끄덕) 그러면 경영정보학과에 와서 이 과목은 꼭 이수하고 싶은 과목이 있나요? / 아 그렇군요. 그러면 그 꿈을 이루기 위한 가까운 미래 즉, 대학교를 졸업하고 어떤 계획이 있나요? / 그러면 대학교 들어오면 어떤 학회에 들어오고 싶나요? / 아 홈페이지에 그런 학회 관련 설명이 올라와 있었어요? / 마지막으로 하고 싶은 말 있나요? / (웃으면서) 수고했어요~"
국민대학교,경영학전공,"안녕하세요, 우리 학교에 지원해 주셔서 감사합니다~ 많이 긴장하셨나요? / 그냥 편하게 이야기하듯이 말씀해주시면 됩니다~ / 2학년 동아리 활동에서 광고 리메이크 활동을 했고, 3학년 진로 시간에 언어와 문화의 차이가 다국 / 말씀 중에 죄송하지만, 이 자료를 어떻게 조사했는지 말해줄 수 있나요? / 그럼 자신의 생각이 아니라 그냥 논문을 읽고 축약해서 발표한 활동이라는 건가요? / 네~ (두 손을 깍지 낀 후 끄덕끄덕) / 학교 축제에서 오페라를 하며 주인공을 맡았네요? / 노래를 잘 부르나요? / 1, 2학년 때에 비해 3학년 때 성적이 많이 올랐는데, 그런 계기가 있나요? / 그럼 1, 2학년 땐 독기가 없었다는 말인가요? / 경영학과에 왜 지원하게 됐는지 그 이유를 말씀해 주세요. / 수학 성적이 부진한데, 여기에 대해 한번 설명해 주시겠어요? / 수학 성적을 올리기 위해 한 본인의 노력이 있다면? / 아까 지원동기에서 행사 기획에 관심이 있다고 했는데, 동아리 활동에 보면 광고 리메이크 활동을 / 시간이 거의 다 돼서, 혹시 마지막으로 하고 싶은 말 있으면 하고 나가시면 됩니다."
국민대학교,광고홍보학전공,지원동기 말해주세요. / 자신의 리더십을 보여줄 수 있는 활동에 대해 말해주세요. / 2학년 영어와 독해 작문에서 광고를 빅데이터와 심리학적 관점으로 분석했다는 활동이 있는데 이에 / 1학년 인공지능 시간에서 인공지능을 활용하여 만든 다양한 광고 사례들을 조사하였다는 내용이 있 / 좋은 광고란 뭐라 생각하나요? / 시간이 거의 다 되어서 마지막으로 하고 싶은 말 해주세요. / 저희 학교에 대해 궁금한 점 없나요? / (웃으시면서) 수고하셨습니다.
국민대학교,기계공학부,자기소개와 기계공학과에 지원하게 된 계기가 뭔가요? / 학교생활 중에 기억에 남는 활동 하나만 말해주세요. / 수학2 시간에 교통량 분석을 경사하강법을 사용해서 측정했는데 이유가 있나요? / 미적분 시간에 자율주행 드론에서 적분을 하여 부피를 측정하고 무게를 측정할 수 있다고 되어 있는 / 마지막으로 하고 싶은 말 해주세요.
국민대학교,바이오의약전공,"예~ 안녕하세요. (분위기가 전혀 무겁지 않고 그냥 대화하는 느낌이었음.) / 우리 학교 처음인가요? / 와보니까 어때요~? / 그쵸~ 그런데 여기가 산에 있어서 다니려면 다리 꽤나 아플텐데~ 괜찮아요~? / 허허허 그래요. (정말 웃음 가득한 분위기임.) / 이제 질문을 좀 시작해볼게요. 학교생활 하면서 가장 힘들었던 경험이 무엇인가요? / 아하 그쵸~ 허허. / 아니 실험을 얼마나 많이 했길래. (두 분이 상당히 웃으심. 정말... 많이 웃으심.) / ?ㅋㅋㅋㅋ삼투압?ㅋㅋㅋㅋㅋㅋㅋ아니 막을 잘못 썼나보네 뭐 썼어요? / (웃음 분위기를 진지하게 가다듬으시며) 그렇죠. 그렇게 해서 또 느낀 바가 있었을거니까... / 3학년에 단백질 기능 탐구했던데 교과서에 있었나요? / 그럼 그 단백질의 1차, 2차, 3차, 4차 구조 중에 2차구조에는 뭐가 있어요? / 그럼 왜 그런 알파나선 베타 병풍이 나타는지 혹시 알아요? / 분광광도계로 실험 진행했던데 분광광도계 뭐 측정했어요? / 아니, 무슨 물질 측정했어요? / 그 물질이 투명했어요? 아니면 색이 있었어요? / (웃으시며..) 불투명했다고? 불순물이 있었나봐요~ 그럼 어떤 파장 사용했는지는 기억나요? / 그럼 BSA의 어떤 점 때문에 그런 흡광도가 나왔는지까지 조사할 기회가 있었나요? / 분광광도계를 어디 있었나요? / 그럼 학교 실험실에서 제일 비싸 보이는 것이 뭐였어요? 이건 좀 비싸겠다 싶은 거. / 졸업 후에 어떤 직업 가지고 싶어요? / 연구원으로써 갖추어야 할 덕목이 뭐라고 생각해요? / 하고 싶은 연구 있어요? / 그 단백질 의약품이 뭔지 알아요? / 오가노이드가 학교 교과서에 있었어요? / 그럼 우리 대학교랑 학과 홈페이지도 살펴봤어요? / 그럼 그 학과 홈페이지에 교수님들이랑 다양한 연구들이 있었을 텐데 뭐가 제일 관심이 갔어요? 아"
국민대학교,사회학과,마지막 번호라..ㅎㅎ 오래 기다리느라 힘드셨죠? 지원동기 말씀해주세요 / 유레카 프로젝트는 어떻게 알게 되었죠? / 축구단이 조금 특이한데 이에 대해 조금 더 설명해주세요. / 그럼 모든 활동을 지원자가 다 한 거예요? 축구단을 운영하려면 예산이 필요한데 어떻게 모았죠? / 그럼 그 축구단은 지금도 하고 있어요? / 3학년 진로활동 시간에도 다문화 인식 관련 실험법을 했다고 했는데 이에 대해 설명해주세요. / 이 활동을 혼자 한 거예요? / 교육은 어떻게 한 거예요? / 마이클 샌델의 ‘공정하다는 착각’을 읽고 이에 대해 보고서를 작성했다고 했는데 설명해주세요. / 마지막으로 수학 성적이...... 낮은데.. 설명해주세요..ㅎㅎㅎ
국민대학교,스포츠건강재활학과,"국민대학교에 지원한 동기를 짧게 부탁드릴게요~~ / 주변 친구나 선생님으로부터 어떤 평가를 받나요? / 본인은 어떻게 생각하나요? / 이유는요? / 출석이 조퇴 하나 빼고는 완벽하네요? 요즘 이런 학생 없는데~, 학생은 빠지고 싶은 생각 없었어요? / 껄껄껄 참한 학생이네요~ / 선도부장, 한국사 반장, 선거관리위원장, 동아리장.. 부장 역할 광장히 많이 했네요. 시간 뺏겨서 꺼릴 / 저희 학교는 꼭 전공을 여러 개 해야 하는 제도가 있어서 그런데, 복수전공이나, 부전공 같은 거 / 스포츠건강재활의 미래에 대해 어떻게 생각하나요? / 아, 그럼 다른 질문을 해볼게요. 이야~ 확통, 기하, 미적, 물화생지 다했네요. 이과를 선택하게 된 / 대학교 오면 뭐부터 하고 싶나요? / (호탕하게 웃으심) 왜요? 아 연구실에 있는 장비 때문인건가요? (또 크게 웃으심) / 다른 학과는 뭐 지원했나요? 아 데이터 쪽에 관심있는 거 같아서~ / 오~ / 농구했던 거 같네요~~, 선수 했었나요? / 아~~ 지역대회 나갈 정돈 했다, 겸손하네요. (하하). 그럼 농구가 왜 좋았나요?"
국민대학교,스포츠건강재활학과,간단히 지원동기 말해볼까요? 말한 내용 바탕으로 저희가 질문드리도록 하겠습니다. / 향후에는 어떠한 사람이 되고 싶어요? 한 50살 때쯤에요. / 그럼 자신을 꽃에 비유하면 어떤 꽃인 것 같아요? / 아 질문이 너무 어려운가? 그럼 반장도 했던데 자신이 어떠한 리더십 유형인 것 같으세요? / 미적분과 화학도 하고 생명도 했는데 이과를 하신 이유가 무엇일까요? / 물리치료와 스포츠재활의 차이가 무엇인지 아나요? / 국민대의 장점 소개해 주세요. / 아 왜 이렇게 시간이 일찍 끝났지. 얼굴에 다 말 못 한게 다 드러나네. 다 잘 알아들었으니까 괜찮아
국민대학교,식품영양학과,"지원동기만 간단하게 말해볼까요? / 네. 커피 찌꺼기 활동이 구체적으로 뭔가요? 무슨 활동을 한 건가요? / 활동하면서 어려운 점은 없었나요? / 네. 리더십 방면에서 자신이 리더로서 했던 경험이 있을까요? / 메타버스 활동은 뭔가요? 정확히 무슨 활동을 했나요? / 할 일이 많았을 것 같은데, 몇 명이서 했던 활동이었나요? / 친구들의 개인 맞춤별 식단표를 작성했다고 했는데, 어떻게 개인별 식단표를 짰으며, 어떤 점에서 개 / 네. 마지막으로 하고 싶은 말이 있나요? 있다면 해보세요. / 네. 수고하셨어요~"
국민대학교,영어영문학부,"안녕하세요, 면접 대기 순서가 딱 중간이라 너무 빠르지도 느리지도 않고 적당했을 것 같은데.. / 활짝 웃는 모습이 보기 좋네요. 학교의 도움을 받지 않고 스스로 노력해 성취감을 이룬 사례가 / 공부 외에 직접 성취감을 느꼈던 사례는 없었나요? / 아하하 아무래도 학생들은 공부만 하니 좀 어렵겠죠.. / 2학년 때 동아리에서 각국의 번역가들의 해리포터 시리즈 번역 과정을 소개했다는데 이것 좀 / 유튜브 영상을 봤다고 하는데 그럼 유튜브 영상만 보고 한 건가요? 아님 다른 언어권 번역을 직접 / 그럼 한국의 번역가들은 어떻게 번역했나요? (보충 설명 요구) / 어 근데 예외 있잖아요. 헤르미온느는 원래 이름이랑 다르잖아요. (영미권에서 허마이오니로 / 아 그래서 사례로 치지 않았다? / 학생 생기부를 보면 문학을 많이 좋아하는 것 같은데, 왜 국문학이 아니라 영문학을 택했나요? / 3학년 때 셰익스피어 햄릿에 대해 탐구했다고 하는데, 직접 햄릿을 읽은 건가요? 뭐 어떤 식으로 / 생기부를 보면 번역가로서의 소명 의식을 발휘했다고 적혀있는데, 이 소명 의식이 뭘까요? / 요즘 AI 번역에 대해 어떻게 생각하시나요? 인간 번역가들에게 자리가 남아있을까요? 시간이 없어서 / 그래서 인간 번역가들에겐 아직 자리가 남아있다? / 아 시간이 많이 없어서.. 안 될 것 같아요."
국민대학교,인공지능학부,"자리에 앉으세요. 우리 학과에 지원하신 이유가 무엇인가요? / <교양 한 스푼, 설명 가능한 AI>를 읽고 토론을 했다고 하는데, 설명 가능한 AI가 무엇인가요? / 구체적으로 어떤 것을 출력하는 건가요? / 동아리 시간에 RSA알고리즘에 대해 탐구했다고 하는데 암호화, 복호화 과정과 구체적인 활용 예시를 설명해 주세요. / ETL 프로세스와 SQL 코드에 대해 심화탐구했다고 하는데, 이에 대해 설명해주세요. / 아까 잠깐 얘기해주셨지만 교무실 키오스크는 다같이 만든건가요? / 그렇다면 그 안에서 자신의 역할은 무엇이었는지, 어려움은 없었는지 말씀해 주세요. / 교육 사이트 교사 추천 시스템을 구현했다고 하는데 어떻게 구현했는지 설명해주세요. / 실제로 친구들과 함께 사용해봤나요? / 마지막으로 하고 싶은 말이 있으면 해주세요."
국민대학교,정치외교학과,"(웃으시며) 네, 안녕하세요. 자리에 앉으시면 됩니다. / 오시느라 수고 많았어요. 마음 편하게 드시고 자기소개 및 지원동기 들어볼게요. / 1학년 때부터 정치연구원이라는 흔하지 않은 진로를 설정했는데 왜 이런 진로를 선택하게 되었나요? / 팬덤 정치에 대해 연구 많이 한 것 같은데 팬덤 정치에 왜 주목하게 되었나요? / 3학년 윤리와 사상 시간에 ‘국가란 무엇인가’라는 책을 만들고 탐구를 진행했다고 했는데 이 내용 / 철학 공동교육과정을 수강하며 마키아벨리의 군주론과 마르크스의 자본론에 대해 탐구했던데, 이해하 / 아~ 그럼 청소년을 위한 군주론과 같은 책과 자료를 보며 탐구했다는 말인 거죠? / 그럼 이 책들은 학교 선생님들이 추천해주셔서 접하게 된 것인가요? 아니면 본인이 탐구해보고 싶어 / (두분 다 고개 끄덕이시고 웃으면서) 마지막으로 하고 싶은 말 있으면 해보세요."
국민대학교,지능형ICT융합전공,"안녕하세요. / 이렇게 들어오셨는데 간단하게 자기소개하고 왜 이 과에 들어오고 싶었는지 말씀해주세요. / 생기부에 고급 수학 과목을 이수하셨다고 되어있는데 아무래도 이수자 중 a의 비율도 많고... 그 내 / 괜찮습니다. 다 그런 어려운 내용을 배우러 대학교에 오는 것이니까요. 그럼 학생이 했던 과목들 중 / 수학에도 여러 가지 분야가 있는데 본인이 잘하는 것, 못하는 것에 대해 알려주세요. / 동아리 활동 많이 하셨는데 의미 있는 활동 하나 말씀해주시겠어요? / 생기부 보니 드론처럼 비행체에 대해 많이 탐구해보셨는데 그 이유에 대해 알 수 있을까요 / 네. 수고하셨습니다. 나가셔도 좋아요."
국민대학교,지능형반도체융합전자전공,자기소개 및 지원동기 말해주세요. / 미적분시간에 이상적분에 대해서 탐구했는데 설명해주세요. / 고등학교 생활하면서 나눔이나 배려한 경험 말해주세요. / oled qled 차이를 특징과 함께 설명해주세요. / 반도체 공정실습하셨다고 했는데 그 과정에서 주로 어떤역할을 맡으셨나요? / 반도체 공정실습 이런 건 어디서 한 거예요? / 탐구 주제같은 경우는 어디서 찾는거에요? / 다항식 방정식 차이가 뭔가요. / 마지막 말해주세요.
국민대학교,한국역사학과,"지원동기 말씀해 주세요. / 동아시아 교과는 배우지 못했는데 이를 보완하기 위해 어떠한 노력을 했나요? / 그럼 동아시아 관련 도서를 읽어본 적이 있나요? / 1, 2학년에 봉사 활동 시간보다 3학년 땐 시간도 없었을텐데 이렇게 3학년 때 봉사 활동에 집중하게 / 영어성적이 다른 과목에 비해 그렇게 좋지는 않은데 공부를 할 때 많은 노력을 했을 거 같아요. 어 / 그럼 마지막으로 자신의 강점을 이야기하면서 마무리 해주세요."
단국대학교,건축학부,봉사 활동 중에 지식 나눔 활동이 있던데 이게 무슨 활동이죠? / 소음 지도 제작 활동이 있는데 지도를 어떻게 제작했나요? / 소음 지도 제작 활동에 대해 추가 질문을 하나 더 하겠습니다. 소음을 측정할 때 어떤 측정기를 사 / 건축가의 사회적 역할에 대해 쓴 것이 있던데 건축가의 사회적 역할이 뭐라고 생각하나요. / 건축을 하기 위해서는 물론 공학적 지식이 매우 필수적이라고 생각합니다. 지원자는 설계가 하고 싶 / 조화로운 건축이라는 것을 작성했던데 조화로운 건축이 무엇이라고 생각하나요?
단국대학교,경영학부,오시느라 수고 많으셨습니다. 우선 저희 단국대학교 경영학부에 지원하게 된 동기 한번 말해볼까요? / 2학년 진로 활동에서 무엇을 했는지 말해보세요. / 그게 본인이 창업하는데 있어서 어떻게 적용될 수 있을까요? / 3학년 공동교육과정에서 탐구했던 ~에 대해서 설명해보실래요? / 1분 정도 남았는데 마지막으로 하고 싶은 말 있나요? / (약간 웃으심) 수고하셨습니다. 자리 일어나셔서 퇴장하시면 됩니다.
단국대학교,융합반도체공학과,자기소개랑 이 과를 지원하게 된 동기 말씀해주세요. / 동아리에서 반도체를 이용해서 한 활동이 있나요? / 고등학교 3학년 때 동아리 시간에 무선 충전 실험을 했는데 어떤 실험이었나요? / 어떤 역할을 했나요? / 그럼 무선 충전을 하진 않았네요? / 고등학교 3학년 때 실생활 속 문제점 찾기 활동을 했는데 반 자동문을 제안한 걸로 보여요. 이런 활 / 학급 임원을 했던 경험이 많은데 하면서 친구들과 트러블이 있던 경험이 있을 것 같아요. 뭐가 있었 / (뭐라 질문하셨는데 시간이 끝남)
단국대학교 전자전기공학과 학생부종합 창업인재,ㄱ,"자기소개나 지원동기 들어볼까요? / 긴장하지 말고, 편하게 질문에 답해주시면 됩니다. / 3학년 동아리 시간에 트랜지스터 논리회로를 구성했다고 되어있는데 어떻게 무엇을 한건가요? / 부원들을 이끈다거나 그런 활동은 없었나요? / 트랜지스터는 무엇을 사용했나요? / 전류는 어느 정도로 사용했나요? / GPU와 HBM3가 AI에 어떤 영향을 미치나요? / EMI와 EMC에 대한 논문을 탐독했었다는데 이거 어떤건가요? / GPU와 HBM3로 구축한 AI 시설에 EMC, EMI가 어떻게 적용될 수 있을까요? / 영어 시간에 업사이클링 관련한 활동한 거 기억나나요? 난다면 답변해주세요."
단국대학교,정치외교학과,"진학 후에 무슨 일이 하고 싶은가요? / 외교관이 되는 절차도 알아요? / 외교관이 되고 싶었던 이유가 있나요? / 대외 원조에 대해 활동한 내용이 있던데 이것에 대해 설명해 줄 수 있을까요? / 대외 원조, 영어로 development assistance(해외원조에 관한 전문 영어 단어였던 거 같음)에 대한 것에 대 / 해외원조가 무역이나 국익뿐만 아니라 다른 요소들에 의해서도 결정이 될 텐데 이에 대해서 다른 의견 / 다른 면접관님도 질문해 주세요. / 생기부 보니까 이과에서 문과로 전과를 했던데.. (안내자가 면접 종료 1분 전임을 알림) / 문과로 전과를 한 거죠? 이 부분에 대해서 본인이 생각하는 도움이 됐던 점이라던가 그런게 있나요? / 네 수고했어요."
덕성여자대학교,글로벌융합대학(인문사회),"거의 마지막 순서인데 준비한 거 다 말하고 가요. 면접 시작할게요. 3학년 때 미디어를 통한 질병에 / 그럼 학생은 어떻게 개선되어야 한다고 생각하나요? / 숏폼 컨텐츠 소비와 정치적 무관심 관련 탐구를 했다고 되어있는데 어떤 과목에서 탐구한지 알고 있 / 3학년 때 정치적 올바름과 사피어-워프 이론에 대해 탐구했어요. 정치적 올바름과 사피어-워프 이론 / 어려운 주제에 대해 많이 탐구했네요? 2학년 때 러다이즘에 대해 탐구했는데 이 내용 설명해보세요. / 그럼 본인은 네오 러다이즘에 대해 어떻게 생각해요? / 이제 마칠 시간이 다 됐는데, 마지막으로 하고 싶은 말 있으면 해보세요."
덕성여자대학교,글로벌융합대학(인문사회),"네, 안녕하세요. 3학년 동아리 시간에 암호화폐 세금 구조와 블록체인 기술을 융합한 스타트업 활동 / 창업 아이디어 구상 활동이잖아요. 수익 구조는 어떻게 했나요? / 트럼프 관세 정책으로 암호화폐가 어떻게 변동되는지 말해줄래요? / 3학년 진로시간에 ‘나는 세계 일주로 자본주의를 만났다.’ 독서 활동에서 자본주의라는 경제 시스 / 우리가 커피를 소비하면 왜 개발도상국 농민들이 빈곤에 처하게 되나요? / 마이크로크레딧? 이 활동은 뭐예요? / 빈곤을 해결하기 위해 기업이 할 수 있는 일은 뭐라고 생각하나요? / 2학년 경제 수학에서 ‘러시아의 경제적 쇼크 요법’에 대해 탐구한 활동에 대해 설명해 주세요. / 1학년 때 반장을 하셨는데, 리더십의 장점이 뭐라고 생각하나요? / (밖에서 면접 도우미분들이 끝났다며 노크하심) 네, 마지막으로 할 말 있으면 천천히 하고 나가시면 / (웃음) 네, 수고하셨습니다."
덕성여자대학교,자유전공학부,"마지막 순서라서 많이 기다렸겠네요. 긴장은 좀 풀렸죠? / 오면서 학교 교정은 좀 돌아봤나요? / 그럼 생기부에 대해서 질문을 좀 해볼게요. 영어권 문화에서 미국과 영국의 계층 의식에 대해 탐구 / 수학이 다른 과목에 비해 유독 낮은데 그 이유라도 있을까요? / AI 데이터 센터의 전력 수요 증가 추이와 사용자 검색 방식별 전력 소비량을 비교 분석했다고 되어 / 네, 그 부분 뒤에는 님비와 핌비 현상으로 더 조사한 것으로 보입니다. / 님비와 핌비 현상이 뭔지 설명해주시겠어요? / 이반 일리치의 죽음과 운영전을 통해 죽음의 의미와 삶의 방향성을 탐구해보았다고 하는데 이 둘의 / 네, 시간이 다 됐네요. 수고하셨습니다."
동국대학교,경영대학,"네, 안녕하세요. 경영학과의 지원하게 된 동기가 무엇인가요? / 반장을 역임하셨는데 반장을 하면서 가장 어려운 점이 무엇이었고, 그 문제에 대한 해결은 어떻게 / 동아리 활동 개설 과정에서 가장 기억에 남는 부분과 동아리 활동 중 가장 인상 깊은 건 무엇이었는지 / 존경하는 직업인 조사에서 일본의 경영자 이나모리 가즈오를 선택했는데 선택한 이유가 무엇인가요? / 근데 이게 중소기업에서는 가능할 수 있다고 해도 대기업 같은 큰 기업의 경우는 실현하기 어려울 / 활동에서 ESG 공시를 한 게 있네요. 요즘 ESG 공시가 많이 화제가 돼서 그린워싱 같은 문제도 발생 / 기업 이름 말해도 됩니다. / 다른 면접관: 어느 기업이예요? / 네, 뭐 더 하고 싶은 말 간단하게 10초 정도로 해주세요. / 네 수고하셨습니다.~"
동국대학교,광고홍보학과,"네 안녕하세요. 면접 순서가 첫 번째이신데, 떨리지는 않으세요? / 지원동기 좀 말해주실래요? / 전체적으로 생기부에 외식산업에 대한 활동이 많이 보이네요. 이러한 활동을 많이 한 이유 말해주세요. / 외식광고에서 가장 중요하게 생각하는 가치 하나만 말해보세요. / 예시 광고 한 가지만 말해보세요. / 3학년 자율활동 시간에 브랜드 슬로건 변화와 소비자 심리 분석에 대한 활동을 했는데, 이에 대해 설명 / 2학년 영독작 시간에 빅데이터와 심리학의 조화로 광고를 분석했다는 내용이 있는데, 이에 대해 설명해 / 맞춤형 광고를 진행하다 보면 소비자들이 개인정보 침해에 대해서 우려하지 않을까요? / 2학년 동아리 시간에 방문자 구매 유도 행동 콘텐츠를 심리학적 개념과 연결해서 한 활동이 적혀있는 / 시간이 거의 다 되어서 마지막으로 언급하고 싶은 활동에 대해 말해주세요! (시간이 꽤 지났고, 마지막"
동국대학교,국제통상학과,우리 학과에 지원한 동기를 이야기해 주세요. / 경영 분야에 관심이 좀 많아 보이는데 국제통상쪽을 지원한 이유가 있을까요? / 경제 분야에도 관심이 있어서 여러 탐구활동을 진행한 것 같은데 혹시 경제와 관련한 과목은 수강하 / 환율 동락 시뮬레이션을 실행했다는데 어떤 시뮬레이션을 한 것인지 설명해 주세요. / 마지막 할 말 있으면 해 주세요.
동국대학교,수학과,"간단하게 지원동기와 함께 자기소개 30초 내외로 말해주세요. / 1학년 동아리에서 ELISA 기법에 대해 탐구했는데 ELISA 기법의 생물학적, 화학적 성질이 뭔지 설명 / SIR 모델에 대해 탐구했다고 하는데 SIR 모델에 대해 설명해주세요. / 미분방정식이 뭔가요? / 3학년 미적분 시간에는 입실론 델타 논법을 탐구했다고 하는데 입실론 델타 논법에 대해 함수 하나 / 3학년 때 학생들에게 수학 교육과정 설명회에서 각 과목의 특성과 함께 수학이 어디에 사용되는 지 / 경제 수학은요? / 마지막으로 준비한 말이나 하실 말씀 있으면 30초 내외로 하세요."
동국대학교,수학교육과,"네, 안녕하세요. 지원동기 말해주세요. / 3학년 수학 세특에서 설문조사를 통해 학생들이 가지고 있는 오개념에 대해 조사했다고 하는데 어떤게 있었죠? / 왜 가 에서 미분이 불가능하죠? / 여기서 미분계수가 존재하지 않는다는게 무슨뜻이죠? / 좌미분계수와 우미분계수가 뭐죠? / 네, 다음 질문 할게요. 2학년 독서 세특에 방관자의 심리에 대해 알아보고 교사의 역할에 대한 보고 / 2학년 확률과통계에서 이항분포와 정규분포에 대해 다뤘던데 이항분포와 정규분포의 정의에 대해 말 / 방금 베르누이 시행이라고 했는데 베르누이 시행이 뭐죠? / 이항분포와 정규분포의 관계는 어떤가요? / 네~ 다음 질문할게요. 2학년 동아리에서 물리와 수학을 융합해서 건물의 높이를 재는 활동을 했다고 / 음 탄젠트 공식 썼다고 하는데 삼각함수는 뭐고 탄젠트가 뭐죠? 아.. 다시 질문할게요. 탄젠트가 뭐죠? / 네 탄젠트 밑변 분의 높이가 어떤 상황에서 사용돼요? / 하하 많이 긴장해서 그런가보네요~ 다음 질문할게요. 3학년 비교문화 시간에 핀란드와 한국의 교육을 / 동아리 시간에 AI의 교육적 활용에 대한 보고서를 작성했다고 하는데 수학교육에 어떤 이점을 지니 / 구체적으로 수학교육에서 어떤 이점을 지닐 수 있나요? / 네, 벌써 시간이 다 됐네요. 마지막으로 할 말 있나요?"
동국대학교,식품바이오융합공학과,"안녕하세요. 우선 우리 학과에 지원하게 된 동기를 말씀해주세요. / ‘초가공식품’도서를 읽었던데, 어떤 의도를 가지고 읽었었나요? / 초가공식품은 아무래도 영양가가 거의 없는데, 이것에 대해선 어떻게 생각하세요? (질문이 정확히 / 혹시 ‘반데르발스 힘’에 대해서 아시나요? (심화탐구 했던 내용과 관련된 용어였음. 탐구 과정에 / 아 괜찮습니다. 그럼 조금 풀어서 다시 질문드려볼게요. 화학2에서 극성 분자와 무극성 분자가 약한 / 식품 안전에 관한 걱정이 많은데, 이를 어떻게 해결할 수 있을까요? / 세포 내 섭취 작용을 탐구하면서 식세포 작용, 음세포 작용, 수용체 매개 섭취 작용 원리의 차이를 / 괜찮습니다. 마지막으로 30초 정도 남았는데, 하고 싶은 말이 있으시면 해주세요."
동국대학교,식품바이오융합공학과,"일단 동국대학교에 지원하게 된 지원동기를 말씀해주세요 / 지금 지원동기에서 모두를 위한 식품 만들고 싶다고 하고 실제로 생기부에도 많이 했더라고요. 그중 / (2학년) 화1 시간에 양적 관계 실험을 한 것 같은데 무엇인지, 왜 했는지 설명해주세요. / 네, 편하게 생각나면 말하세요. / 보니까 3년 동안 학급임원을 했던데 왜 이렇게 많이 한 건지 말해줄래요? 뭐 나서는 게 좋아서 했다 / (2학년) 카페인 추출 실험을 하게 된 이유? 한 목적이 뭐예요? / 그 극성 무극성이 식품에서 어떻게 이용되는지 말해볼래요? / 네. / 분자에서 극성 무극성이라는 개념이 무엇이고 왜 생기는지 설명해주세요. / (3학년) B세포와 T세포의 항원 인식 기전 차이를 탐구했다고 했는데 설명해주세요. / MHC 단백질이 뭐예요? / 이제 시간이 몇십 초밖에 안 남아서 마지막으로 하고 싶은 말 있으면 하세요."
동국대학교,연극학부,"학교에 지원한 동기 / (첫 질문이 기억이 안 나는 데 생기부 관련 내용은 아니었고, 그냥 생각을 물어보는 질문이었음) / 결석, 지각이 한 번도 없는데 정말 성실하네요. 체력이 좋은 편인가요? / 고등학교 생활 중 아픈 적도 없었나요? / 힘도 센가요? / 엄마가 쌀 포대 옮겨달라고 하면 옮길 수 있어요? / 램프 요정 지니에게 세 가지 소원을 빌 수 있다면 어떤 소원을 빌 것인가요? / 행복이 뭐라고 생각해요? / ""얘들아, 조용히 해!""를 지금 할 수 있는 가장 큰 소리로 해봐요. / 그래도 계속 떠들어요. 계속 해봐요. / 그래도 조용히 하지 않으면 어떻게 할 건가요? / 이 와중에 스무살이라는 책을 읽고 작가와 이야기를 나누어 보았는데 그렇다면 성장이란 무엇이라고 / 그럼 학생의 단점을 극복한 사례를 말해보세요. / 가장 사적인 것이 가장 흥미롭다라는 생각을 가지고 활동했다고 하는데 설명해줄래요? / 4살 아이한테 연극이 무엇인지 설명하듯이 쉽게 설명해봐요. / 4살 아이, 조카한테 설명한다 생각하고. / 이 질문을 왜 한 것 같아요? / 생활기록부를 보니 문화 현상에 관심을 가지고 탐구한 내용이 많은거 같은데, 어떤 활동을 했나요? / 예술이 할 수 있는 역할이 무엇이라고 생각해요? / 예술이 어떻게 그런 역할을 할 수 있죠? / 마지막으로 하고 싶은 말 있나요?"
동국대학교,융합환경과학과,네 안녕하십니까. 긴장 너무 많이 하신 것 같아요. 지원동기 말씀해주시겠어요? / 네. 3학년 진로 활동을 보니 ‘식물은 오염물질을 선택적으로 흡수할 수 있는가? ’에 대해 탐구하셨어요. / ㅎㅎ 긴장을 너무 많이 하신 것 같아요. 2학년 때 자율활동에서 소그룹을 조직했는데 어떤 역할과 해동을 / 네. 문학에서 시를 쓰셨는데... 잃어버린 것들 이라는 제목으로 회색의 나무에게 악수를 건넨다는 구절이 적 / 아 저희 융합환경과학과는 인문학적 소양 또한 중시하기 때문에 여쭤봤습니다ㅎㅎ (참고하세요.) 활동 중에 / 1학년 때 선생님께서 써주신 내용을 보면 다정다감한 성격이라는 말이 있어요. 왜 이런 말이 나온 건지 가 / (타이머는 따로 울리지 않음.) 아 이제 시간이 1분 정도 남아서 우리 학과에 오게 된다면 이루고 싶은 목표
동국대학교,의료인공지능공학과,자기소개와 지원동기 말씀해주세요. / 1학년때부터 일찍 의료공학 쪽에 관심을 가진 것 같은데 했던 활동들 중에 가장 기억에 남는 것이 / 인공지능이 그걸 감지하기 위한 방법을 생각해봤나요? / 구체적인 원리도 한 번 설명해주겠어요? / 기하 시간에 GPS의 위치추정 알고리즘에 대해 탐구했던데 설명해줄 수 있나요? / 네 말씀해주세요. / 뇌 컴퓨터 인터페이스에 대해 공부해봤는데 이게... (멀고 작게 말씀하셔서 잘 안 들리고 질문이 좀 / 경사하강법이 무엇인가요? / 마지막으로 하고 싶은 말 있으면 하고 마무리할게요.
동국대학교,의생명공학과,"우리 학과에 지원한 동기와 학업 계획 말해주세요. / 동아리에서 mRNA 백신에 대해 탐구했던데, 어떤 원리인지 설명해주세요. / 그럼 mRNA는 세포의 어디로 들어가야 하죠? / 세포질보다 먼저 핵으로 들어가야 하죠? / 3D 프린팅 기반 인공장기 탐구 과정에서 제기된 문제와 해결을 위한 방안에 대해 설명해주세요. / 생체 시계에 대해서도 탐구하셨네요? 무슨 내용이었나요? / 1학년 동아리에서 노화 방지 기술에 대해 탐구하셨는데 결과가 어땠죠? / 확률과 통계와 미적분을 모두 수강하였는데 기하만 수강을 안 한 이유가 있을까요? / 물리1과 물리2도 다 수강하셨네요? 그럼 파동과 진동의 차이가 뭔지 아나요? / 미적분 교과에서 DNA의 초나선 구조를 미적분적으로 분석했네요? / 의생명공학과가 일산에 있는 거 알고 있나요? / 마지막으로 할 말 있으면 해주세요."
동국대학교,정치행정학부,1학년 때 미국 수어에 대해서 발표했네요. 이거에 관해서 말해줄 수 있나요? 이게 소통에 관한 부분 / 미국 수어 어느 정도 할 수 있나요? / 그럼 한국 수어는 더 잘하나요? / 영어 성적이 좋은데 영어가 북한과의 소통에 있어서 어떻게 쓰일 것 같나요? / 북한에 대한 관심이 1학년 때부터 일관된 것으로 보이는데 북한에 대해 관심을 갖게 된 계기가 무엇인가요? / 3학년 때 동물농장을 읽고 북한의 권력 구조를 조사했다고 하는데 이에 대해 말해보세요. / 연탄 봉사했는데 어떤 지역에서 연탄봉사를 했는지 그리고 직접 날랐어요? / 마지막으로 하고 싶은 말?
동국대학교,지능형네트워크융합학과,"네, 자리에 앉으세요. 동국대학교에 지원한 동기가 어떻게 되나요? / 생활기록부에 있는 내용을 기반으로 질문하겠습니다. 3학년 진로활동에서 C언어로 교사 추천 시스템 / 그러면 교사를 어떻게 벡터화시킨건가요? / 알겠습니다. 동아리에서 RSA알고리즘에 대해 탐구하고 수학 신문을 제작했다고 하는데, RSA알고리즘 / 확률과 통계 교과에서 최소제곱법에 대해 탐구를 했는데, 왜 탐구했는지, 탐구 후에 알게 된 점은 무 / 정보 교과에서 데이터 편향 문제에 대해 다뤘던데 이에 대해 설명해 주시고 어떻게 해결할 수 있는 / 마지막으로 하고 싶은 말이 있나요?"
동국대학교,통계학과,"지원동기 말해주세요. / 야구와 관련된 탐구를 많이 진행하신 것 같은데, 야구와 베이지안 통계가 무슨 연관성이 있나요? / 그럼 스탯에서 무엇을 사전확률, 사후확률로 설정했나요? / 스탯을 만들기 위해서는 모델이 필요했을텐데 무슨 모델을 사용했나요? / 고등학교 기하 시간에 PCA에 대해 탐구했네요. 이에 대해 설명해주세요. / 시계열 탐구를 하며 배운 점이 있다면 말해주세요. / 마지막으로 하고 싶은 말이 있으면 하세요."
동국대학교,통계학과,"안녕하세요. 지원동기 말해주세요. / 1학년 때 선형회귀분석을 했다고 하는데, 어떤 데이터를 분석한 건가요? / 약물 흡수 속도가 어떤 약물을 말하나요? 주사약? 복용하는 약? / PCA분석이랑 KNN모델로 뇌졸중 예측을 해보았다고 하는데, 이거 설명해줄 수 있나요? / 조금 더 자세히 설명해줄 수 있나요? / 그럼 활동을 하면서 데이터 분석의 중요성을 깨달았다고 하는데 이건 무슨 내용인가요? / 여기 ‘데이터의 특성과~~ 데이터 전처리의 중요성을 강조함’이라고 써 있네요. / 데이터를 추출해서 불균형을 없앤다는 게 뭔가요? / 결정트리 모델에서 데이터 불균형이 있으면 어떤 문제가 생기는데요? / 약학이나 생명과학 분야에도 관심이 있는 것 같은데, 통계학으로 진로를 완전히 바꾼 건가요? / 확률과 통계 시간에 베이즈 정리에 대해 탐구했던데 설명해주세요. / 여기 통계학과에 와서 배우고 싶은 분야가 있나요? / 그러면 생명과학 분야에만 관심이 있는 건가요? (지원동기에서 약학이랑 융합한 통계학 연구를 하고 / 네, 마지막 말 해주세요. / 네 수고하셨어요."
동국대학교,화공생물공학과,지원동기 한 번 말해볼까요? / 1학년 때 통합과학에서 타우단백질에 대해 심도있게 탐구하기 위해 관련 논문을 탐독했다고 하는데 / 3학년 생명과학 때 차세대 염기서열 분석법과 PCR의 원리를 분석했다고 했는데 차세대 염기서열 분석법 / 2학년 물리 시간에 불법 마약 탐지를 위한 물리적 원리와 효율적 분석 방법을 탐구하였다고 하는데 / 과학 성적이 전체적으로 저조한 편인데 나중에 대학교 와서 어떻게 극복할지 계획이 있나요? / 진로활동 영역을 보면 진로가 다양하면서 굉장히 많은 활동을 했는데 그 중 가장 기억에 남는 활동 / 자기 습관이 철저하다 (구체적인 질문 내용이 기억 안남)라고 적혀있는데 자기만의 자기 습관 방법이 / 마지막 질문이 될 것 같은데 2학년 생명과학 시간에 남성이 여성보다 자폐 스펙트럼이 4배 높은 이유에 / 시간이 다 되어서 여기까지 하겠습니다. 긴장 많이 했을 텐데 수고했어요.
동덕여자대학교,글로벌지역학부,"안녕하세요. 자리에 앉으셔도 됩니다. / 오면서 괜찮았어요? 어떻게 왔나요? / 설레면서 왔군요. (웃으면서 긴장 풀 수 있도록 도와주셨습니다.) 누구랑 왔어요? / 언니랑 사이가 좋아요? / 그래요. (웃음) 이제 시작하겠습니다. / 일본어 공부는 어떻게 했어요? / 일본어랑 영어랑 둘 다 같은 언어인데, 다른 것이 있나요? (왜 둘 다 같은 언어인데 일본어에 비해 / 그러면 일본어가 더 좋은 이유가 있나요? / (정확히 기억나진 않지만, 이 질문 역시 일본어과를 왜 선택했냐는 듯한 어감의 질문이었습니다.) / 말하는 중에 미안하지만, 더 물어보고 싶은 것이 있어서요. / 우리 학교에 들어온다면 무엇을 배우고 싶고, 미래에는 어떤 일을 하고 싶나요? / 봉사활동 중에 기억에 남는 것 있어요? / 네 수고 많으셨습니다. 이제 나가보셔도 됩니다."
앙트러프러너리얼리더십학부,동덕여자대학교 학생부종합 동덕창의리더전형,"네, 안녕하세요. 먼저 자기소개 해주세요. / MICE 산업에 대해 언제 알게 되었나요? MICE 산업이 뭐라고 생각하나요? / 리더십이 많은 학생인 것 같은데, 1학년 때 반장으로 활동했던 경험에 대해 말해주세요. / (웃음) 말을 굉장히 잘하시네요. 혹시 이런 커뮤니케이션이나 가치관에 영향을 준 생기부 외의 도서 / (약 30초 경과 후) 생기부 내의 도서를 말씀하셔도 괜찮아요. / APEC이 MICE 산업과 연관이 깊어요. 지금 APEC 기간이잖아요. 앞으로 대한민국이 나아가기 위해 / (끝나는 타이머가 울림) 네, 수고하셨어요. 나가셔도 됩니다. 아, 혹시 마지막으로 하고 싶은 말 있나요? / 네, 수고하셨습니다."
동덕여자대학교,인문학부,"자기소개 먼저 해주세요. / 시 창작 수업에서 제일 좋았던 건 뭐였어요? / 1학년 때 글쓰기 동아리에서 좋은 작품을 선정해 소개했다고 쓰여 있는데, 어떤 기준? 어떤 걸 좋은 / 글쓰기 동아리에서 릴레이 소설 쓰기 활동을 주도했다 쓰여있는데, 어떤 활동이었어요? / 좋아하는 소설, 시 있어요? 분야별로 말해보세요. / 미디어에 대한 관심도 있는 걸로 보이는데, 문학과 관련지어 말해볼래요? / 미디어에 대한 관심이 많은 것 같은데, 그렇다면 최근에 재밌게 본 공연이 있나요? 극장에서? / 문예창작학과는 다른 학교도 있는데, 왜 우리 학교여야 하는지 말해 볼 수 있어요? / 커리큘럼을 봤어요? / 미디어 관련 수업이라면 드라마 창작 같은 걸 말하는 거에요? / 이제 시간이 얼마 남지 않았는데, 마지막으로 하고 싶은 이야기 해주세요. / 네, 수고하셨습니다."
동덕여자대학교,자연과학부,"면접번호 6번 맞으시죠? / 그럼 간단한 질문부터 시작해볼게요. 지원동기 말씀해주세요. / 네~ 목소리만 들어도 엄청난 리더십이 느껴지는데.. 고교 생활 3년 동안 반장을 했다고 적혀있는데 / 제가 지금 두 가지 질문을 드릴 건데 잘 들어보세요. 두 가지 질문 중에 한 가지만 골라서 원하는 / ‘통계의 함정’을 읽고 통계 자료의 신뢰성과 정확성을 알아보았다고 되어있는데 이 책에 대해서 / 생기부를 보니까 백신에 대해서 많은 활동을 하고 많이 알아본 것 같은데 그럼 학생만의 백신 접종 / 동아리 활동을 보니까 자연과학 쪽 실험을 많이 한 것 같은데 저희 학과와 관련된 활동을 한 적이 / 아니요. 학교에서 했던 활동 아무거나 괜찮아요~ / 네~ 그럼 시간이 얼마 안 남았는데 마지막으로 하고 싶은 말 있으시면 해주세요~ / 하하하하!! 네, 잘 들었습니다. 안녕히 가세요~"
명지대학교,건축학부,(손으로 가리키며) 앉으세요. 면접은 5분 내외로 진행됩니다. / 저희는 학생의 인성에 대해 궁금한 게 많아요. 혹시 리더십을 발휘만 경험 있나요? / 아 1학년 때 반장을 하셨군요. 그럼 반장말고 다른 경험 있나요? / 혹시 건축 동아리에서는 무슨 활동을 하였나요? / 실험에 대해 구체적으로 말해주세요. / 혹시 건축학과 건축공학의 차이를 아시나요? / 네 그렇군요. 그럼 혹시 살면서 진정성 있게 봉사 활동한 경험이 있나요? / 네 그렇군요. 시간이 다 되어서 마지막 말씀 짧게 듣고 갈게요 / 네 잘 들었습니다.
명지대학교,경영학전공,"면접 시작하겠습니다. 지원동기를 간단하게 말씀해 주세요. / 경영에서 공급망 관리가 중요한 이유가 뭐라고 생각하시나요? / ESG 경영이 무엇인지 설명해 주세요. / 학생부에 ESG 경영에 MZ 세대가 미치는 영향을 탐구했다고 적혀있는데 MZ 세대가 어떠한 영향을 / 2학년 동아리에서 경영학의 요소 중 인사관리에 대해 자세하게 탐구했다고 적혀있는데, 인사관리를 더 / ESG 경영을 실천한 기업의 사례 중 기억에 남는게 있으신가요? / 시간이 다 되었는데 마지막으로 하고 싶은 말 있으신가요?"
명지대학교,법학과,안녕하세요. 면접 시작하겠습니다. 5분 타이머를 설정해 놓았는데 4분 30초가 되면 타이머가 울립니다. / 먼저 쉬운 질문부터 하겠습니다. 우리 학과에 지원하게 된 동기가 무엇인지 알려주세요. / (작성한 기초 자료에 대한 질문) 시험지 유출 사건에 대한 경험을 겪었다고 적혀있는데 잘 해결했나요? / 어떻게 해결하였나요? / 학교생활 중 이 학과와 관련한 활동을 한 적이 있다면 소개해주세요. / 이제 마지막으로 하고 싶은 말 있으면 해주세요.
명지대학교,법학과,"(못 들으신 것 같음) / 아 네, 여기 앉으시면 됩니다. / 안녕하세요 / (웃으시며) 너무 긴장하신 것 같은데 긴장 푸셔도 됩니다. / 면접 시간은 5분이고 4분 30초일 때 이 스톱워치가 울릴 겁니다. 당황하지 마시고 하시던 말 30초 / 첫 번째 질문은 먼저 자기소개를 해주세요. / (끄덕이시며) 네, 법학 분야에 관심이 많은 것 같은데 이 분야에서 배우고 싶거나 본받을 점이 있는 / 아까 존경하는 롤모델로 권일용 프로파일러를 뽑으셨는데 그럼 프로파일러의 길도 생각하고 있는 / 앞으로 명지대학교에 입학 후 구체적인 학업 계획이 있나요? / (끄덕이시며) 아까 정치와 법 수업을 들으며 법을 다양하게 배우고 활동을 했다 했는데 다른 동아리 / (웃으시며) 괜찮아요. 계속 하세요. / (끄덕이시며) 마지막으로 하실 말씀 해주세요. / 네, 잘 들었습니다. (옆 면접관에게) 더 하실 질문 있으신가요? / (서류를 정리하시며 고개를 저으심) / 네, 면접이 마무리되었습니다. 이제 나가시면 됩니다."
명지대학교,스마트시스템공과대학,"친구 관계에서 가장 본받고 싶은 친구에 대해 설명해 주세요. / 물리Ⅰ과 물리Ⅱ를 이수하지 않았는데 공과대학에 지망했네요. 아는 물리 개념에 대해 설명해보세요. / 간단한 개념 말고 더욱 심화된 물리 개념은 모르나요? 물리Ⅱ라던지요. / PFOA에 대한 추가 활동으로 수생식물을 이용한 pH 농도 측정을 했던데 왜 pH 측정을 한 건가요? / pH란 무엇이며 물의 pH에 대해서 설명해보세요. / 물의 pH가 7인 이유에 대해서 물리적 개념으로 설명해보세요. / 아니 물이 pH가 7인 이유는 14와 1사이잖아요. 그게 왜 하필 중성이 7인지를 물리적 개념을 활용해 / 하,, 넘어가겠습니다. 이산화탄소 포집 기술에 대해 배웠네요. 이산화탄소 포집 원리에 대해 물리적으 / 가장 좋아하는 과목은 무엇인가요? / 가장 싫어하는 과목은 무엇인가요? / 우리 학부에 어느 과에 관심이 있나요? / 연소란 무엇인가요? / 연소를 하면 이산화탄소가 발생하지 않나요? / AI시대에 인공지능에 대한 문제 또한 많이 발생하잖아요. 어떤 문제가 있으며 어떻게 해결해야하나요? / 네 잘 들었습니다. / 시간이 10초밖에 남지 않아서 어려울 것 같습니다. 수고했습니다."
명지대학교,자율전공학부(인문),"면접 시작하겠습니다. 간단하게 지원동기 말씀해주세요. / 전교부회장, 학생회, 미디어 등등 생기부에 쓰여 있는 것처럼 다양한 활동을 한 것 같은데 이렇게 / 그러면 이러한 활동을 하면서 협력 순간이 많았을텐데 갈등 경험은 없었나요? / 생기부가 지금 미디어 관련해서 많이 적혀있는 것 같은데 관련 활동 중에 기억나는 활동이 있나요? / 성적을 보면 1, 2학년에 비해 3학년에 성적이 많이 올랐어요. 비결이나 이유가 있었을까요? / 네. 좋아요. 혹시 고등학교 생활 중에 진로를 위해 직접 노력한 부분을 말해줄 수 있나요? / 그렇게 기자 활동을 해보니 어떠했나요? / 아쉽지만 이제 시간이 별로 남지 않아서요. 마지막으로 하고 싶은 말이 있으면 해줄래요? / 네. 수고하셨습니다."
삼육대학교,유아교육과,"칭찬은 고래도 춤추게 한다는데~ 칭찬이 유아에게 부정적인 이유는 무엇이며, 좋은 칭찬과 나쁜 칭찬 / 그럼 외모에 대한 칭찬 말고 다른 부정적 칭찬에는 무엇이 있을까요? (꼬리질문) / 그건 너무 당연한 이야기죠~? / AI의 교육 도입에 대한 이야기도 했는데, AI가 교육 현장에서 쓰일 때의 장점은 무엇일까요? / ‘교사다움’이라는 이야길 했는데 교사다움이란 무엇일까요? (교과질문) / 정확히 어떤 행동을 하는 교사가 교사다운 교사인가요? (꼬리질문) / 그럼 본인이 교사로서 가진 자질은 뭐라고 생각하나요? (꼬리질문) / 밝은 태도 말고 다른 자질은 없나요? (꼬리질문) / 출결이 안 좋네요? 지각, 조퇴, 결과는 많고 미인정 지각까지 2번 있네요? 설명이 필요할 것 같죠? / 시간이 좀 남는데... 봉사활동이 조금 부족한 것 같아요. 여기 써져 있는 것 이외에 유아교육과 관련 / 마지막 할 말 있으면 하고 종료할게요."
삼육대학교,항공관광외국어학부,"자기소개 해주세요. / 합격 후 학업 계획은 어떻게 되나요? / 외국어를 좋아한다고 했는데 외국어 자기소개 가능한가요? / 자신이 가진 외국어 장점이 있을까요? / 네. 해보세요. / 우리 학교는 봉사를 중요시 해요, 봉사활동 경험이 있나요? / 시간이 거의 다 되가는 데 마지막으로 하고 싶은 말이 있나요?"
상명대학교,스포츠무용학부,"동아리에서 굉장히 많은 활동을 했네요. 스포츠 의학의 문제점에 대해 탐구했는데 이것에 대해 설명 / 어떤 수치였죠? / 정말 국내에 정규 커리큘럼이 없나요? / 비교과 관련 활동을 정말 많이 했는데, 영어2에서 비만에 대해 질병으로 보지 말아야 한다는 의견을 / 네~ / 실제로 WHO에선 비만을 질병으로 인정하고 있어요~ / 스포츠과학센터에 가서 뭘하고 왔나요? / 우리 학과에 들어와서 무슨 활동을 하고 싶나요? / 스포츠기록분석연구원이 되고 싶다 하였잖아요. 진로와 관련한 강점과 약점에 대해 말해보세요. / 좋아하는 실기 종목이 뭐예요? / 또? / 그러면 학교에서 농구 관련해서 해본 거 있어요?"
상명대학교,예술학부,"동아리 때 조명을 담당하셨다 되어있는데 어떤 일을 하셨는지 말씀해주세요. / 연극에서 조명은 굉장히 중요하고 영상에서도 매우 중요한데, 아까 말하신 탑 조명 같이 정확히 어떻 / 좋아하는 영화 있으신가요? / 줄거리 한번 말씀해 주세요. / 영화관에서 보았나요? / 영화감독을 꿈꾸게 된 계기에 대해 말씀해주세요. / 한 영화가 아닌 메세지를 통해 꿈을 가진건가요? / 또 관심 있는 영화있나요? / 이유 설명해주세요. / 학교생활은 어떤가요? / 학급 회장같은 이력은 보이지 않는데요. / 마지막으로 하고 싶은 말 있으시면 해주시면 됩니다."
서울과학기술대학교,건축학부건축학전공,우선 저희 학교에 지원해 주셔서 감사합니다. 학교 처음 와 보셨을텐데 어때요? / 이제 자기 소개해주세요. / 3학년 때 학급 자치 공간기획부에서 잡지를 만들고 건축가와 인터뷰했다고 하는데 어떤 건축가에게 / 고등 학술제에서 무장애 통합 놀이터 활동을 했는데 어떤 활동이었나요? / 앞으로 건축가가 될 텐데 본인만의 비전이 있을까요? / 시간이 없어서 마지막으로 하고 싶은 말 하거나 이전 답변에서 보완할 내용 말해도 됩니다.
서울과학기술대학교,경영학과(경영학전공),"긴장 많이 되죠? 그냥 이야기한다고 생각하고 편안히 말씀하시면 됩니다. / 먼저, 왜 이곳에 지원하게 된 건지 한 번 지원동기부터 들어볼게요. / 수학 시간에 페르마와 파스칼의 귀납법을 탐구하면서 금융 상품의 리스크에 대해 발표했는데, 이 활 / 금융 관련 리스크가 어디에 필요하죠? / 성적이 2학년부터 우상향 곡선인데, 가장 자신 있는 과목이 무엇인가요? / 윤리와 사상이 가장 좋은 이유가 무엇인가요? / 윤리와 사상 철학자 중 한 명만 제게 설명해 본다면 누굴 설명할 것인가요? / 2학년 학교 축제 때 오페라를 하며 주인공을 맡아 열연을 펼쳤다고 되어있는데, 직접 한 게 맞나요? / 혹시 제목이 무엇인가요? / 시간이 이제 거의 다 돼서, 혹시 준비해 왔는데 다 하지 못했다거나, 꼭 하고 싶은 말 있으면 마지"
서울과학기술대학교,기계공학과,"자리에 앉으시고, 자기소개 해주세요. / 회전운동에 관심이 있다고 하셨는데, 지구와 달이 공전할때에 작용하는 중력과 원심력에 대해 설명해 / 원심력은 왜 발생하나요? / F=ma식을 이용해서 설명할 순 없을까요? / 알겠습니다. 자유낙하 하는 물체가 있다고 해봅시다. 그러면 속도가 어떻게 되죠? / 이때 속도를 시간에 대해 나타내면 어떻게 되나요? / 좋습니다. 그러면 물체의 위치는 어떻게 되나요? / 엔트로피에 대해 말씀해보시겠습니까? 확률과 통계시간에 관련활동을 했다는데요. / 포물선 운동에 대해서 벡터를 이용해 조사했다고 했는데, 구체적으로 어떤 활동이었나요? / 그럼 포물선이 무엇인가요? / 그럼 두 점과의 거리 합이 같은 도형은 뭔가요? / 2학년때 미적분을 이수하셨네요. 보통 3학년때 하는데 말이죠. 부분적분법이 뭔지 설명해주시겠습니까? / ln를 적분하려면 어떻게 해야 하나요? / 괜찮습니다. 그럼 sin cos를 적분하려면 어떻게 해야 하나요? / 고급물리학 수업을 이수하셨는데 기억나는 점이 있나요? / 그런 예시중에 어떤게 있나요? / 증명과정이 기억나나요? / 당시에는 증명을 했는데, 지금은 기억이 나지 않나 봅니다. / 인공지능과 피지컬컴퓨팅 과목을 이수하셨습니다. 이게 어떤 과목이었나요? / 그러면 기억이 나는 인공지능 모델이 있나요? / 고등학교때 여러 활동을 진행하였는데, 이중에 기계공학에 가장 어울리는 활동이 뭘까요? / 마지막으로 하고싶은 말 있나요? / 면접이 끝났습니다. 일어나서 나가시면 되겠습니다."
서울과학기술대학교,문예창작학과,"생기부에 적힌, 그러니깐, 수행평가나 기타 활동에서 읽었던 것 말고, 학생이 개인적으로 읽은 책 중 / 1학년 때, UCC 제작을 위한 대본 작성을 맡았다고 나와 있는데요. 그 경험에 대한 감상을 말해주실 수"
서울과학기술대학교,미래에너지융합학과,"네 안녕하세요. / 우선 자기소개랑 우리 학과에 지원하게 된 동기 말씀해 주세요. / 긴장하지 마시고 편안하게 말씀해 주세요. / 네 잘 들었습니다. 자기소개 내용을 들어보면 에너지 개발에 종사하시고 싶다고 하셨는데 분야가 꽤 / 그 저장이랑 전환에도 어떤 기술이 쓰이잖아요? 어떤 기술에 관심이 가셨나요? / 네 그러면 에너지 저장의 예를 하나 앞서 말씀하신 것과 엮어서 설명해 보시겠어요? / 사용 후 핵연료를 말씀하셨는데 학생이 생각하는 사용후핵연료의 맹점이 뭐라고 생각합니까? 재사용 / 좋습니다. 수소 에너지를 생산부터 시작해서 전 시스템을 조사하셨던데 한 번 소개해 주겠어요? / 그린 암모니아를 말씀하셨는데 굳이 이렇게 전환이 필요한 이유가 있을까요? / 그렇군요. 혹시 암모니아 자체를 에너지원으로 사용할 순 없을까요? 굳이 번거롭게 전환하는 게 아니 / 이게 되면 참 좋을텐데... 일단 알겠습니다. / 부반장 활동을 했습니다. 반장 활동도 하셨고, 관련 활동들을 하신 거 예를 들어서 설명해 주세요. / 이제 시간이 얼마 안 남아서 마지막으로 하고 싶은 말씀이나 보충하고 싶은 내용이 있으면 해주세요. / 네 수고하셨습니다."
서울과학기술대학교,산업공학과,"네 앉아주세요. / 안녕하세요. 우리 학과에 지원해 주셔서 감사합니다. 간단한 자기소개 해주세요. / 네 자기소개도 그렇고 생기부에도 데이터분석에 대한 관심이 많아 보이는데 가장 잘 성명할 수 있는 / 흠, 이 아두이노로 무엇을 구현하고자 한 건가요? / 이 활동의 목적이 그러면 토양 수분 센서를 30, 40 이렇게 하려고 한 건가요? 이거의 목적이 뭔가요? / 이걸 데이터분석으로 왜 한 건가요? / 일단 넘어가겠습니다. / 확률 문제 하나만 질문할게요. 성공 확률이 0.2인 독립시행에서 이 사건이 1회 이상 성공할 확률을 / 우울 감정분석이라는 활동을 하였던데 이 활동은 우울한 감정을 분석하는 활동인가요? 무슨 데이터 / 무슨 툴을 써서 만들었나요? / (이후 계속 꼬리 질문) / 우리 학과는 복수 학위 때문에 국립이라는 장점을 못 누리는데 괜찮은가요? 등록금이 두 배인데 부 / 마지막으로 하고 싶은 말 해주세요. / 네 나가시면 됩니다."
서울과학기술대학교,산업공학과,"오늘 길 괜찮으셨나요? / 지원동기랑 자기소개 부탁드립니다. / 1학년 진로 때 창업가, 사업가라고 써잇는데 계기가 무엇인가요? / 3학년 수학 성적이 높은데 비결이 무엇인가요? / 과학 성적이 낮은데, 이유가 뭐라고 생각하시나요? / 2학년 동아리 시간에 Langchain과 RAG를 이용해 챗봇을 만들었다는데 무슨 역할을 수행했나요? / n개의 제품에서 5%의 불량률이 나올 때, 1개 이하의 불량품이 나올 확률은? / 수학에서 극값 개념이 학과에서 어떻게 쓰이나요? / 마지막으로 하실 말씀"
서울과학기술대학교,산업공학과,"오는 길이 힘들진 않았나요? / 이제 본격적으로 시작해보도록 할게요. 먼저 자기소개와 지원 동기 부탁해요. / 미안한 얘기지만, 1학년때부터 3학년까지 성적이 조금씩 하락했는데, 왜 하락했는지 설명할 수 있을까요? / 학교 도서관 시스템 구축 활동에 대해 설명해주세요. / csv 파일을 이용했다고 나와있는데, csv 파일이 뭔가요? / 파이썬은 어디서 배웠나요? / 처음부터 산업공학과를 지망한 건 아닌거 같은데, 산업공학과를 지망하게 된 계기가 있나요? / 그럼 입학 이후의 진로 계획에 대해 말해 보세요. / 확률과 통계를 수강했네요? 문제 하나 내면 맞출 수 있겠어요? / 산업공학적 상황을 예로 들면, 제품에 오류가 있을 확률이 5%이고, 총 생산량이 n개라면 오류가 있는 / 자세히 설명해 보세요. / 원래 확률과 통계 과목을 좋아했나요? / 그럼 미적분과 확률과 통계 중에서는 어떤 걸 더 선호하나요? / 다시 성적 얘기로 돌아가 보면, 아까 물리학을 예로 들어 설명했는데, 수학2와 미적분 성적에 / 수학에서 최적화에 대해 탐구했는데, 최적화가 산업공학에서는 어떻게 사용된다고 생각하나요? / 지식재산일반을 수강했네요? 자세히 얘기해주세요. / 과적합에 대해 설명해보세요. / 다시 한 번 얘기해 줄래요? / 인터페이스는 어떤 동아리였나요? / 3학년 때 UX/UI에 대한 관심을 바탕으로 학교 홈페이지 재디자인 활동을 했다고 나와 있는데, 자세히 / 피그마 프로그램은 독학했나요? / 아시겠지만 지금 시간이 다 돼서, 마지막으로 하고싶은 말 있으면 하고 마무리할까요? / 네, 알겠습니다. 수고했어요."
서울과학기술대학교,식품생명공학과,"안녕하세요. 자리에 앉으시고.. 면접 시작할게요. 먼저 저희학교에 왜 지원하시게 되었는지, / 3학년 동아리 활동에 천연 보존제를 활용한 실험을 했다고 하는데, 실험 좀 설명해주실 수 있나요? / 실험결과를 “정확하게”측정했다고 써있는데, 어떻게 정확히 측정했는지 말씀해주세요. / TDS가 뭐에요? / TDS 약자 말해줄 수 있나요? / (질문이 잘 기억안남..생기부에 없는 전공지식이었음)? (웃으며)이건 잘 모르려나? / 마라탕을 식품공학과 연관지어서 친구들에게 발표를 했다고 나와있어요. 어떻게 발표했어요? / 고등학교 3년내내 식품공학을 희망해왔어요. 그 계기가 있나요? / 아, 시간이 남지 않아서..(웃으며) 마지막으로 질문 하나 할게요. 3년동안 반장..부반장까지 학급 대표를"
서울과학기술대학교,식품생명공학과,"네, 자기소개 해 주세요 / 동아리 시간에 항생제 디스크 실험을 하면서 아이디어를 제시했다는데 어떤 아이디어를 제시했죠? / 부반장을 많이 했는데 리더로서 어떤 역할이 중요하다고 생각해요? / 동아리 시간에 TDS관련 실험을 했는데 이에 대해 설명해보세요. / 아두이노와 관련된 활동을 했는데 아두이노가 뭔가요? / 아두이노를 식품에는 어떻게 사용할 수 있을까요? / 근데 자꾸 지속가능이라는 단어를 언급하는데 지속가능하다고 판단하는데에 어떤 기준이 필요해요? / 인공지능과 생명 관련 식품을 어떻게 활용할 수 있을까요? / 네. / (면접관2에게)더 하고싶은 말 있으신지..? 마지막으로 하고 싶은 말해주세요."
서울과학기술대학교,식품생명공학과,"안녕하세요. 먼저 지원동기 말해주세요. / 미생물변질 실험에 대해 자세히 설명해주시겠어요? / 생활기록부에서 리더십을 보여줄 수 있는 활동이 별로 없는 것 같은데 리더십 활동 진행했던 것이 / 동아리에서 납땜 기술을 익히며 라디오와 무전기를 제작했다고 하는데 이 활동이 우리 과와 관련이 / 그럼 동아리 활동을 진행하면서 갈등이 있었던 적은 없었나요? / 식품첨가물에 대한 탐구를 진행하고 추가로 항균, 면역조절 등 생리학적 활성과 기능을 가진 식품의 / 토마토 및 붉은 계열 식품의 항산화 능력 비교 실험을 진행했다고 했는데 이 실험의 목적이 무엇인 / 라디칼이 뭔가요? / 마지막으로 할 말 있으면 말해보세요."
서울과학기술대학교,식품생명공학과,"자기소개 해주세요. / 1학년 때 ‘달걀 알레르기 이제 사라진다’는 기사를 썼다는데 설명해 줄 수 있나요? / 초음파 유화 탐구한 거 맞아요? / 유화가 뭔지, 초음파 유화는 뭔지 말해줄래요? / 계면활성제를 식품 분야로 확장해 조사했다던데, 조사한 내용 자세히 말해볼래요? / 대답할 때 확신이 있는 거 같은데, 우리 학교에 입학한다면 가장 공부해보고 싶은 과목 있어요? / 식품화학… 흠, 대학 졸업 후 뭐 하고 싶어요? / 우리 학교 홈페이지도 봤나요? / 우리 학교에서 어떤 연구들을 했는지 알아요? / 카페인 음료 드링크 만들면서 외국 회사에 자문을 구했다는데 어떤 내용인가요? / 비건 베이킹을 했다는데 이게 뭔지 설명해주세요. / 근데 비건하고 베지테리언 차이는 뭘까? / 우유도 안 먹는 거에요? / 3학년 때 반장을 했는데 반장하면서 힘들었던 점 있어요? / 1학년 동아리에서 이상기체 방정식이 실제 기체에 통용될 수 없다고 썼던데, 왜 그래요? / 그럼 이상기체 상수가 뭔지 알아요? / 아니에요 너무 오래돼서 모를 만하네... / 마지막으로 하고 싶은 말 해주세요."
서울과학기술대학교,신소재공학과,안녕하세요. 우리 학교 신소재공학과에 지원하셨는데 지원동기랑 간단한 자기소개 부탁드립니다. / 좋네요. 방금 초전도체에 대해 말하셨는데 초전도체가 뭔가요? / 상온 초전도체가 만들어지면 뭐가 좋아요? / 생기부를 보니까 제백계수랑 ZT지표 같은 것을 탐수했다고 나와 있는데 제백계수가 뭔가요? / 온도차이에서 어떻게 전력이 생산되나요? / 그럼 에너지가 뭔가요? / (뭐라 말하셨는데 기억이 안 남) 제가 드린 힌트를 바탕으로 다시 말해보세요. / 그럼 다른 거 물어볼게요. 신소재 공학자가 가져야 할 역량은 뭐가 있을까요. / 신소재공학이 다른 공학들과의 차별점이 뭐가 있을까요? / 이제 시간이 다 돼서 혹시 마지막으로 하고 싶은 말 있나요? / (웃으심)
서울과학기술대학교,안전공학과,"긴장 푸세요. (웃음) 면접 시간은 10분이에요 알고 계시죠? / 자기소개와 지원 동기 간략하게 말해주세요 / 네, 생활기록부를 보면 수학과 과학 성적이 다른 학생들에 비해 눈에 띄는데, 아, 낮다는 건 / 네. 학생은 안전공학과가 무엇인지 알고 있나요? 생활기록부를 보면 재료공학과에 지원했을 수도 / 안전공학과의 커리큘럼을 아시나요? 우리 학과는 하나를 깊게 파고드는 학문이라기보단 다양한 것을 / 화성 배터리 공장 사고를 아시는지? 뉴스에서 많이 다뤄서 원인을 알 것 같은데, 원인이 무엇인지 / 스마트폰 과열재에 대해 탐구를 했는데, 어떤 탐구인지요? / 황당한 질문일 수 있겠는데, 만약 인류가 화성에 진출을 할 프로젝트를 세우고, 학생이 안전 관련 / 10분이 다 되었는데 마지막으로 하고 싶은 말이 있으면 하시면 됩니다."
서울과학기술대학교,인공지능응용학과,"가번호 확인, 주의사항 알려주심. (정해진 답은 없으니 편하게 얘기해라, 긴장하지 마라 등) / 지원동기 및 자기소개 1분 내로 간단히 해주세요. / 해시함수에 대해 탐구했다고 되어있는데, 해시함수의 (정확히 못 들음) ~에 대해 한번 설명해 보세요. / 네, 뭐 그럼 특징 한 번 말해보세요. / 보안에 대한 탐구를 많이 했는데, 보안이랑 AI가 어떤 연관이 있죠? / 그럼 나중에 보안과 인공지능을 택해야 하는 순간이 오면, 어떤 것을 택할 거죠? / 이제 전공 관련 지식 확인 질문을 하겠습니다. 그래디언트에 대해 아는 것을 말해보세요. / ~에 대해 말해볼 수 있나요? (잘 못 들음. 근데 처음 들어보는 개념이었음.) / 사용자 맞춤형 경로 추천 알고리즘을 동아리에서도 하고, **프로젝트에서도 했다고 쓰여있는데, 어떻 / 확률과 통계 좋아했어요? / 아주 좋음, 보통, 조금 좋음으로 나누자면 어느 정도로 좋아했나요? / 반장 같은 어떤 ‘장'의 자리를 맡은 경험이 없는 것 같은데, 리더십 경험 말해보세요. / 교우관계는 좋았나요? / 마지막으로 할 말 있으면 하세요."
서울과학기술대학교,자유전공학부(창의융합대학),"우리 학과에 지원하게 된 동기와 간단한 자기소개 부탁드립니다. / 우리 학과에 진학하게 된다면 진로계획은? / 학생부에 기록된 동아리 활동에서, 본인이 생각하는 가장 융합적인 접근은? / 자유전공학부처럼 스스로 학습계획을 세워야 하는 환경에서, 본인은 어떤 강점을 발휘할 수 있을 것 / 모둠에서 활동을 수행하면서 모둠원 간의 의견 충돌을 겪었던 경험과, 그것을 어떻게 해결했는지 말 / 보니까 1학년부터 3학년까지 꾸준히 성적이 향상하고 있는데, 성적을 올린 공부방법이 있나요? / 면접시간이 거의 다 되어서, 마지막으로 하고 싶은 말 있으면 해 주세요"
서울과학기술대학교,전기정보공학과,안녕하세요. 자기소개랑 지원동기 말해보세요. / 방금 무선전력전송 회로 실험에서 공진주파수 이론값을 먼저 구했다고 했는데 어떻게 구했죠? / 그 값들이 뭐였는지는  기억하나요? / 생기부를 보니까 <전류전쟁> 책을 읽었네요. 결국에 교류가 승리한다는 이야기잖아요. 책 내용 기억 / 잘 들었습니다. 그럼 삼각함수는 우리가 왜 배운다고 생각합니까? / 운동에너지와 위치에너지 공식이 어떻게 되죠? / 그럼 지구에서랑 달에서랑 위치에너지가 같을까요? / 구심력과 원심력의 차이가 무엇일까요? / 학교 공부를 하면서 어려웠던 점은 없었나요? / 학교생활을 하다 보면 친구랑 갈등을 겪는 일이 무조건 있거든요. 그럴 때는 어떻게 극복했나요? / 네 잘 들었습니다. 이제 시간이 다 되었는데 마지막으로 하고 싶은 말 해주세요. / 네 아침 일찍 오시느라 수고 많으셨습니다. 이제 돌아가서 푹 쉬세요.
서울과학기술대학교,전자공학과,"네, 앉으세요. / 네네. 우리 학교에 지원한 동기 말씀해주세요. / 트렌지스터 증폭 실험을 했는데 트렌지스터의 다른 역할을 아시나요? / 네, 알겠습니다. 물리 때 전기회로를 만들었는데 어떻게 색을 내게 했나요? / 아, 제가 물어본 건 색을 어떻게 변화시켰냐는 겁니다. / 네? 색을 변화시키는걸 코딩으로 하셨다는 말씀이신가요? / 그럼 그냥 led를 꽂은 건가요? / 아 네네 생기부에는 색을 변화시켰다고 나와 있어서요. / 저항램이 무엇인지 설명해주실 수 있을까요? / 성능이 가장 좋다는 게 어느 것 기준이죠? / 키르히호프 전류 법칙과 전압 법칙은 무엇인가요? / 팀 프로젝트를 하면서 어려움을 겪은 상황이 있을까요? 팀 프로젝트는 과제에 대한 협업을 하거나 / 스마트 그리드가 무엇인가요? / 그럼 우리나라는 풍력과 태양 발전 중 어느 것이 더 좋을까요? / 보통 풍력발전소는 바다 쪽에 만들지 않나요? 바람이 불어야 되는데 ㅋㅋ / 학생이 공부하면서 어려워했던 과목은 무엇이었나요? / 네 마지막으로 하고 싶은 말과 답변 중 보완하고 싶은 부분이 있으시면 말씀해주세요."
서울과학기술대학교,컴퓨터공학과,면접 시작하겠습니다. 간단히 자기소개 부탁드립니다. / 2학년 동아리 활동 때 프로그래밍 앱을 활용해서 드론 조작을 했는데 어떤 코드를 활용했는지 말해 / AI 에이전트 트렌드의 구조와 작동 원리에 대해 알고 있는 대로 말해볼까요. / 수학 영역이 컴퓨터공학 분야에 어떠한 점에서 연관될 수 있나요? / 자신의 활동 중에서 가장 기억에 남는 활동이 있으면 말해보세요. / 마지막으로 하고 싶은 말 있으면 하세요.
서울과학기술대학교,컴퓨터공학과,"네 들어오세요. / 먼저 본인을 소개할 말이나 서울과학기술대학교 컴퓨터공학과에 지원하게 된 계기가 있으면 말씀해주 / 그럼 저희 컴퓨터공학을 다 진학한다면 미래에 어떠한 분야에서 일을 하시고 싶으십니까? / 왜 게임 분야에 흥미를 가지게 되었나요? / 실제로 학생이 게임 제작 관련한 일을 많이 하셨어요. 슈팅 게임, 타워 디펜스, 언데드 서바이벌. 이중에 / 혹시 어떻게 고쳤는지 그 과정을 말해줄 수 있나요? / 그럼 혹시 왜 이러한 문제가 발생하신 것 같나요? / 학생에 활동 중에 되게 흥미가 가는 것이 있는데 동아리 활동 중에 ‘환경을 위한 AI 쓰레기 분리수거 / 그러면 혹시 그 모델의 성능의 정확성은 어느 정도였나요? / 그러면 혹시 이미지 파일이랑 텍스트 파일을 모두 학습을 하는데 사용한 모델의 이름을 혹시 기억하시 / 생기부를 보시면 모델의 성능을 향상시키기 위해서 튜닝까지 진행하셨다고 했는데 어떤 방식으로 튜닝 / 그 방법이 전형적인 머신러닝 방법이죠 그 밖에 다른 방식으로는 안했습니까? / C# 언어랑 파이썬 언어 중에 어떤 것이 더 본인에게 흥미가 있습니까?"
서울대학교,(학부대학)자유전공학부,면접 시작하겠습니다. 지원 동기를 말씀해주세요. / 하지만 사회학과 심리학은 언론정보학과에 진학해서도 충분히 공부할 수 있지 않을까요? 그럼에도 / 생기부를 보니 언론과 관련하여 활동한 내용들이 많은데 우리 학교에 입학해서는 어떤 걸 해보고 싶나요? / 정보 약자와 관련해서 활동했던 내용이 있나요? / 요즘에는 플랫폼도 활성화되고 많은 사람들이 정보를 접하게 되면서 여러모로 정보 비대칭성이 줄어 / 오히려 맞춤형 콘텐츠를 전달할 수 있어서 좋은 것 아닌가요? / 근본적인 질문을 하고 싶은데요. 언론과 미디어의 관계가 무엇이라고 생각하나요? / 3학년 언어와 매체에서‘AI 디지털 교과서로 학습 격차 해소 가능할까?’라는 기사에 대해 비평문을 / 반장과 부반장을 많이 한 것 같아요. 그 경험으로 얻은 것이 있다면요?
서울대학교,(학부대학)자유전공학부,문제 어떻게 풀었는지 설명해보실래요? (답부터 묻는 교수님들도 있다고 하는데 풀이과정을 물으셨다) / (고개를 끄덕이시며) 다음은요? / 범위를 나눠서 생각해야 하지 않을까요? / 계속해보세요 / 4번은요? / 지금 해볼래요? / (끄덕) / 아뇨. 이 정도면 될 것 같고 자연 수학 풀어보세요. / 다음 문제는요? / 음... 서로 다른 직선이죠? 두개의 직선이 한 점에서 만나면... / 설명해 볼래요?
서울대학교,간호대학,"네, 긴장하지 마시고 편하게 답변 주세요. 제시문을 보셨을 텐데 이게 어떤 내용인지 설명해주세요. / 이 문제를 해결하려 했을 때 어떤 절차를 거쳐야 할까요? (탐구를 진행할 때 보편적으로 거쳐야 하는 / 이 점을 어떻게 해결할 수 있을까요? / 다른 방법은 없을까요? / (웃으며) 네, 괜찮으니까 심호흡하고 천천히 대답해주세요. / 만약 이런 상황이 학생이 간호사로 근무하고 있을 때 발생하면 어떻게 대처할 것인가요? / 사회의 측면에서 바라볼 때, 간호사들의 수가 환자의 수에 비해 부족해질 때, 이를 어떻게 바라볼까요? / 네, 시간이 30초 정도 남았는데, 더 할 말 있으신가요? / 네, 긴장 풀고 남은 면접도 잘 해내길 바랍니다. / 네. 혹시 제시문 더 볼 시간 드릴까요? / 네, 제시문에서 어떤 내용을 말하고 있는지 설명해 주세요. / 혹시 학생이 간호사로 근무 중이고, 학생의 가족들은 시민들과 같이 반대하고 있는 상황이라면 어떻 / 혹시 학교를 다니면서 학생의 두 친구가 서로 갈등을 겪고 있는 상황이 생긴다면 중재자로서 어떻게 / 소통이라고 말씀하셨는데, 소통의 본질은 무엇이라고 생각하나요? / 그럼 혹시 노인의 경우엔.. (시간 종료) / 네. 저희 학교에 지원한 동기를 말씀해주세요. / 생기부를 봤을 때, 다양한 분야를 탐구해 온 것 같은데 언제부터 간호학과에 흥미를 가졌나요? / (웃으며) 이제 입학하게 되면 대학생이 되잖아요, 학업 과정 속에서 어려움이 생기면 어떻게 할건가요? / 생기부에 민감도와 특이도를 이용해 ROC곡선을 어떻게 그리는지 설명해주세요. / 아 괜찮아요. 민감도랑 특이도가 무엇인지 설명해 주실 수 있을까요? / 네, 고령화 사회에서 간호사가 할 수 있는 역할은 뭐가 있을까요? / 의학과 간호학의 차이는 무엇이라고 생각하시나요? / 자신의 장단점을 말해 주세요 / 네 수고하셨습니다."
서울대학교,경제학부,"수학 지문과 사회과학 지문 중 원하는 것부터 시작해주세요. / 2번 문제 답에서 2를 곱해야 할 것 같은데 / 1번 문제는 풀이를 볼 필요가 없으니 2번 문제 풀이 말로 간단하게 해주세요. / 그럼 3번과 4번 문제는 어떤 식으로 풀이하는지 설명해보겠어요? / 좋습니다. 그럼 사회과학 지문으로 넘어가겠습니다. 앉아서 해도 되고 서서 해도 됩니다. 편한대로 / (시계를 확인한 뒤) 못 풀었던 수학 문제 지금 풀어볼까요 / a에 0을 대입해 보세요. / 그럼 그 방정식의 값을 b’로 하고 답을 적어주세요. / 아 그건 계산해 보지 않아도 될 것 같아요, 사회과학 지문으로 넘어가죠. 자리에 앉아주세요. (계산 / 시간이 조금 남았으니까 사회과학 지문에서 말하고 싶었던 거 있으면 해주세요. (이때 사회과학 지문 / 시간이 다 되었습니다. 수고하셨습니다. / (웃으며) 원래도 친절합니다."
서울대학교,고고미술사학과,"안녕하세요. 마지막이라 많이 기다리셨겠네요. 그래도 긴장은 덜 될 것 같아요. / 그러면 인문학 제시문부터 답변해 주세요. 이왕이면 문제 1, 2 모두 한 번에 답변해 주세요. / 네. 시간 관계상 사회과학 제시문까지 이어서 답변해 주세요. / 잘 들었고요. 사회과학제시문에서 2번째 문제에서 회사의 예를 들었는데 인간의 두 가지 인지특성을 / 그러면 이 인지특성이 잘 균형을 이루라는 것이 말은 쉽지만, 구체적으로 어떻게 실질적으로 가능할 / 시간이 부족해서 마지막으로 우리 학교 우리 과에 지원하게 된 동기를 말해주세요. / 네 수고하셨습니다. 나가셔도 됩니다."
서울대학교,국어교육과,"긴장하지 말고 편하게 답해주세요. 3학년 때 언어와 매체 시간에 카드뉴스 만들기 활동 기억나죠? 이 / 고전문학을 왜 배워야 하는지에 대해 전문가 인터뷰를 했다고 했는데, 학생은 이에 대해 어떻게 생 / 고전문학이 현재에도 사랑을 받고 있다고 했는데, 그러면 학생들의 선호도와 모순되지 않나요? / 지금까지 독서나 문학이나 다른 국어 수업도 있었는데 이 활동을 언어와 매체 시간에 한 이유는 뭔 / 다음 활동으로 넘어갈게요. 호밀밭의 파수꾼이라는 책을 읽었던데 기억나죠? 호밀밭의 파수꾼과 교사 / 호밀밭의 파수꾼을 읽고 순수함을 지키는 일이라는 제목의 보고서를 썼다는데, 순수함을 지키는 교이 / 3학년 때 학습자의 주관적 웰빙을 위한 리터러시 교육 설계를 탐구했는데, 여기서 주관적 웰빙이 뭔 / 그럼 리터러시 교육은 무엇이라고 생각하나요? / 현재 학생이 다니고 있는 학교의 문제가 무엇이며 어떻게 해결할 수 있을까요?"
서울대학교,농경제사회학부,"오래 기다렸으니까 바로 시작하겠습니다... 우리 과에 지원한 동기를 말해주세요. / 궁극적인 목표는 뭐에요? / 대학원에 갈 의향도 있겠네요? / 3학년 동아리 활동에서 세종시 행정수도 이전 정책을 조사했는네요? 활동 과정을 설명해주세요. / 예... 알겠습니다...1학년 국어 시간에 자유학기제 찬성과 반대로 나뉘어 토론활동을 진행했네요? / 네, 그러니까 찬성측의 입장에서 토론을 진행했다는거죠? / 2학년 독서활동 시간에 빈곤의 연대기라는 책을 읽었네요? 책의 내용을 설명해주세요. / 그런 빈곤을 해결할 방법은 뭐가 있을까요? / 그런데 우리나라에도 복지와 지원이 필요한 분야가 많잖아요, 공적개발원조를 할 돈으로 / 3학년 국제 경제 시간에 자유무역과 보호무역을 주제로 토론 활동을 진행했네요. 활동에 대해서 / 마지막으로 본인의 장단점을 말해주세요. / 예, 종료벨이 울려서 면접은 여기까지 하고 마무리하겠습니다."
서울대학교,독어독문학과,"네 앉으세요. 문제 풀이한 순서대로 답변 시작해주세요. / 네. / 네. 2번 문제도 답변해주세요. / 네. 알겠습니다. 추가적으로 질문하겠습니다. 이러한 두 가지 특성에 대해서, 경제 분야가 아닌 다른 / 네 인문예술 지문으로 넘어가겠습니다. 1번 문제부터 답해주세요. / 추가 질문 드릴게요. 제시문 가를 기반으로 최근의 AI를 통한 도덕적 이해 사례를 분석한다면 어떤 / 네. 2번 답변해주세요. / 네 알겠습니다. 시간이 남아서, 지원 동기 간단하게 말해줄래요? / 파우스트에 대해 탐구한 내용 간략하게 설명해주세요. / (밖에서 문을 노크함) 네. 시간이 다 돼서 마무리하겠습니다."
서울대학교,물리·천문학부(물리학전공),"네. 안녕하세요. 면접 번호 ○○○○이시죠? / 먼저, (면접관 앞에 놓인 서류에서 눈을 떼며) 일반적인(정확히 기억나지는 않지만 이런 류의 표현 / 그러면 그 물리학 원리들이 우리 실생활에서는 어떻게 쓰일 수 있을까요? / 자, 생기부를 보니까 광자, 광전효과 이런 내용이 있네요. 이런 활동들을 하신 것 같은데, 그러면 / 음... 그러면 우리 몸을 구성하는 원자들에 속박되어 있는 전자들이 있을 텐데, 이 전자들의 평균적 / 활동 중에 관성모멘트에 관한 게 있네요. 토성의 위성 타이탄과 천체의 내부 구조를 관성모멘트로 / (중간에 면접관께서 말을 끊으심) 아니, 타이탄의 관성모멘트를 어떻게 알 수 있나요? / 음...중성미자에 관해서도 알아보았네요. 중성미자는 어디에 쓰이나요? / 중성미자가 중력으로 상호작용한다는 것은 어떻게 알 수 있나요? / 중성미자가 질량을 가진다는 것은 어떻게 알 수 있나요? / 혹시 안다면. (살짝 웃으심) / 그러면 중성미자는 우리 주변에 아주 많이 돌아다니고 있고, 지금 이 순간에도 수백, 수천 조 개의 / 중성미자가 우리 주변에 아주 많이 있고, 지금도 정말 수많은, 수백, 수천 조 개의 중성미자가 우 / 생기부를 보면 이런저런 책을 많이 읽은 것 같은데, 읽었던 책 중에서 가장 실망스러웠던 책을 고 / 그런 물리학 공부는 대학에 가면 전공으로 많이 할 것이고... 만약에 본인이 대학에서 공부하다가 / 그러면 공동체 질문을 드릴게요. 본인이 공동체에서 활동을 하면서 가장 힘들었던 점과 어떻게 극 / 그러면 본인은 이렇게 공동체에서 리더 역할을 하는 게 재밌어요, 아니면 혼자서 물리 문제 푸는"
서울대학교,사회복지학과,"앉으세요. 우선 일반적인 질문부터 할게요. 지원동기랑 졸업 후 무엇을 하고 싶은지, 두 개 말씀해 / 그럼 사회복지가 우리 사회에서 어떤 역할을 해야 한다고 생각하시나요? / 수업량 유연화 주간에 기후변화 적응을 위한 도시 방재 시스템 및 주체별 역할에 대해 활동을 하셨 / 심리학도 수강했는데, 기후위기 발생과 관련해서 정신건강 문제도 있잖아요? 기후위기 측면에서 정신 / 토론동아리에서 활동을 했는데, 토론 했던 주제 중에서 가장 찬반이 팽팽하게 갈렸던 주제, 어떤 주장 / 이제 면접 시간 다 돼서 면접 마치겠습니다. 수고했어요."
서울대학교,사회복지학과,"면접 시작하겠습니다. 사회복지학과에 지원하게 된 이유는 무엇인가요? / 그러면 사회복지학과를 졸업한 후 진로 계획이 있나요? / 2학년 때 동아리활동으로 빈곤의 여성화 문제에 대해 탐구했는데, 왜 이 문제에 관심을 가졌나요? 탐 / 2학년 자율활동에서 청소년의 개인주의와 집단주의에 대한 심층 면담을 통해 탐구했다고 하는데, 왜 / 3학년 고전과 윤리 시간에 돌봄 윤리에 대해 탐구했는데, 탐구 과정을 설명해주세요. / 돌봄 사회로의 전환의 필요성이 특히 요즘 대두되고 있는 이유가 있다면 무엇일까요? / 학생이 생각했을 때 사회복지와 관련된 가장 시급한? 중요한? 문제가 무엇인가요? 그리고 해결방안"
서울대학교,산림과학부,"나무 복원력 비교 실험(가설, 실험과정, 배운 점) / 엽록소 생합성 과정 & OsPorB와 OsPorA (명확한 질문은 기억 안 나지만 내가 어떤 활동 했는지 묻 / 비교적 다양한 분야를 탐구했는데 왜 여기에 지원하게 됐는지 / 이후에 산림에 특히 관심을 가지게 된 계기를 언급하시오. / 반장과 관련된 질문(시간이 얼마 안 남았다고 하시면서 반장과 관련된 내용 짧게 언급해달라고 하심.)"
서울대학교,생명과학부,"다윈 진화론에서 변이의 다양성에 집중했다는 얘기가 있는데, 설명해주세요. / 변이의 다양성이 왜 도움이 되나요? / (꼬리 질문을 한 번 더 하심. 정확한 내용은 기억 안 남.) / 이중항체에 대해 탐구했는데, 어떤 건지 설명해주세요. / 그냥 단일클론항체 2개 넣으면 되는데 왜 이중항체를 써야 하나요? / 이중항체의 치료 효과가 좋다고 했는데, 어떤 면에서 좋나요? / car-t 치료제에 관심이 많은 거 같은데, 이게 뭔가요? / ‘강화된 t세포’라는 게 면역 효과를 높인다는 뜻인가요? / 장점과 한계점이 무엇인가요? / (기존 항암제에 대한 설명하시다가 시간 종료)"
서울대학교,생물교육과,"네, 자리에 앉아주세요. / 네, 0번 학생 자리에 앉아주세요. / ’물음2‘에서 의지가 없는 학생에게는 실패경험이 아예 유익하지 않다는 입장일까요? / 생물교육과를 지망하게 된 계기에 대해 말해주세요. / 생명과학 과목 특성상 학생들이 어려워할 수 있는 부분에 대해 어떤 방식을 취할 수 있을까요? / 의지가 없는 학생이 학습에 참여하도록 하기 위해 어떤 방법을 취할 수 있을까요? 주변 경험이나 전"
서울대학교,소비자아동학부(소비자학전공),국제 경제를 수강하셨는데 수강 계기를 말해주시고 인상깊었던 활동 설명해주세요. / ‘카페 음료 가격 탄력성과 제품군 전략 분석’ 프로젝트를 수행했다고 하는데 활동에 대해 설명해 / 제품 라인을 정확히 어떻게 구성했었죠? / 그럼 만약 학생이 그런 카페 음료의 판매자 입장이라면 어떤 판매 전략을 취할건가요? / ‘시사 소비 트렌드 프로젝트’를 기획하여 운영했다고 하는데 이에 대해 설명해주세요. / 가정과학 시간에 HMR 시장과 관련해서 탐구했는데 자세히 설명해주세요. / 많은 활동을 하셨었는데 어려웠던 점이 있었다면 말해주세요.
서울대학교,수학교육과,"안녕하세요. 연습지는 책상 위에 올려두시면 됩니다. 일단 1번 문제부터 푼 문항 쭉 설명해 보세요. / 왜 n을 4를 기준으로 나누었나요? / 1-2번 문제를 읽어볼까요? / 네 맞아요. 어차피 문제에서 극한값을 구하는 것이기 때문에 굳이 케이스를 나눌 필요가 없지 않나요? / 확률이 최소가 될 때가 언제인지 생각해 볼 수 있을까요? (1-3번 문제에 대해 질문하심) / 그렇다면 확률이 최소가 될 때의 k 값은 어떻게 설정이 될까요? 큰 값이 나올까요, 작은 값이 나올까요? / 네~ / 네 그건 사실 직관적으로 알 수 있는 부분이죠. k가 커지면 n도 커지기 때문에 전체 경우의 수도 커 / 알겠습니다. 이제 2번 문제로 넘어갈 건데, 혹시 1번 문제에서 더 얘기하고 싶은 게 있나요? 생각은 / 네 그럼 2번 문제로 넘어갈게요. 어디까지 했는지 말씀해 주세요. / 아무래도 식이 복잡하니 다항식을 하나하나 잡아서 풀긴 어려워 보여요. 2번 문제 제시문에 있는 / p1, p2와 달리 p3는 깔끔한 형태죠. 이 식에 어떤 수를 곱하더라도 단항식을 무수히 많이 만들어 낼 / 네 여기까지 하겠습니다. 문제지와 연습지는 뒤집어서 이쪽(의자 위)에 올려두시면 됩니다. 수고하셨 / 안녕하세요. 자리에 앉으시면 됩니다. 우선 1번부터 3번까지 작성한 내용 천천히 말씀해 주세요. / 네 잘 들었습니다. 공부를 잘하는 학생과 못 하는 학생으로 나누어 설명을 진행해 주셨는데, 만약 한 / 지원자께서 2번 문항에 대한 답변을 할 때 공부를 잘하는 학생이 겪을 수 있는 학업 실패의 긍정적 / 미래에 수학을 가르칠 교사로서 수학 성적이 낮은 학생들로 이루어진 반을 수업한다고 할 때, 어떻 / 네 알겠습니다. 마지막으로 교사로서 지원자는 어떤 장점을 가지고 있고, 보완해야 할 부분은 무엇인 / 네 여기까지 해서 면접 마치겠습니다. 수고하셨습니다~"
서울대학교,식물생산과학부,탐구 활동 중 리더십을 발휘한 사례가 있다면 구체적으로 말씀해주세요. / 활동과정에서 구체적으로 어떤 어려움이 있었고 어떻게 논리적으로 해결했나요? / 확률과 통계 시간에 진행한 모평균 추정을 통한 수면시간 조사 활동에 대해 설명해주세요. / 미생물 관련 탐구를 진행한 것 같은데 이 활동에 대해 설명해주세요. / 이 활동을 통해 무엇을 알게되었나요? / 앞으로의 진로 계획이나 포부를 말씀해주세요.
서울대학교,식품영양학과,네. 자리에 앉으세요. / 지금부터 생명과학이랑 화학 중에 원하는 것부터 답변 차례대로 해주시면 됩니다. 옆에 이젤 필요하 / 아직 시간 남았으니 뒤에 문제 보시고 추가적으로 답변해 주셔도 됩니다. / 사용하세요. / 아직 시간 남았으니 계속 설명해주세요. / 수고하셨습니다.
서울대학교,약학계열,"시간이 별로 없으니 바로 질문할게요. 3학년 때 고급수학 과목을 수강하였는데 가장 기억에 남는 내 / 2학년 때 친구들과 독서 모임을 진행하여 <채식주의자>, <정의란 무엇인가> 등을 읽고 토론 활동을 / 2학년 진로 활동에서 <약국에 없는 약 이야기>를 읽고 ‘의료용 마약 사용을 허용해야 하는가?’를 / (정확한 질문은 기억나지 않음. 생기부에 약학 관련 내용이 적은데, 약학과에 지원한 동기는 무엇이 / 생명과학Ⅱ 수업에서 세포의 진화와 에너지 대사의 연관성을 중심으로 탐구를 수행하며 생명체의 에 / (2학년 학교 자율적 교육과정 프로그램에서 ‘인공지능을 이용한 분자 디자인’을 주제로 탐구 활동"
서울대학교,역사교육과,"네, 안녕하세요. 앉으시고요. 지원동기 먼저 말해볼까요? / 네, 알겠습니다. 진로 활동도 그렇고 역사 관련 활동을 많이 했네요. 책도 관련 분야 책으로 읽은거죠? / 2학년 때 동학농민운동에 대해 책도 읽고 탐구를 했다고 기록돼있어요. 그런데 이게 1학년 진로활동 / 아니아니, 그거 말고요. 2학년 활동에 대해 말해보라고요. / 논문을 읽었다고요 ? 무슨 논문을 읽었죠 ? / ‘동학사(오지영)’도 읽었네요? 이 책에서 가장 흥미있었던 부분은 ? / 그럼 이 책에서 이해하기 어려웠다 하는 내용 있어요? 있을 것 같은데. / 그럼 대학 와서 그 내용을 완벽히 이해한다면, 뭐가 좋을 것 같아요 ? 무슨 영향이 있지? / 네, 1학년 한국사 시간에 소수림왕에 대한 재평가가 내려져야 한다고 주장했어요. 그 근거에 대해 말 / 소수림왕이 신라와 관계를 구축했다고요? / 시간이 다 됐네요. 고생하셨습니다. 왼쪽으로 나가시면 됩니다."
서울대학교,의류학과,"생기부를 보면 생활복 소재로 불편을 겪고 있음을 인지하고, 설문조사를 진행하고, 의미 있는 결과도 / 기존 생활복 소재는 무엇이었죠? / 고3이라서 바빴을텐데, 이렇게 많은 시간과 노력을 들여가며 활동을 진행한 이유가 있을까요? / 매체 미술 과목에서 공공미술에 대해 탐구한 것 같은데, 자세하게 설명해주세요. / 축합중합 반응의 평형조절을 통해 폴리에스테르 섬유의 물성...에 대해 탐구한 것 같은데 자세히 설 / 아 실험을 했나요? / 소재에 대해 굉장히 관심 있고 탐구하고자 하는 것 같은데, 소재가 어떤 역할을 한다고 생각하는지 / 그러면 혹시 그 책에 나와 있는 나노소재에 대한 구체적 예시 말해줄 수 있을까요? / 미술에 대해 탐구를 하면서 가지게 된 미술적 시각 같은 것이 있나요?(질문이 정확히 기억나지 않음)"
서울대학교,의예과,"제시문의 경우들의 공통점을 말해주세요. / 지원자 본인이 이렇게 인지 편향을 경험했던 일을 말씀해 주세요. / 사람들이 논리가 아니라 그럴듯함을 따르면 어떻게 될까요? / 네 이제 추가 제시문을 봐주시고, 준비되면 말씀해주세요. / 누군가에게는 낙관 편향이 성공의 동력이 되기도 하지만 실패의 원인이 되기도 합니다. 그 차이는 / (질문이 하나 더 있었던 것 같은데 기억이 나지 않습니다.) / 본인이 의사가 되기 위해 다양한 활동을 해온 것 같아요. 했던 활동 중 가장 잘했다고 생각하는 활 / 봉사활동도 정말 많이 했는데, CRISPR Cas9은 ~~~원리를 이용한 유전자 편집 기술이잖아요. 이와 같 / 그럼 이 기술들의 사용 범위는 어디까지 제한해야 한다고 생각하나요? / 예전에는 당뇨를 질병으로 생각하지 않았지만 지금은 질병으로 보는 것처럼, 시대에 따라 질병의 정 / 생기부를 읽다 보면, 선한 영향력을 끼치는 사람이라는 평가가 정말 많은데요 본인이 의사가 되어서 / 확률과 통계에서 다양한 질병 예측 모델들에 대한 탐구를 진행했네요. 이런 모델들을 활용하면 앞으 / 그러면 이런 모델들을 사용하자고 어떻게 설득할 것인가요? / 가족을 제외하고 가장 존경하는 사람이 누구에요? / 그분이 지원자에게는 어떤 영향을 끼쳤나요? / (질문이 잘 기억나지 않습니다.) / 지원자는 사과법에 대해서 어떻다고 생각하나요? / 지원자는 사과법의 효과는 유지하면서 한계점을 극복하기 위해서는 어떻게 해야 한다고 생각하나요? / 조장의 사과문을 보고 본인이 느낀 것들을 다 얘기해주세요. / 어떤 부분에서 그렇게 느꼈는지 사과문의 문구를 활용해서 말해주세요. / 진정성이 없는 사과는 어떤 결과를 불러일으키나요? / 어떤 식으로 사과했으면 좋을지 방법을 제시해 보세요. / 그런 상황에서 본인이 조장이었다면 어떻게 말할지 구체적으로 말해주세요. / 이런 상황을 해결하기 위해서 규칙을 정할 때 어떤 과정을 거쳐 정할지 이야기해 주세요. / 장인의 상황이 어떤 가치들이 충돌하는 상황인 것 같나요? / 자신이 컨설턴트라면 도자기 공예 장인에게 어떤 충고를 할 건가요? / 장인의 심정에 대해서 설명해 보세요. 왜 자랑스럽지만 아릿한 마음이 들었을까요? / 본인은 장인과 제자 중 어떤 삶을 선택하고 싶나요? 그 이유도 말해주세요. / 장인의 삶을 선택하고 싶다고 하셨는데, 앞에서 본인이 했던 충고를 받아들일 건가요? / 이 3가지 기술에 대한 본인의 생각을 말해보세요. / 3가지 기술 중 하나를 선택해 그 기술이 어떤 환자에게 도움이 될 수 있을지 설명해 보세요. / 두 기술의 공통점을 말해보세요. / 이렇게 사회적으로 최신 기술이 받아들여지고 활용되려면 어떤 노력이 필요할까요?"
서울대학교,의예과,"(가), (나)에 나타난 상황을 설명해 보세요. / 이런 잘못된 확신을 한다면 무슨 문제가 발생할 수 있을까요? / 잘못된 확신을 경험한 적이 있나요? / 낙관 편향의 장단점을 말해보세요. / 낙관 편향이 필요할까요? / 낙관 편향이 부족했던 역사적 사례가 있다면 말해보세요 / 공동체에서 낙관 편향을 가지는 것이 좋을까요? / 성적이 너무 우수한데 체육 성적이 조금 아쉽네요. 이처럼 어려움을 겪었던 과목이 있나요? / 친구들한테 어떻게 도움을 받았어요? / 학년이 높아지면서 평가 기준이 많이 올라갔나 봐요? / 그럼, 몇 센티미터 차이로 기준 미달이었던 거예요? / 사회 문제 탐구 시간에 고등학생 자세 교정 캠페인을 했다고 하는데 과정을 설명해 보세요. / 설문조사 표본이 어떻게 되죠? / 올바르지 않은 자세에 대한 조사는 어떻게 한 거죠? 이런 자세를 취한 횟수? / 올바르지 않은 자세가 건강에 악영향을 미치는 걸 알게 됐다고 하는데 이건 당연한 거 아닌가요? / 통합사회 시간에 의료인과 인권 문제에 관해 탐구했는데, 의사로서 환자를 대할 때 가져야 하는 가 / 3년간 반장을 했는데 그중에 가장 기억에 남았거나 힘들었던 일 있으면 말해보세요 / 지구과학 시간에 환경오염을 막기 위해 여러 활동들을 했다고 쓰여 있는데 실제로 한 활동 있다면 / 성적이 굉장히 좋은 거로 봐서 공부를 열심히 했고, 학생부 보면 학교생활도 열심히 한 것 같은데 / 사과법이 실제로 시행되면 어떤 장단점이 있을까요? / 도자기 장인의 태도에 대해 어떻게 생각하나요? / 도자기 장인은 어떻게 행동해야 할까요? / 이 상황에서 본인이 도자기 장인이라면 제자에 대해 어떻게 생각할까요? / 도자기 장인과 제자 중 어떤 사람의 태도를 갖추고 살아야 한다고 생각하나요? / 제시문에 관해 설명해 보세요 / 이 중의 하나의 기술을 골라 장단점을 말해보세요 / 이런 기술들이 도입되면 좋을까요?"
서울대학교,의예과,"고등학교 생활 중 학교 친구들이 나를 신뢰한다고 가장 크게 느낀 순간이 있다면 말해보세요. / 그렇다면 반대로 고등학교 생활 중 가장 크게 부끄러움을 느꼈던 경험이 있다면 말해보세요. / 알츠하이머 치료제에 대해 관심이 많은 것 같네요. 탐구한 치료제인 레카네맙, 아두카네맙에서 공통 / 2학년 화학 세특에 백신 냉장고를 기획했다고 쓰여 있는데, 이에 대해 구체적으로 말해보세요. / 2학년 자율 세특 10년 후 내 모습 그리기 활동에 신경과 레지던트가 되어 환자들을 돌보는 모습이라 / 뇌에 대해 관심이 많은 것 같군요. 그렇다면 최근에 사망의 기준을 심폐사에서 뇌사로 변경하였는데, / 2학년 확통 세특에 정규분포 내용이 쓰여 있는데, 정규분포에 대해 아는 내용을 모두 말해보세요. / 본인이 알고 있는 최대한 많은 지식을 구체적인 근거로 하여, 향후 우리나라에서 산부인과 의사가 / (시간이 많이 남지 않은 상황에서) 마지막으로 본인이 고등학교 3년동안 한 활동들 중에서 가장 열심"
서울대학교,의예과,"이 현상에 대해 어떻게 생각하나요? / 장인에게 해줄 수 있는 조언은 어떤 것이 있을까요? / 추가 제시문에서 제자의 사업에 대해 어떻게 생각하시나요? / 스승이 제자의 작품을 보고 아릿한 기분을 느낀 이유를 설명해주세요. / 혹시 다른 관점으로 볼 수 있을까요? / 이 병원에 대한 글을 읽고 어떤 느낌을 받았나요? / 3가지 시스템 중 하나를 선택하여 장점과 단점을 말해보세요. / 추가 제시문을 읽고 자동차와 이동식 보조장치의 공통점과 차이점에 대해 설명해주세요. / 역사상 인류의 삶을 크게 바꾼 발명품 중 하나를 소개해주세요. / 위 제시문이 어떤 내용을 말하고 있는지 설명해주세요. / 인지적 편향을 겪은 경험이 있다면 말해주세요. / 사회에서의 인지적 편향을 예시를 들어 설명해주시고, 인지적 편향이 사회에 주는 영향에 대해 말해 / 인지적 편향이 개입된 역사적 사건에 대해 아는 것이 있다면 말해주세요. / 아침 잘 드시고 오셨나요? / 점심은요? / 네, 그럼 면접 시작하겠습니다. 2학년 때 학급 반장으로 활동하셨는데, 학생은 설득하는 반장이었나 / 1학년 때 보편적 의료보장에 대해 말한 적이 있는데, 보편적 의료보장을 위해 가장 중요한 것이 무 / 우리나라에서의 의료보장에 대해서도 말해줄 수 있어요? / AI 시대에서 의사에게 필요한 역량은 무엇이라고 생각하시나요? / 3학년 봉사활동으로 헬스케어 프로젝트를 진행했는데, 활동의 계기와 내용, 결과에 대해 말해주세요. / 시간이 20초 정도 남았는데, 마지막으로 하고 싶은 말 있으면 해주시기 바랍니다. / 이 법의 장점과 단점에 대해 설명해주세요. / 이 법의 장점은 극대화시키고 단점은 보완하는 법을 고안해보시겠어요?"
서울대학교,의예과,"이 기술들에 대해 어떻게 생각하시나요? / 제시문의 기술 중 하나를 선택해 어떤 사람에게 도움이 될 수 있을지 말해보세요. / 추가제시문 읽으시고 다 읽으셨으면 손을 들어 알려주세요. / 자율주행 자동차와 달리 전동 킥보드의 문제가 개선되지 않았던 이유는 무엇일까요? / 과거에는 아니었지만 현재 사람들에게 꼭 필요한 물건이 된 사례를 말해보세요. / 그러면 이러한 기술을 사용하는 데 불리한 사람을 말해보세요. / 그러면 이러한 문제를 해결할 수 있는 방안을 말해보세요. / 지원자에게도 비슷한 일이 있었나요? / 이러한 인지 편향이 사회에 어떤 부정적인 결과를 낳을 수 있을까요? / 추가제시문 읽으시고 다 읽으셨으면 손을 들어 알려주세요. / ‘낙관 편향’에 대해 어떻게 생각하시나요? / 이러한 인지 편향이 영향을 끼친 역사적인 사례를 말해보세요. / 네. / 지원자에게도 인지 편향이 있다고 생각하십니까? / (말을 끊고) 구체적으로 말해주세요 / 우리가 진위 여부를 따지려고 하는 것이 아니니 편하게 대답해주세요. / 1학년 때부터 신경과 의사가 되고 싶었다고 나와있네요. 신경과 의사가 되고 싶었던 계기가 있나요? / 봉사활동을 총 120시간 정도나 했네요. 가장 의미있던 봉사활동 있나요? / 2학년 때 스포츠리그클럽전, 이거 무슨 종목인가요? / 그때 갈등 있었나요? / 교체로 나가는 건 자존심 상하는 일일 수 있는데...그래서 적절한 타이밍에 후반 조커로서 역할을 잘 / 식물정원사 일도 했네요? 어떤 식물 키웠어요? / 아이비? 독성 있지 않나? (라고 하시면서 장난치심) 식물 키우려면 ~해야 하고 ~해야 해서 쉬운 일이 / 한문과 생활에서 성악설을 지지하셨네요. 성악설은 비판을 받기 쉬울 수 있는데요... 도덕성은 선천적 / ‘선’이라는 걸 어떻게 정의할 수 있을까요? / 선이 상대적인 것이라면 가치 판단을 어떻게 할 수 있을까요? / 2학년 생명과학에서 백신 접종을 지지하셨고, 3학년 영어에서는 알츠하이머 진단 거부를 지지하셨네 / 개인의 자율성과 공공의 이익에서 균형을 이룰 수 있는 방법은 무엇일까요? / 벌써 종이 울렸네요. 저희가 시간 조절을 잘못했네요. 수고하셨어요. / 사과법을 시행했을 때 장단점을 말해보세요. / 그렇다면 사과법으로 인한 장점을 극대화하고 단점을 줄이기 위한 방안에는 무엇이 있을까요? / 네. / 추가제시문 읽으시고 다 읽으셨으면 손을 들어 알려주세요. / A의 사과를 보고 다른 학생들이 느꼈을 감정을 구체적인 단어로 말해보세요. / 당신이 학급~~라면(구체적인 워딩 생각 안 남) 화해의 원칙을 어떻게 세우겠습니까? / 이 상황에서 나타나는 갈등을 여러 측면에서 분석해보세요. / 지원자가 장인 가족의 컨설턴트라면 문제를 어떻게 해결할 것입니까? / 그러니까 도자기 만드는 일을 부업으로 하도록 하겠다는 말이시죠? / 추가제시문 읽으시고 다 읽으셨으면 손을 들어 알려주세요. / 지원자는 장인의 삶과 제자의 삶 중 어떤 것을 택하겠습니까? / 왜 장인은 제자를 보며 아릿함을 느꼈을까요? / 지원자도 다른 사람이 지원자보다 뛰어나지는 것을 보며, 지원자의 능력 부족을 느껴 아릿한 기분이"
서울대학교,의예과,"제시문 잘 읽으셨죠. 사과법을 시행했을 때의 장단점을 말해보세요. / 그렇다면 이러한 단점을 보완하기 위해서는 어떻게 해야 할 것 같나요? / 이 상황에서 조원들이 느꼈을 감정을 구체적인 단어로 말해보세요. / 이 상황에서 조원들이 조장에게 진짜 듣고 싶었던 말은 무엇이었을까요? / 이 상황에서의 갈등은 어떤 것이 있는지 모두 말하세요. / 자신이 이 장인 가족의 컨설턴트라면 이 상황을 어떻게 분석할 것이고, 어떤 해결책을 내놓을 것인 / 문화유산 보존 측면에서 생각해 보면, 국가에서 장인과 같은 예술가들에게 지원을 해 주어야 한다고 / 지원자는 장인과 제자 중 어떤 사람으로 살고 싶나요? / 제자처럼 살면 사람들에게 휩쓸리는 삶을 살게 되지 않을까요? / 제시문에서, 장인은 왜 제자를 보면서 그러한 감정을 느꼈을까요? / 제시문을 읽고 느껴지는, 이 병원에 대한 생각을 모두 말해보세요. / 제시문에 나온 기술 중 하나를 골라 어떤 사람들에게 특히 유용할 것 같은지 본인의 생각을 말하세요. / 제시문의 두 사례가 시사하는 점이 무엇이라고 생각하는지 말해보세요. / 새로운 기술 중 우리 곁에 안착한 사례를 말하고, 어떤 과정을 통해 그럴 수 있었다고 생각하는지 / 지원자도 제시문과 같은 경험을 해 본 적이 있나요? / 왜 제시문과 같은 상황이 발생한다고 생각하나요? / 어떤 사람에게는 낙관 편향이 성공의 동기로 작용하고, 어떤 사람에게는 낙관 편향이 실패의 요인으 / 인지 편향 때문에 크게 실패한 역사적 사건이 있을까요? / 그러면 낙관 편향과 관련해서는 말해 볼 수 있나요? / 지원자에게도 인지 편향이 있는지, 이를 해결하기 위한 방안은 무엇인지 말해 보세요. / 안녕하세요. 앞의 면접 보느라고 수고하셨습니다. 점심 잘 드시고 오셨나요? ㅎㅎㅎ 밥이 안 넘어가 / 네 알겠습니다. 이건 취조하는 거 아니니까 긴장 푸시고, 편안하게 답변해주시면 됩니다. / 음, 행특을 보니까, 호기심과 수리력 등 여러 특성이 쓰여 있는데, 이 특성과 관련하여 지원자의 지 / 네, 알겠습니다. 생기부를 보니까 지원자의 관심사가 다양한 것 같았어서요. 예를 들어 지금 필수의 / 지원자는 필수의료를 어떻게 정의하나요? / 건강권 얘기가 나왔으니, 통합사회 시간에 탐구한 내용 중에 사회취약계층의 건강권을 높이는 방안에 / 네. 다음으로 철학 시간에 니체의 초인과 카잔차스키의 조르바에 대해 탐구했네요? 본인은 의사로서 / 고3으로서 스트레스도 많이 받고 힘들었을 텐데, 본인은 조르바처럼 시간을 보낸 때는 없었나요? / 네 알겠습니다. 다음으로 통합과학 시간에 유전자 편집 기술에 대해 탐구했는데, 유전자 편집 기술과 / 지원자는 안락사에 대해 어떤 입장을 가지고 있나요? / 동아리 활동을 이것저것 했네요. 3학년 동아리 활동에서 아두이노 관련한 CO 탐지기를 만들었는데, / 시중에 있는 것을 직접 만들어 본 것인가요? / 생활과 과학 시간에 체내 삽입 의료기기에 대해 조사했는데, 이런 기기들의 원리는 무엇이고 단점은 / 시간이 30초 남았네요. 마무리로, 본인의 특성 중 의사로서 적합한 것과 적합하지 않은 것을 하나씩"
서울대학교,인류학과,"(웃으면서 맞이해주심) 어떤 지문 먼저 답변 시작할래요? / 네 추가 질문은 이따 할게요 2번 질문 바로 답변해주세요 / (2번 질문 답변에 대한 꼬리 질문을 하셨는데 기억이 안남.) 시간 없으니까 간단하게 대답해 주세요. / 근데 2번 질문을 보면 가, 나, 다의 유기적 관계도 설명하라고 되어 있는데 이건 설명을 안 한 것 같 / 뭐 공통점이라든가 차이점도..가 지문이랑 나 지문은 설명한 것처럼 대비가 확실한데 가 지문과 다 / (끄덕끄덕) 사회과학 지문 답변 시작하세요. / 이어서 2번도 답변하세요 / (소비자물가지수로 인해 상충되는 상황에서 발생하는 문제점을 지적하시면서) 이러면 부작용이 있을 / (왼쪽 교수님) 아까 1번 질문 답변에서 나 지문 문제점 해결방안으로 체계적인 검증이 필요하다고 했 / (오른쪽 교수님) 수고하셨습니다~ (웃음)"
서울대학교,인문계열,"네 안녕하세요. 바로 질문하겠습니다. 여기에 지원한 동기부터 답변해보세요. / 벤야민의 ‘아우라’ 개념을 언급했는데, 그게 무엇인지 설명해주세요. / 타투가 이 시대의 새로운 대안적인 예술이라고 밝혔는데, 10명의 사람이 같은 모양의 타투를 새긴다 / 네 좋습니다. / 세계사 시간에 고대 문명에 대해 공부하며 이난나의 하강 신화를 탐구하고 고대 신화에 담긴 미학적 / 네. / 네 알겠습니다. / 추가로 인공지능의 예술 가능성에 관해서도 탐구했다고 나와 있는데, 인공지능이 창작한 예술이 인간"
서울대학교,재료공학부,"네. 우리 학과 지원동기와 입학 후 계획에 대해 말씀해 보세요. / (꼬리질문 기대했는데 안 물어보심.) 물리학1 과목 생기부 관련 질문 / 학급 임원 경험이 많던데 리더십을 발휘한 경험에 대해 말씀해 보세요. / 의견이 맞지 않는 친구의 경우엔 어떻게 하는지 말씀해 보세요. / 교과 수준을 벗어난, 그러니까 책에서 공부할 수 없었던 부분에 대해 어떻게 공부했는지 설명해보세요. / 답변 내용 관련 추가 질문 2개 / (미적분 과목 생기부 관련 질문 중 시간 종료)"
서울대학교,전기·정보공학부,맥스웰 방정식과 기하 과목에 관계를 설명해보세요 / 스토캐스틱 결함은 무엇인가요? / 이 결함의 해결방법은 무엇인가요? / 물리학2 시간에 연산증폭기에 대해 탐구했다고 했는데 어떤 내용이었나요? / 좋아하는 과목과 그 과목을 배우면서 기억에 남는 경험이 있나요? / 그러면 그렇게 미분불가능한 함수에서 극대 극소는 어떻게 따지나요? / 졸업 후에는 무엇을 하고 싶나요? / 그러면 현재 삼성 반도체의 문제점은 뭐라고 생각하나요?
서울대학교,전기·정보공학부,"면접 시작하겠습니다. 고등학교 3학년을 들어와서, 고등 물리학, 물리학 실험, 물리학 2를 수강하셨는 / 그렇게 하면 학업적으로 조금 어려움이 있지 않았나요? 시간이 부족하지 않았나요? 괜찮았나?(웃음) / 혹시 이 대학교에 입학하게 됬을 때 학업 계획이 있을까요? / 물론 고등학생이니만큼 없을 수도 있지만, 이후에 구체적인 진로라던가 방향성이 있을까요? / 혹시 학교에서 배웠던 과목 중에 좀 재밌었던 과목이나 내용 있을까요? / 고급 물리학 과목을 수강하셨는데, 혹시 가장 기억에 남는 내용 있었나요? / 수학적인 이론 위주로 하셨나요? 아니면 실험이라던가 이런 거를 했나요? / 고급 수학 시간에 탐구한 합성곱 커널의 수학적 조건 및 체계화 내용 말인데요, 혹시 학생이 설명을 / 3학년 자율활동에서 전국단위 평가 문항 데이터를 수집하고 문항 유형과 난이도 간의 상관관계를 카 / 여기서 카이제곱 독립성 검정이 무엇인가요? / 학생이 약자를 도와야겠다고 생각하게 된 계기가 있을까요?"
서울대학교,정치외교학부,"인문 문제 먼저 풀래요, 사회 문제 먼저 풀래요? / 네 문제 1번부터 답변 시작하세요. / 네 다음 답변 진행해 주세요. / 네 그렇다면 본인이 실제 문학 작품으로 도덕적 이해에 도움을 받은 적이 있나요? / 네. 괜찮습니다. / 네 그럼 사회과학 지문 답변 시작해 주세요. / 아 네, 그렇다면 학생이 ~~~ (정리되는 단어로 바꿔주심) 라고 이해했는데 이를 바탕으로 2번 답해 / 네 그렇다면 정부가 (나)와 같은 경우와 (다)와 같은 경우를 각각 사용해야하는 경우는 언제인가요?"
서울대학교,조선해양공학과,문제 푸신 거 있나요? 정답부터 들어보죠. / 시간을 드리겠으니 좀 풀어보세요. / (나이 많은 교수님) 그렇다면 학생은 이 문제를 해결할 역량이 되지 못한다고 생각하면 될까요? / 수식을 확인해보죠. (아까 풀었던 연습지를 가져가심) 수식이 틀렸는데요? / 그건 말해줄 수 없죠. 그걸 말해주면 불공정한거죠. / 대문항 2번은 더 풀지 못했어요? / 그거 말해보세요. / (젊은 남교수님이 끄덕거리심) 나머지 하나도 구했나요? / 한번 정리해 보세요. / 이거는 아마 시간 내에 불가능하겠죠? 우리 과에 지원한 동기 말해보세요. / 네. 수고하셨습니다.
서울대학교,지구과학교육과,"15분이 부족할 수도 있으니, 중간에 안 끼어들테니까 준비한 거 쭉 말해보세요. / 그럼 못 푼 문제가 1-?번이랑 2-4번 맞죠? / 풀이 방법만이라도 생각해보실래요? 2 4번 문제 (3)은 정성적인 거니 할 수 있을 것 같은데? 압력 감소 / 네~ 문제 (1)은 구하려면 어떤 식을 사용해야 할 것 같으세요? / 네 그 식을 어떻게 변형해야 될까요? 단위를 보면 알 수 있을 것 같은데.. / 1-??번 문제 대기대순환의 관점에서도 설명해 보실래요? (문제가 대기대순환과 지형을 고려하여 / (강수량을 생각해보라고 힌트 주심) / 왜 태평양이 더 상승기류가 강할까요?"
서울대학교,지구환경과학부,"먼저 자기소개 해주세요. / (웃으시면서) 에어로졸에 관심이 있다고 하셨는데, 에어로졸이 대기 상태에 어떤 영향을 미치는 건가요? / 그럼 에어로졸이 많이 분포하는 대기에서는 구름이 더 많이 만들어지겠네요? / 자기 소개에서 질문을 하나만 더 해 볼게요, 그럼 에어로졸은 주로 어떤 성분으로 이루어져 있는지 / 최근에 이슈가 되고 있는 것인데, 만약에 백두산 화산이 폭발하면 대기의 상태가 어떻게 변할 수 있 / 학생부를 쭉 봤는데, 희망 분야가 기상 연구원이라고 하더라고요? 기상 분야라고 하면 기상청을 들어 / 에어로졸에는 어떻게 관심을 가지게 되었나요? / (옆 교수님과 눈짓을 주고 받으시면서) 그러면 학생이 생각하기에, 현재 지구과학 분야에서 세계적으 / 아...... 엘니뇨 주기가 짧아진다는 거죠? (교수님께서 답변을 제대로 이해 못 하신 것 같았다 ㅠㅠ) / (질문 기억 잘 안남) 그럼, 학생이 생각했을 때, 미세먼지와 같은 문제를 해결하기 위해서는 어떤 노 / 네, 저희 시간이 다 되어서, 여기서 마무리하도록 할게요."
서울대학교,지구환경과학부,자기소개와 지원동기 말씀해주세요 / 그럼 지구환경과 생태계가 순환한다는 말씀이세요? / 아 그럼 항생제 내성 유전자가 인간에 의해 환경에도 퍼지나요? 그게 미생물에 영향을 주고? / 혹시 생태계와 생물의 차이를 뭐라고 생각하시나요? 관계가 있나요? / 지구과학 시간에 오존층에 대해서 탐구했던데 오존층이 생겨난 이유에 대해서 설명해볼래요? / 그 광합성 생물은 어디에 존재하는가요? / 생물이 물에만 존재하나요? 육지에는? / 물에서는 존재할 수 있었는데 자외선이 물을 통과하면 어떻게 되는지 아나요? / 반장과 부반장을 했던데 어떤게 더 힘들었나요? / 한 반에 몇 명 있었나요? / 30명이면 힘들었겠네요. 3학년에는 임원활동을 안 했던데 학업에 집중하려고 그랬나요? / 과학발표를 할 때 교과서 수준의 내용으로는 부족했을텐데 그럴 때 어떻게 지식을 보충했나요?
서울대학교,지리학과,"조금 긴장되시죠? / 그럼 긴장도 풀어볼 겸 지원 동기부터 이야기해볼까요? / 불평등에는 왜 관심을 가지게 되었나요? / 왜, 돈 때문에? / 그러면 하고 싶은 건 뭐예요? 뭐 학자가 되고 싶은 거예요, 정책을 집행하는 공무원이나 정책을 / 네, 그럼 인문학 지문부터 시작해볼까요? / 문제 1번, 제시문 (가)와 (나) 중 하나의 입장에서 다른 입장을 평가해보세요. / (나)의 주장이 옳다고 생각하면, 문제 2번의 문학은 도덕적 이해를 도울 수 있다는 주장이 맞다고 / 설명해보세요. / 그럼 혹시 그런 관점을 통합할 수 있는 것이 있을까요? 문제에 유기적이라고 설명되어 있어서요. / 예를 들면요? / 네, 다음으로 넘어갈게요. 문제 1번, (가)를 바탕으로 (나)와 (다)에 나타난 문제점에 대해 말하고, / 두 개의 해결방안을 합칠만한 방법은 없을까요? / 본인은 (가)와 (나) 중에서 어떤 것에 더 가깝다고 생각하나요? / 그러면 주식투자나 이런 건 하세요? (나) 입장이면 못할 것 같은데. / 만약에 한다면? / 네, 그럼 문제 2번, (가)와 (나)의 인지성향이 사회에 어떻게 도움이 될 수 있는지 구체적으로 / 네, 그러면 마지막으로 하고 싶은 말 해주세요. / 어... 아직도 2분 정도 남았네요. 제시문을 워낙 간략하게 설명해서. 그러면 (잠시 고민) 아까 / 그럼 이게 (나)의 입장이네요. / 네, 이제는 마쳐야 하겠네요. 나가시면 됩니다."
서울대학교,첨단융합학부,"고등학교 시절에 읽었던 책 중에서 첨단기술에 관련된 것이나, 아니면 연구자로서 가치관, 태도, / 그렇다면 지원자가 말한 그 ‘생명의 본질적 가치’란 무엇인가요? / 방금 말한 그 프로그램으로 스트레스를 정확히 어떻게 예측했다는 것이죠? / 전문 기관에 의뢰했다 했는데 어떤 곳이었죠? / 돈은 어떻게 했나요? / 타액을 통해 코르티솔 농도를 측정했다고 했는데, 어떤 원리가 사용되는지 알고 있나요? / 고교 시절 학업적인 것은 제외하고, 따로 힘들었던 일이 있었으면 말해주세요. / 그래서 결국 그 친구는 어떻게 되었나요? / 이건 생기부에 적혀있어서 물어보는 건데, 3학년 고급화학에서 HOMO-LUMO gap이 무엇인가요? / 탐구 과정에서 이 개념을 어디에 사용한 것이죠? / (서로 이야기를 조금 함. 이정도면 괜찮다는 식의 뉘앙스였음) 네 이제 면접 시간이 얼마 안 남아서, / (두 분 다 약간 웃으심) 네 감사합니다. 퇴실하시면 됩니다."
서울대학교,첨단융합학부,"공통 질문 드리겠습니다. 지난 3년간 읽은 책 중에 본인의 가치관을 바꿨거나 융합적 사고를 발휘하게 / (mRNA 백신의 유전학적 원리와 관련된 구체적인 추가 질문) / 네 괜찮습니다. 그럼 생기부에 ELISA 진단이라는게 적혀있는데, 이것에 대해 설명해주세요. / 생기부를 보니 혁신신약전공에 관심이 있는 것 같은데, 입학하게 되면 하고 싶은게 있어요? / 고급 화학을 수강했는데, 가장 기억에 남는게 무엇이 있나요? / 구체적으로 어떤 분자들의 결합각들이 이해가 되었나요? / 학교 다니며 어려운 일을 겪은 적이 있을 텐데 이를 극복한 경험이 있다면 말해보세요. / 푸아죄유 법칙에 대해 설명해 주세요. / 기하 시간에 약물 캡슐 구조에 따른 방출 속도에 대해 탐구한 게 특이한데, 무슨 내용인지 설명해 / 원기둥형이 구형보다 표면적이 크다고요? / 동아리 활동에서 기억에 남는 활동이 있나요? / 마지막으로 하고 싶은 말이 있으면 해보세요."
서울대학교,첨단융합학부,"네 자리에 착석해주시면 되겠습니다. 그러면 바로 공통 질문 먼저 시작하겠습니다. 학생의 생기부를 / 자가포식을 공학적 도구를 활용해 확인한다고 하셨는데, 이 부분 좀 자세히 설명해주세요. / 학생의 생활기록부를 보니 선택적 자가포식을 활용해 질병을 치료할 수 있다는데 이 부분에 대해 자 / 답변 잘 들었습니다. 학생이 자가포식을 활용한 치료법에 한계가 존재한다 했는데, 그 한계가 어떤 / 3년 동안 OOOO동아리라는 곳에서 회장으로 활동하신 것 같은데 맞나요? / 동아리 활동에서 물벼룩을 활용해 약물의 효과를 탐구한 것 같은데 이에 대해 자세히 설명해주실 수 / 잠시만요. 물벼룩의 심박수를 어떻게 측정하신 건가요? / 학생 수준에서 할 수 있는 좋은 방법인 것 같네요. 그럼 실험에 대해 계속해서 설명해주시길 바랍니다. / 1학년과 2학년때 학급 회장 역할을 맡으신 것 같은데, 학급 회장으로써 했던 일들 중 기억에 남는 / 마지막으로 첨단융합학부에 오시게 되면 어떤 전공으로 진학을 원하는지 말해주세요."
서울대학교,화학교육과,"45분 동안 문제 전부 푸셨나요? / 그러면 지금부터 문제 풀이 시작해주세요 / 네 그러면 시간이 조금 남아서 추가 질문 드릴게요. 마지막 문제에서 말씀하신 답을 그렇게 생각하 / 그럼 학생분 말대로면 학생분 답 보다는 다른 답은 안될까요? / 학생분이 말한 답변의 이 부분은 문제의 조건에 의해서 성립이 안 될 것 같은데 다시 한번 생각해 / 네 알겠습니다. 시간이 많이 남지 않았는데 학생이 말한 답변 중에서 수정하고 싶은 답변 있나요? / 학생분이 아까 1-1번 문제에서 답이 97kj/mol이라 답변을 해 주셨는데 이는 암모니아 2몰에 해당하는 / 네 학생 수고 많으셨고 이제 나가주시면 됩니다. / 학생 긴장 많이 하셨나요? / 그러면 학생의 긴장도 풀 겸 제시문 1문단 한 번 읽어 볼까요? / 이제 문제 1번부터 답변 시작해 주세요: / 두 번째 세번쨰 문제도 이어서 해주세요. (두 번째 문제는 학업 실패가 긍정적인 영향을 미칠 수 있 / 그러면 추가질문 더 드리겠습니다. 학생은 학업실패의 원인을 개인적 차원에서 설명해 주었는데 개인 / 잘 들었습니다. 학생이 생각하기에 제시문은 긍정적인 내용인 것 같나요 부정적인 내용인 것 같나요? / 아 이유는 괜찮고, 그럼 아까 학생이 문제 2번에 대해서 학업실패가 부정적이고 긍정적인 즉, 양가적 / 학생 혹시 자기결정성 이론을 따로 면접용으로 준비해서 온 것인가요? / 시간이 얼마 남지 않은 것 같은데 혹시 학생 과탐실 배웠나요? / 그러면 이론과 법칙의 차이는 무엇이라 생각하나요?"
서울대학교,화학부,"이 학교에 지원한 이유가 뭔가요? / 생분해성 고분자에 대해 말해줄 수 있나요? / 그 과정을 설명해 줄 수 있나요? 어떤 결합이 끊어져서 분해되는지 같은 거요. / 신소재를 사용해서 휴대폰을 설계했다고 하는데 설명해주세요. / 페인트를 화면에 도포하면 안 보일 텐데요? / 여기 페트(PET) 섬유의 방사 속도에 대해서 써놓았는데 방사속도에 따른 차이가 있나요? / 30초 정도 남았는데 마지막으로 하고 싶은 말 있으신가요? / 네, 수고하셨습니다."
서울시립대학교,경영학부,"네 대기하느라 수고 많았어요. 오래 기다렸죠? / 아 그래요? 허허 앞에 나온 문구 소리 내서 읽어주세요.(본인의 신상 밝히면 불이익이 있을 수 있 / 네 그럼 바로 시작할게요. / 학생 생활기록부를 보면 굉장히 재밌는 부분이 있는데, 학생 수학 성적이 월등히 좋은데 수학을 좋 / 경영에서도 수학이 사용되는데 어떤 분야에서 사용되는지 설명해보세요. / 학생 생활기록부를 보면 AI와 빅데이터에도 관심이 있는 것 같은데, 두 개가 어떤 것인지 설명해보 / 이제 경영에서는 수학도 물론 중요하지만, 커뮤니케이션도 굉장히 중요한데, 학생이 다른 과목에 비 / 어떤 식으로 회화 공부하고 있는지 설명해주세요. / 그럼 혹시 영어로 자기소개 해볼 수 있어요? / 네 저희도 영어로 자기소개는 처음 들어봤네요.(두분 다 웃고 계셨음) / 네 그럼 이제 다음 질문으로 넘어가볼게요. 학생 생활기록부에 로또의 비랜덤성이 소비자 심리에 미 / 수학을 잘하시네요. / 동아리 시간에 ESG의 개념과 한계를 탐구한 적이 있는데, ESG의 개념과 한계점을 사례를 들어서 / 자원 낭비 말씀하시는 거죠?(이런 식으로 내 의도를 파악하시고 한 번씩 말해주셨는데 안심됐음) / 네 3학년 사회문제탐구 시간에 배달 플랫폼 수수료의 불투명성에 대해 탐구하셨는데, 이 탐구에 대 / 그럼 배달 플랫폼에서 수수료가 없어야 된다는 말씀인가요?(어떻게 대답할지 약간 떠보시려고 일부 / 정보의 투명성이 중요하다는 말이죠? (핵심 짚어주심) / 그럼 수수료를 부과할 때 정보를 공개하려면 기준이 있어야 하는데, 학생이라면 수수료를 어떻게 나 / 아니아니 정확하게는 아니어도 지금 학생이 생각나는대로 말해보세요. / 네 면접 여기까지 하겠습니다. 수고하셨습니다."
서울시립대학교,경영학부,뭐타고 오셨어요? 춥진 않아요? / 그럼 면접 바로 시작하겠습니다. 간단한 지원동기 얘기해보세요. / 오? 플랫폼 경영이요? 그럼 (학생부에 있는) ott의 가격전략에 대해 설명해보세요. / 미국 관세도 탐구하셨는데 설명해 보세요. / 네 잘 알겠고요. 우리나라는 그럼 어떤 대처를 해야 하고 현재 동세는 어떤지 아나요? / 오 뉴스 자주 보시나 봐요. / 카드뉴스 만들기로 전쟁 났을 시에 대처법을 발표하셨다는데 말해보세요. / 아니. 뉴스 식으로 해보세요. (여기서 엄청나게 당황함 티를 내진 않았는데 들어본 적 없는 형식의 / 네 잘 들었습니다(면접관 두 분 모두 계속 웃으심) 희소성 전략에 대해 비판적으로 탐구하셨다는데 / 본인이 차익을 얻어 긍정적으로 보게 된 거 아닌가요? (되게 날카로운 말투였음) / 마지막으로 하고 싶으신 얘기 있으실까요?
서울시립대학교,국어국문학과,"2학년 동아리 보니까 역사와 문학의 연관성에 대해서 탐구를 한 것 같은데 이러한 특징을 잘 / 그러면 주인공 양생이 여인을 만나게 되는 과정에는 역사적 사실이 없을까요? / 혹시, 현대소설 작품도 하나 말해달라고 했는데. / 그런데, 한국전쟁 자체를 나타내는 소설이니까, 역사적 극복보다는 비극에 초점을 맞출 수 있다는 / 넵, 잘 알겠습니다. 3학년 동아리 시간에 문화평등이라는 것에 대해 탐구한 것이 있네요. 문화평등에 / 역사적으로 다양한 공용어의 시도가 있었던 것을 아시나요? / 네, 에스페란토가 있죠. 하지만 이러한 시도들은 성공적인 결과를 낳지 못했는데, 어떻게 공용어의 / 제가 말씀드리고 싶은건 한글은 문자잖아요, 공용어는 언어고, 한글이라는 문자가 공용어가 어떻게 / 공용어는 언어에요, 언어와 문자는 다르잖아요, 그러한 점에서 한글이 공용어가 될 수 있다는 점은 / 1학년 인공지능세특에서 인공지능이 혐오표현을 하는 문제에 대해서 지적했는데 이에 대한 사례하나 / 잘 들었습니다. 마지막으로 하고 싶은 말 하나 빠르게 말해주시고 끝나겠습니다."
서울시립대학교,국제관계학과,"안녕하세요. 긴장 푸시게 심호흡 한번 하세요~ / 그럼 우선 편하게 지원동기나 자기소개 준비한 것 있으면 해보세요. / 현대 포퓰리즘의 진화와 팬덤정치를 주제로, 팬덤정치가 포퓰리즘과 결합하여 민주적 심의 기능을 / 포퓰리즘과 팬덤정치의 차이점이 무엇인지 말씀해주시고, 팬덤정치가 민주적 심의 기능을 어떻게 / 그런 사례는 어떤 자료를 통해서 탐구한 건가요? / 포퓰리즘과 팬덤정치의 차이점이 무엇인지 설명할 수 있나요? / (웃으심) 알겠습니다. 생기부를 보면 용모와 품행이 단정하고~(생략)모범이 되어 우수 학생으로 / 국제법 수업은 어떻게 진행했나요? 뭘 배웠어요? / 국제법적 관점에서 다양한 국제분쟁을 고찰하면 국제정치 관점에서 보는 거랑 또 다른 점이 있을 / 아 그러면 국제를 떼고 그냥 법과 정치로 합시다. 정치와 법 과목도 수강한 걸로 아는데, 법과 / 그러면 제가 법을 매우 중요시 여기는 사람이고, 학생이 정치를 더욱 중요시 여기는 사람이라고 / 통일 교육을 정치외교적 시각으로 접목해 시각 자료와 함께 제시하며 통일의 당위성을 설득력 있게 / 네, 그럼 이제 마지막으로 하고 싶은 말 있으면 자유롭게 하고 퇴장하시면 됩니다."
서울시립대학교,도시공학과,"(서로 인사하고 착석 후)오늘은 날씨가 그렇게 춥지는 않았던 것 같은데, 오는 길은 괜찮으셨어요? / 네, 그럼 질문 시작할게요. 저희가 궁금한게 많아요. 여기 보니까 도시공학 관련해서 활동한 내용이 / 네, soc가 무엇이고 그 탐구는 어떻게 했는지 좀 더 자세히 설명해주세요. / 경찰서, 행정복지센터, 이런 걸로 내구성을 평가했다고 하는데, 정확히 뭘 평가한 거에요? / 커뮤니티요? 흐으으음...(맘에 안든다는 듯이 한숨 쉬셔서 당황...) 그럼 해당 지역을 구역별로 나눈 / 행정동이요... 그럼 거리가 좀... 학생은 학생이 말하는 soc간 거리가 어느 정도 되야한다 생각해요? / 저도 질문할게요. gis에 관심이 많고 이 탐구에도 쓰신 것 같은데, 그동안 어떤 프로그램 써봤어요? / 여기 활동한 거 보니까 포용도시란 단어가 있던데, 포용도시가 뭔지 설명해 주세요. / 좀 더 구체적으로요. 어떤 분야에서의 사례나 이런 걸 들어주세요. / 좀 더 구체적이면 좋을 텐데... 앞에서 말한 리질리언스 관련해서 한 질문이에요. / 넘어가서, 보니까 3학년 때 내신 성적이 많이 올랐는데, 이유가 있나요? / 그럼 제일 자신있는 과목이 수학인가요?(여기서 다시 당황... 약점이었다고 방금 말씀드렸는데) / 마지막으로 하고 싶은 말 있으시면 자유롭게 해주세요. / 네. 수고 많으셨습니다. 좋은 결과 바라겠습니다."
서울시립대학교,생명과학과,"어서오세요. 얼른 앉으세요. (매우 환한 미소) / 지원자분 앞에 책상에 보이는 종이에 적힌 글 한번 읽어볼래요? / 좋아요, 학교는 오시면서 조금 둘러보셨나요? / (웃으시며) 네 좋아요. 그 생명과학관도 엄청 예쁜데 우리 지원자도 꼭 둘러보고 가요. 그럼 이제 면 / (기본적으로 많이 웃어주심) 좋아요. 그 miRNA에 대해서 조사하셨던데 간단히 무슨 역할을 하는지 / 그렇군요. 그 마이크로 RNA가 어느 년도에 노벨상을 받았었죠? 기억이 안나네.. / 그렇군요. 그 시냅스 (동아리) 반에서 웨스턴 블롯 실험을 했다고 쓰여있는데 이 웨스턴 블롯이라는 / 오 SDS-PAGE요? 그게 뭔데요? / 그렇군요. 그럼 전기영동 한 다음에 단백질 발현량을 어떻게 확인해요? / (웃으시며) 그 뭐 만들었던 기억 안나요? (어떻게든 생각나게 하려고 도와주시는 기분이 많이 들음) / (당황하심) 샌드위치? 갑자기 샌드위치? 아하 그래요..? 그건 왜 만들었던 것 같아요? / 제 생각에는 단백질이 담겨져 있는 그 젤라틴 같은 그걸 위아래로 눌러준다면서 어딘가로 붙게 해준 / 그러면 단백질은 뭐에요? / 아미노산이 뭔데요? / (웃으시며) 괜찮아요. (잠시 정적) (여자 면접관이 남자 면접관께) 학생 긴장한 것 같으니 빨리 넘어갑시다!! 그럼 / (웃으시며) 좋은 선생님이 학교에 계셨네요. / (웃으시며) 좋아요. 학교 선생님과의 관계는 원만한 편인가요? / (웃으시며) 아니 질문을 많이 하면 선생님들과 친해지니까. 지원자님 질문이 많은 편인 것 같길래요. / (웃으시며) 아 좋아요 좋아요. 지원자님 명확한 진로 계획이 있으면 대학 계획까지 포함해서 말해줄 / 대체로 사회적으로 도움이 되고 싶나 보네요? / (웃으시며) 멋지네요. 그럼 2학년 생명과학Ⅰ에서는 어떤 부분이 가장 재미있었어요? / 우리 학과 홈페이지 봤어요? (학생 : 끄덕끄덕) 좋아요. 어느 분야가 가장 재밌을 것 같아요? / 네, 알겠습니다. 마지막으로 하고 싶은 말 있으면 해주세요. / (웃으시며) 네 수고하셨어요."
서울시립대학교,신소재공학과,"안녕하세요 / 많이 긴장되시나요? (아이스브레이킹) / 어, 아닙니다 흐흐. 이제 질문 해볼까요? / 많은 활동을 하셨어요, 2학년 진로활동에서 배터리를 산화환원반응과 전하균형을 통해 설명했다고 하 / 네 산화와 환원을 하는 정도를 뭐라고 하는지 아시나요? / 3학년 동아리 실험에서 RC회로를 통한 시상수 측정 실험을 하셨네요? 시상수가 뭔가요? / 어. 그거 말고 공식 관련해서? / 그렇죠 (끄덕) / 커패시터의 유전체에 발생하는 분극 현상에 대해서 설명해주세요. / 유전체와 도체의 차이점을 뒤에 칠판을 가지고 설명해주세요 / 마지막으로 하고 싶은 말 10초 드릴게요."
서울시립대학교,융합응용화학과,"의자에 편안하게 앉아주시고 책상 위에 있는 종이에 써진 글을 읽어주시기 바랍니다. / 많이 긴장하신 거 같은데 마음이 진정되시면 말씀해주세요 (웃으면서 말씀해주심, 덕분에 긴장이 조 / 네 시작해볼게요. 기체의 부피와 질량에 관한 그래프를 분석하여 반응 몰수와 분자량을 도출하는 방 / 네. 화학Ⅰ 시간에 기체의 부피와 질량에 관한 그래프를 분석하여 반응 몰수와 분자량을 도출하는 / 바나듐 배터리에 많은 관심을 가지고 있는 거 같은데 이거에 대해서 설명 좀 해줄 수 있나요? / 깁스 자유 에너지와 많이 탐구한 거 같은데 혹시 설명해 줄 수 있나요? / 아 네, 설명해도 괜찮습니다. (뭔가를 쓰고 계시다가 조금 놀라신 거 같음) / 네 많이 알고 계시네요. 엔트로피에 대해서도 많이 공부한 거 같은데 혹시 설명 좀 해줄 수 있나요? / 동아리 활동 시간에 마그네슘 전지 만들기 실험을 했다고 했는데 이 실험에 대해서 설명해줄 수 있 / 시간이 거의 다 된 거 같은데.. / 잠시만요 하나만 더 질문할게요, 전도성을 파악했다고 쓰여져 있는데 혹시 어떻게 파악을 했나요? / 시간이 다 돼서 혹시 마지막으로 하고 싶은 말을 아주 짧게 말해줄 수 있을까요?"
서울시립대학교,인공지능학과,퀵정렬이라는 것을 시각화하였다고 했는데 어떻게 했는지 설명해 주세요. / 퀵정렬이 어떤 건지 설명해 주실래요? 뒤에 칠판을 사용하셔도 됩니다. / 정보 시간에 피지컬컴퓨팅으로 한 것에 대해 설명해 주세요. / thinkercad? 라는 프로그램은 공부가 많이 필요한 것인가요? / 할루시네이션은 뭔가요? / 다시 퀵정렬로 돌아가서 html과 자바스크립트를 사용하였다고 했는데 두 개를 어떻게 사용하신 건가요? / 그럼 코딩하는 것은 직접 하신 건가요? / 그럼 코딩하실 때 무엇을 가장 많이 활용하였나요? / 그럼 자바스크립트로 만들 때 어떤 언어로 했나요? / 그럼 컴파일같은 것도 하시고 그랬어요? / 그럼 자바스크립트에서 어떻게 코드를 짜셨는지 설명해 주세요. / 괜찮아요. 시간이 다 되어서 나가셔도 좋습니다.
서울시립대학교,전자전기컴퓨터공학부,"저희 면접이 조금 어려울 수 있으니까 모르겠으면 모르겠다고 말해주세요. / 2학년 동아리 시간에 태양전지 실험을 했는데, 이 실험에서 본인의 역할이 뭐였어요? / 멀티미터가 뭐에요? / 1학년 진로시간에 트랜지스터에서 전류가 흐르면 1 전류가 흐르지 않으면 0으로 동작하고 이를 통해 / 3학년 동아리 시간에 mosfet에 대해 탐구했던데, mosfet이 뭐에요? / 그러면 아까 트랜지스터에 전류가 흘러서 1과 0을 생성한다고 했는데 이 때 트랜지스터는 mosfet인 / bjt트랜지스터는 어떤 말의 약자인지 알아요? / 3학년 자율활동 시간에 gan기반 기술을 탐구했는데 이거에 대해 말씀해주세요. / 그럼 gan기술과 같은 다른 AI학습 기술 아는거 있어요? / 학생은 수학이 좋아요 물리가 좋아요? (문제를 들었을 때 당황시키게 하고 순발력을 묻는 질문인거 / 마지막으로 할 말 있어요?"
서울시립대학교,전기전자컴퓨터공학부,"안녕하세요. 앉아서 유의사항 한 번 소리내서 읽어주시겠어요? / 네, 그러면 바로 면접 시작해도 될까요? / 네, 그럼 먼저 3학년 자율활동 시간에 학급 내 1인 1역할로 문제 출제자 역할을 담당하여 학급 친구들 / (웃으시며) 아 그러면 간식으로는 무엇을 줬나요? / 네, 그러면 3학년 탐구활동 시간에 했던 Ai로 비트코인 가상 매매 실험한 거 자세히 설명해주실 수 있 / 각 모델의 수익이 어떻게 되었나요? / 그럼 혹시 그 활동을 하면서 어려웠던 점은 없나요? / 그런 생각은 본인이 직접 하신건가요? / 그러면 다음으로, 3학년 동아리 활동 시간에 본인이 평소 원하는 학술 자료를 읽는 것을 즐긴다고 나와 / 혹시, 그 논문이 어디서 만들어진건가요? / 그 논문 내용을 간략하게 설명 가능한가요? / 네 알겠습니다. 그러면 3학년 물리학 2에 나와있는 상호유도에 대해 설명해볼래요? / 그러면 코일 b의 전류를 많이 바꾸려면 어떻게 해야하죠? / (코일 a에 대한 꼬리질문이였는데 기억이 안남.) / 네, 알겠습니다. 그러면 2학년 물리학 시간에 와이파이 주파수에 대해 탐구 하셨는데 각 주파수가 가지 / 왜 5ghz가 속도가 더 빠르나요? / 그리고 와이파이를 통해 데이터를 처리하는 물리학적 원리도 설명했다고 나와있는데 설명해 볼 수 있 / 그러면 혹시 2.4나 5ghz말고 많이 사용하는 다른 주파수의 와이파이도 알고 있나요? / 네, 이제 시간이 거의 다 지나서 마지막으로 하고 싶은말 하고 마무리하면 될 것 같습니다. / 네 수고하셨습니다."
서울시립대학교,중국어문화학과,"안녕하세요. 앞에 앉아서 종이에 쓰여 있는 유의 사항 읽어주세요. / 네, 그러면 시작할게요, 1학년 때 경영 쪽으로 쓰다가 2학년 때 바뀌었는데 왜 바뀌었나요? / 진로활동에서는 한중 번역 관련 진로에 대해 확고하게 하고 싶다는 말이 적혀있는데 어쩌다가 이 직 / 동아리 활동도 했는데 동아리 이름의 뜻은 뭐예요? / 생기부를 보니깐 무역이나 경제…. 이런 쪽이 많아 보여서 그러는데 우리 학과는 중국어 문화학과라 / 생각하시고 천천히 말하셔도 됩니다. / 네. 중국어를 배웠다고 했는데 언제 배운 건가요? / 네네 요즘 한국과 중국 사이에 부정적인 감정에 대해 어떻게 생각하나요? / 네 수고하셨습니다~"
서울시립대학교,첨단융합학부,"시작하기에 앞서, 책상에 붙어있는 유의사항 소리내어 읽어주세요. / 먼저 자기소개 부탁드리겠습니다. / 잘 알겠습니다. 우리 과가 융합바이오헬스인데, 어떤 것을 융합한다고 알고 있나요? / 방금 인공지능이라고 얘기하셨는데, 여기(생기부)에 인공지능에 관한 과목이나 활동내용은 없는 것 / 면접자분의 생기부를 살펴보니 항체 약물 접합체(면접관1 교수님의 연구분야)에 대해 관심이 많은 / 과도하게 집중 표적하는게 왜 부작용이죠? / 그런 경우에는 보통 약물 자체를 소량으로 투입시킬텐데... / 생기부에 트랜스글루타미나이즈에 대한 내용도 있는데 이에 대해서도 설명해 주실래요? / 이 트랜스글루타미나아제라는 효소에 대해 조금 더 자세히 설명해 주실 수 있을까요? / 이 내용에 대해 더 자세히 설명해 주실 수는 없을까요? / 그러면 트랜스글루타미나아제 말고 항체 약물 접합체에서 다른 방법도 알고 있나요? / 다른 효소가 아니라 항체와 약물을 연결하는 다른 방법이나 무슨 약물 같은 건 없는지 물어봤습니다. / 네네, 천천히 시간을 갖고 생각해 보셔도 좋아요. (생기부를 넘겨보며)트랜스글루타미나아제에만 푹 / 이 원리에 대해 조금만 더 자세히 설명해 주시겠어요? / 오비탈이요? s오비탈? p오비탈? 무엇을 말하려는 거에요? / 원래 금속 이온이 항균필름에 이용된다는 사실도 알고 있었나요? / 그러면 어쨌든 구리 이온이랑 금속 이온의 항균 효과로 인해서 이쪽 분야에 관심을 가지게 되었다 / 3학년 진로활동에서‘ / 그러면 혹시 이에 대한 자세한 원리까지도 알고 있나요? / 이제 시간이 다 되었는데 마지막으로 할 말 있으면 해주세요."
서울시립대학교,컴퓨터과학부,"블라인드 주의사항 소리 내서 읽어보세요. / 네. 잘 읽었으니까 긴장 안 하셔도 됩니다. 여기, 1학년 때 정보 수업에서 c언어와 파이썬을 배우셨 / 그럼 c언어에서 array가 파이썬에서 뭔지 아나요? / (다른 면접관님이 질문하심. 두 분이 번갈아 질문하시는 패턴.) 생기부를 보니 사이버 보안에 관심이 / 노년층을 위한 스미싱 방지 애플리케이션에 대해 설계를 했다고 나오네요. 얼마나 구현하셨나요? / 어떤 기능인가요? / K-Means를 사용하여 지진 데이터를 분리했다는데 어떻게 했어요? 편하게 친구에게 설명하듯이 설명 / 수학에서 푸리에 변환에 대해 탐구했네요. 푸리에 변환이 뭔가요? / 푸리에 변환을 1차원에서 사용하는 방식을 알려주셨는데 2차원, 3차원에서도 이용할 수 있나요? 이건 / 결측치를 구했다고 하는데 이건 어떻게 구한 건가요? / 기억에 남는 경험 같은 거 있나요? / 이거는 무슨 언어로 했어요? / 마지막으로 마무리 멘트 같은 거 준비해 온 거 있어요? / 네. 수고하셨습니다. 나가셔도 좋아요."
서울시립대학교 행정학과 학생부종합 학생부종합전형Ⅰ,ㄱ,"안녕하십니까. 서울시립대학교에 지원해주셔서 감사합니다. / 우선, 행정학과에 지원한 이유를 진로와 연계하여 말씀해 주십시오. / 생기부를 살펴보니, 사회 전반에 관심이 많아 보입니다. 그렇다면, 사회학과, 정치학과 등과 같은 다 / 그렇군요. 알겠습니다. 보니까, 차별금지법을 주제로 탐구활동을 했다고 나와 있네요. 그런데 차별금 / 그럼 차별금지법의 진짜 의의가 우리나라에서 어떤 식으로 보장되고 있는지 말해볼 수 있을까요? / 그럼, 차별금지법이 시행되고 공무원이 된다면 어떤 정책을 만들어 보고 싶나요? / 왜 그렇게 생각했나요? / 그 정책이 실행된다고 할 때, 우려되는 부분은 없나요? / 진로 활동을 보니, 선거 참여를 독려하기 위해 기념품 등을 나눠주자고 했네요? / 보니까, 재원을 기존 예산에서 남는 부분을 활용하거나 특별 예산을 편성받자고 써 두었는데, 예산이 / 네. 꼭 그러면 좋겠네요. 또 영어 시간에 AI 기반 예산 모니터링, 성과 기반 예산 할당제 등을 주장했 / 알겠습니다. 그럼 성과 기반 예상 할당제는 무엇인가요? / 흐음, 그 성과라는 게 너무 주관적이지 않나요? / 예산에 대해 굉장히 관심이 많아 보입니다. 우리나라의 예산 문제는 무엇이 있을까요? / 그럼 그걸 어떻게 해결하면 좋을까요? / 실제로 그런 노력은 없었나요? 있었다면, 한계와 보완할 점을 무엇이라고 생각하나요? / 마지막으로 하고 싶은 말 있나요?"
성균관대학교,교육학과,"자리에 앉으세요. 많이 떨리나요? / 여기가 추워서 그런가? / 이제 시작할게요. 앞에 있는 프린트물에 질문 두 개가 있죠? 그 질문에 대해 하나씩 대답해 주면 됩 / 해외에서는 현재 학교에서 학생들의 스마트폰 사용을 제한하고 있습니다. 이러한 상황에서 우리나라 / 아까 맞춤형 교육과 관련한 질문에서 유연한 교육 과정을 언급했는데, 자신이 경험한 유연한 교육 / 지원 동기 간략하게 말씀해 주세요."
성균관대학교,교육학과,"AI 맞춤형 교육이 학습 효율을 떨어뜨리고 학습격차를 심화시킬 수 있다는 의견도 있는데, 이에 대해 / 청소년기의 스마트폰(SNS 등) 사용은 어느 정도까지 규제하는 것이 바람직하다고 생각하시나요? / 학교 사례를 잘 들어주었지만 AI 맞춤형 교육에 대해 본인이 직접 느낀 장점도 있다면 말해주세요. / 마지막 질문입니다. 성균관대 교육학과에 지원하게 된 동기나 마지막으로 하고싶은 말이 있나요?"
성균관대학교,스포츠과학과,성균관대 스포츠과학과에 지원하게 된 동기? / 성공적인 대학 생활에서 중요하다고 생각하는 것은 무엇인가요? / 스포츠과학분야에서 일정 수준의 실기 능력이 반드시 필요하다고 생각하나요? / 본인의 실기 능력은 어떻다고 생각하나요? / 농구 보는 것도 좋아하나요? / 그럼 야구 좋아하는 팀과 선수가 있나요? / 좋아하는 이유는 무엇인가요? / 아 이제 시간이 다 되었는데 마지막으로 하고 싶은 말이나 왜 우리가 꼭 뽑아야 하는지 말해주세요.
성균관대학교,의예과,"이 상황에서 지민이의 행동에 대해 어떻게 생각하나요? / 수영이에 대해 어떻게 생각하나요? / 본인이 수영이라면 시민 표창을 받은 지민이에 대해 어떤 생각을 할까요? / 수영이의 부탁을 거절한 아저씨에 대해서 어떻게 생각하나요? / 지민이는 심폐소생술을 해서 노인을 살렸지만, 만약 노인이 죽었다면 큰 책임을 물게 될 수"
성균관대학교,의예과,"대기실이 춥지는 않으셨어요? / 지원자가 지민이라면 서영이에게 어떤 감정이 들었을까요? / 지민이와 서영이는 고등학생이고요...(내가 지민이와 서영이가 의사라고 전제하고 말해서 바로잡아주 / 그럼 지원자가 지민이라면, 의사가 되고자 하는 서영이를 어떻게 생각할까요? / 그럼 응급 상황에서 적절한 판단을 내리지 못한 서영이는 의사로서 자질이 없는 거 아닌가요? / 이번에는 이 상황에서 도움 요청을 거절하고 가버린 아저씨에 대해 어떻게 생각하시는지 말씀해주세요. / 만약 노인이 사망했고, 부검 결과 지민이의 심폐소생술에 문제가 있었던 것이 밝혀졌고, 노인의 가족이 / 마지막으로, 추가적으로 하고 싶은 말씀 있으면 해주세요."
성균관대학교,한문교육과,"교육격차가 심화하고 있다는 현황 제시, 학생 맞춤 교육을 실시하기 위한 방안에 대해 설명해 보세요 / 교내 스마트폰 사용 관련 내용으로 지원자는 교내 스마트폰 사용에 대해 찬성하는지 반대하는지 입장 / 한문교육학과에 지원하게 된 동기를 말해줄 수 있나요?"
성신여자대학교,AI융합학부,"앉으세요. 먼저, 이 학과에 지원하게 된 계기가 무엇인가요? / 1학년 생기부를 보면, 여러 학자가 바라보는 AI를 주제로 조사를 했던데, 여기에 관해서 설명해 주시 / 그럼 그 의견 중, 하나에 대해 반박해 주실 수 있으실까요? / 네, 학생 천문학에도 관심이 많았던 것 같은데요. 이 과에 지원하게 된 계기는 무엇인가요? / 네, 3학년 진로 시간에 다층 퍼셉트론 회계 모델로 별 밝기를 예측하는 프로그램을 만들었는데요. 이 / 네, 이제 공동교육과정에 인공지능 관련된 과목이 있었는데, 수강하지 않은 이유가 무엇인가요? / 그냥 확인차 물어보는 거니까 편하게 대답하셔도 됩니다. / (2분 남았다고 알리는 노크 소리가 들림) 어.. 마지막으로 하실 말씀 해주시죠 / 네, 수고하셨습니다."
성신여자대학교,독일어문·문화학과,"인사는 괜찮고, 앉으시면 됩니다. / 동아리에서 독일 소개 포스터를 만들어 독일의 주요 관광 명소, 대표 음식, 전통 의상, 언어에 대해 / 헤르만 헤세의 ‘데미안’, 이상의 ‘날개’ 이 두 소설을 비교분석하는 활동을 하셨다고 하는데, 독일 / 네. / 네. 헤르만 헤세의 ‘데미안’, 이상의 ‘날개’ 이 두 소설을 비교분석하는 활동을 하셨다고 / 구체적으로 어떤 부분을 비교하셨는지 말씀해 주실 수 있나요? / 역사에서 갈등을 해결하고 타협을 이룬 극적인 순간으로 독일 총리 빌리 브란트의 홀로코스트에 / 디지털 소외 문제를 주제로 해결방안을 제안하는 활동에서, 문제 해결을 위해서는 단순 기기의 / 아, 시간이 거의 다 되어서 마지막으로 하고 싶은 말이 있으면 해주세요."
성신여자대학교,바이오식품공학과,"너무 긴장하지 마시고, 저희가 드리는 질문에 아시면 답변해 주시고, 모르겠으면 넘어가셔도 괜찮아요. / 3년 동안 임원 활동을 꾸준히 했던데, 힘든 점은 없었나요? / 좋습니다. 동아리 관련 질문 좀 드릴게요. 1학년 동아리 시간에 실험을 엄청 많이 하셨던데, 혹시 / 그래도 잘 기억하고 계시네요. 다음으로 2학년 동아리 시간에도 여러 활동을 하셨던데, 이 중에서 / 어떤 세균을 배양했던 거죠? 왜 의미가 없었나요? / 그렇군요. 그럼 3학년으로 넘어가서 3D 프린팅을 활용해서 대체육을 보완하는 방법에 대해 / 괜찮습니다. 그럼 대체육이 무엇인지 말해볼래요? / 대체육 먹어본 적 있나요? / 1학년 때, 식초 속 아세트산의 함량을 구하는 실험을 했던데 혹시 기억하고 있나요? 어떻게 구하는지 / 오! 중화 적정 실험이요? 그럼 중화 적정이 무엇인지 말해보세요. / 좋네요. 천연 방부제의 산화환원 반응을 통한 항산화 효과 비교를 진행하셨던데, 산화환원 반응이 / 그러지 말고, 산화환원 반응을 이 활동과 엮어서 설명해 주세요 / 좋습니다. 제 질문은 여기까지입니다. / 이제 제가 질문할게요.(다른 남자 면접관님의 질문 시작. 그전까진 여자 면접관님만 계속 / 네, 편하게 생각해보세요. / 네, 그러면 혹시 항생제 부작용에는 뭐가 있는지 아나요? 한 가지만 얘기해 보세요.(진심 갑자기 / 좋습니다. 그럼 마지막으로 하고 싶은 말 있으시면 하고 나가시면 됩니다."
성신여자대학교,바이오식품공학과,"노크소리는 신경쓰지 않아도 됩니다. 3년 내내 과학동아리를 했고, 동아리에서 많은 활동을 했네요. / 단백질을 분해하는 효소에 대해 설명해 줄 수 있나요? / 학급임원을 꾸준히 했는데, 학급임원을 하면서 어려웠던 점 있나요? / 진로활동 중, 항산화작용인 효소적방어기제와 비효소적방어기제에 대해 탐구했는데 이에 대해 설명해주세요. / 항산화 정보 웹 사이트는 어떻게 작동하는 건가요? / 선정한 항산화 식품에는 어떤 것이 있나요? / 해당 웹 사이트를 만든 후 게시도 했나요? / 생명과학Ⅰ 시간에 미생물 성장곡선에 대해 탐구했는데 해당 내용을 설명해주세요. / 그럼, 김치를 예시로 속간 경쟁을 설명해주세요. / 발효식품과 가공식품에 관심이 많은 거 같은데 그 둘의 관계에 대해 설명해주세요. / (발효식품과 관련된 추가적인 질문을 하셨는데 기억이 잘 안남. 무튼 이런 쪽으로도 탐구를 해본 적 / 시간이 거의 다 되어서 마지막으로 하고 싶은 말 해주세요."
성신여자대학교,바이오신약의과학부,"바로 앉으시면 됩니다. / 많이 떨리시죠.(웃음) / 학생 생기부 기반으로 질문을 드릴 테니 답변해 주시면 됩니다. / 고급생명과학, 생명과학 실험 과정을 이수하셨던데 왜 이수하셨을까요? / 고급생명과학에서 배운 내용을 말해주세요. / 네 알겠습니다. / 다음 질문 드리겠습니다. 동아리 활동 내용 설명해 주세요. (2학년 동아리인지 3학년 동아리인지 기 / ~했다는 뜻인가요?(기억 안남) / 아~ 이해가 되네요. / 합성의약품과 바이오 의약품의 차이를 말해주세요. / 알겠습니다. / 실험을 많이 하셨는데 이때 논문이나 외국 자료를 썼다고 나와 있네요. / 이때 어려움은 없었나요? / 고등학교 1, 2, 3학년 동아리 활동을 진행하면서 성장한 점을 알려주세요. / (노크 소리) 아 시간이 거의 다 돼서 짧게 마지막으로 할 말 해주세요. / 네 나가셔도 됩니다."
성신여자대학교,바이오신약의과학부,"네 안녕하세요. 자리에 앉으시면 됩니다. / 먼저 수험번호 확인하겠습니다. ○○번 맞나요? / 네. 첫 순서라 많이 긴장될 것 같은데 괜찮아요? / 긴장하지 말고 편안하게 답변해주시면 되고, 9분 정도 지났을 때 밖에서 노크할건데 당황하지 말고 / 생기부를 보니까 신약개발연구원이 희망 진로인 것 같아요. (이후 질문 내용은 기억 안 남.) / 신약개발연구원이 되고 싶다고 했는데, 그렇다면 신약개발연구원에게 필요한 자질은 무엇이 있고 자 / 방금 답변에서 리더를 많이 맡았다고 했는데, 리더를 하면서 겪은 어려움과 그것을 어떻게 극복했는지 / 선택과목을 보니까, 물리학Ⅰ, Ⅱ도 전부 수강하고 물리학 실험까지 수강했는데, 그 이유가 있을까요? / 생기부를 보니까 실험 활동을 많이한 것 같은 데 그 이유가 있나요? / 그럼 가장 기억에 남는 실험은 무엇인가요? / 과학 관련된 과목을 많이 이수했던데, 그중 가장 기억에 남는 과목이 있나요? / 생명과학 시간에 (뭐라고 하셨는지 기억 안 남 .)를 탐구했던데 혹시 설명해 줄 수 있나요? / 네 맞아요. / 시간이 다 되었는데 마지막으로 할 말 있으면 해주세요. / 네. 첫 순서라 많이 떨렸을 텐데 (이후에 뭐라고 하셨는지 기억 안 남.)"
성신여자대학교,바이오신약의과학부,"가장 기억에 남는 활동있으면 말해주세요. / 혹시 어려운 점 있었나요? / 없으면 없다고 하셔도 되요. / 그럼, 그 실험에 대하여 말해줄래요? / 조절 t세포에 대해 탐구해 진로 기사를 작성하셨는데 기억나는 거 있으세요? / 그 비유는 본인이 직접 생각한 건가요? / 자신이 가진 능력 중에 신약을 개발하는 일에 필요한 것이 있나요? / 2학년 때 알리신에 대한 실험이 있는데 기억나는 거 있으세요? / 고급생명과학이라는 과목이 있는데 고급생명과학과 생명과학2의 차이가 무엇이고 기억나는 것이 있 / 위대하고 위험한 약 이야기라는 책을 읽고 가장 위험한 약으로 선정된 5가지 약을 알게 되었다고 하 / 아 그러면 뭐일 것 같으세요? 하나만 뽑자면 자신이 생각하기에 위대한 약은? / 마지막으로 할말 있나요?"
성신여자대학교,소비자산업학과,네 면접 시작하겠습니다. 다른 과목에 비해 수학 성적이 높은데 특별한 이유가 있나요? / 학년이 갈수록 성적이 올라가는 것은 무슨 이유인가요? / svi 측정지표의 한계를 느꼈다고 적혀있는데 무슨 한계를 느꼈고 해결책을 생각해 본 점이 있다면 / 인구 고령화가 실질 금리에 미치는 영향 탐구했다고 하는데 해결방안으로는 무엇이 있을까요? / 중국 이커머스의 염가 판매에 대해서 활동했다고 하는데 후속 활동으로 읽은 책이 있나요? / 그거에 대해 활동은 안 했나요? / 소비자산업학과와 관련하여 어필할 수 있는 활동이 있나요? / 마지막으로 입학 후 학업 계획이 있으면 말해주세요.
성신여자대학교,심리학과,"네, 앉으시면 됩니다. / (답변 시 유의사항, 학교나 이름 말하면 불이익 있을 수 있다 등) 긴장 풀어도 돼요. 시작하겠습니다. / 2학년 확률과 통계 시간에‘카페인 과의존’에 대해 조사했다고 되어있는데 카페인 과의존이 왜 / 네. 다음 질문입니다. 생기부에‘뇌공학’이라는 용어가 적혀있어서 말인데요, 제가 뇌공학을 모르는 / 다음 질문입니다. 3학년 생활과 과학 시간에‘약물 처방에 대한 의료진의 윤리적 책임이 중요하다’ / 생기부에‘심리학과 뇌공학에 대한 융합적 탐구’가 적혀있는데, 관련하여 후속 탐구 한 것이 있나요? / 네. 그리고 이건 다음 질문인데요, 생기부에 여러 임원 활동을 한 것으로 되어있는데, 그중 3학년 / 네. 다음 질문입니다. 3학년 사회문화 시간에‘알고리즘이 배달 노동자의 심리적 소진에 미치는 영향’에 / (똑똑, 1분 남았음을 알리는 신호) 네. 그럼 마지막으로 하고 싶은 말 30초 정도로 간단하게 해주시겠어요? / 네. 나가셔도 됩니다."
성신여자대학교,지리학과,싱크홀의 원인에 대해서 조사하셨네요. 자료 조사 방법은 뭐였나요? / 서울에서 싱크홀에 가장 취약한 지역은 어딘지 알고 계시나요?(꼬리질문) / SDGs 관련 활동을 했는데 거기서 어떤 주제로 활동했나요? / 영어를 잘하는 거 같은데 특별히 이유가 있나요? / 교환학생이 꿈이면 안 될 텐데요 ㅎㅎ(꼬리질문) / GIS가 재난 대응에 사용된다고 했는데 어떻게 활용되나요? / 요즘 GIS 프로그램으로 QGIS 쓰나요? / 선택과목으로 지구과학하고 사탐에서는 지리 과목만을 선택했는데 왜 그랬는지 / 마지막 말
성신여자대학교,지리학과,특히 지리 관련 과목에서 성적이 좋게 나왔는데 도움이 된 공부법이 있을까요? / 지리 수업을 들으면서 가장 흥미로웠던 주제가 있을까요? / 어떤 지역이 기억에 남나요? / 한국지리 과목에서 했던 자유주제 탐구활동에 대해 설명해 줄 수 있을까요? / 다문화에 대한 탐구활동도 했는데 다문화 가정의 인식에 대해 어떻게 생각하시나요? 이유도 함께 설명해 주세요.
성신여자대학교,화학·에너지융합학부,성신여자대학교에 지원해주셔서 감사합니다 / 바로 시작하겠습니다. 1학년때 (생기부를 내용을 읽으면서) 태양전지에 관한 탐구를 했는데 원리가 / 1학년 때 진로가 전기공학이다가 바뀌었는데 이유가 뭔지 말해줄 수 있나요? / 1학년 때보다 갈수록 성적이 하향하는 경향을 보이고 있는데 이유가 무엇인가요? / 고급화학을 2학년 때 수강하셨는데 다소 이해가 어려운 부분이 있었을 것 같아요. 고급화학에서 가 / 3학년 진로활동으로 PLA에 대한 실험을 했는데 PLA가 분해되는 환경에 대해 알고있나요? / 본인이 생각하는 공학과 과학의 차이가 무엇이라고 생각하나요? / 이제 시간이 얼마남지 않았는데 마지막으로 하고 싶은 말 있나요?
세종대학교,물리천문학과,허블망원경과 제임스 웹 망원경의 차이를 말해보세요. / 아닙니다. 다시 설명해주세요. / 산개성단에 대해 조사하고 추가로 구상성단에 대한 논문을 찾아봤다는데 산개성단과 구상성단의 차 / 구상성단의 족이 무엇인가요? / 태양의 온도는 몇 도입니까? / 표면온도가 10000K인 별은 어떤 형입니까? / 3학년 동아리에서 한 활동을 설명해 주세요. / 생태와 환경에서 한 활동을 설명해 주세요. / 읽은 책 중에 가장 기억에 남는 진로와 관련된 책과 진로와 관련되지 않은 책 하나씩 설명해 보세요. / 추가로 설명하고 싶은 활동이 있습니까?
세종대학교,생명시스템학부,"오래 기다리시느라 긴장 많이 하셨겠지만 편안하게 면접 보시길 바래요. / 우리 대학교에 지원하게 된 계기는 무엇인지 짧게 말씀 해주시겠습니까? / 여기까지. 짧게 말하라고 했는데 너무 길게 말하면 안 돼요~(부드럽게) / 1학년 동아리명이 OOOOOO인데 그 약자가 무엇인지 아시나요? / 1학년 동아리에서 브로콜리 DNA 추출 실험을 진행했네요. 설명해보시겠어요? / 혹시 OOOOO에 대해서 탐구하셨나요? (모르는 내용이라 기억이 안남) / 2학년때 동아리 부장으로 OOOOOO을 운영하셨는데 그 약자가 무엇인가요? / 동아리 이름을 보면 영어 이름이 많은데 그 이유가 무엇인가요? / 2학년 동아리 때 텔로미어에 대해서 탐구하셨는데 그 내용을 설명해 주시겠습니까? / 동아리가 2학년 때는 ~~고 3학년 때는 ~~로 계속해서 바뀌었는데 그 이유는 무엇입니까? / 효소가 사용되고 나서 분해되는 여러 방법을 조사하셨는데 다 나열해보시겠습니까? / 네. / 효소는 말씀해주신대로 유비퀴틴-프로테아좀과 리소좀 외에도 효소를 통해 제거됩니다. 칼페인과 / 네, 생명체가 단백질을 분해하면 그 성분을 다시 재사용하기도 하죠. / 전기영동 실험을 했네요? / DNA는 어디 방향으로 이동하나요? / DNA가 음전하를 띠는 이유는 무엇인가요? / 마지막으로 하고 싶은 말을 해보세요. / 네. 수고하셨습니다."
세종대학교,우주항공시스템공학부(지능형드론융합전공),"면접 시작할께요. 우리 학교, 학과에 지원하게 된 동기와 대학 진학 후의 계획을 말해주세요. / 드론을 통해 생태계를 복원하는 기술을 개발하고 싶다고 했는데, 이러한 목표를 세우기 위해 고등학 / 그 프로젝트 설명은 짧게 거기까지 하고 고등학교에서 했던 탐구 같은 구체적인 노력을 알려주세요. / 도움을 받긴 했지만 결론적으로는 자신이 주도적으로 한 탐구였죠? / 이러한 탐구를 하면서 어려웠던 점은 뭐였나요? / 이제 시간이 얼마 안 남았는데 짧게 20초 정도 마지막으로 하고 싶은 말 해주세요."
세종대학교,화학과,"라디칼이 무엇인가요? / 홀전자를 가지고 있으면 왜 불안하죠? / 알로스테릭이 뭡니까? / (면접관2에게) 질문 하세요 / 우리 학과에 지원한 동기가 무엇인가요? / 졸업 후 진로 계획이 있나요? / 대학원에 진학한다는 건 박사과정까지 생각이 있다는 뜻일까요? / 그러면 대학원 졸업 후에는 어떤 진로를 생각하고 계시나요? 해외 연구원이나 교수, 박사 후 연구원 / 생각하고 있는 연구기관이나 정부가 만든 기관이 있을까요? / 본인이 한 촉매 실험이 있던데, 설명해주세요 / 뭐 2학년 진로 활동 시간인 듯한데요. (뭐라고 했는데 안 들리게 말씀하셔서 준비해 간 답변함) / 그 실험에서 촉매가 어떤 역할을 하죠? / pH1과 pH2는 농도가 몇 배 차이 날까요? / 왜죠? / pH가 마이너스가 가능할까요? 예를 들면 1, -2... / (이 시점에서 7분 30초 정도 지나고 있었음) 네, 마지막으로 본인을 어필해보세요."
수원대학교,건축도시부동산학부,자기소개 해주세요. / 오늘날 문제되는 사례를 들고 지원자의 의견을 말해주세요. (현재 사회가 겪는 문제에 대한 것을 질 / 학교에 입학해서 하고 싶은 활동이 무엇인지 말해보세요. / 학생이 지원한 분야가 본인과 맞는 이유를 경험을 들어 말해주세요.
수원대학교,건축도시부동산학부,자기소개 해주세요. / 학업 도중 아르바이트를 하는 것에 대해서 어떻게 생각하세요? / 가짜 뉴스를 판별하는 자신만의 방법이 있다면 무엇인가요? / 최근 이슈가 된 사회 문제 중에 관심이 있는 것을 하나 말해주세요.
숙명여자대학교,경제학부,왜 경제학을 진로로 삼았나요? / 답을 찾아나가는 학문은 경제학말고도 경영학같은 학문도 있는데 왜 경제학과를 선택했나요? / 동아리 시간에 비정규직과 정규직 노동자간의 불평등 문제를 영상으로 시각화하여 창의적 역량을 발 / 그 영상은 어떤 내용을 다루었나요? / 기업의 인식 개선이 어떻게 이루어질 수 있나요?
숙명여자대학교,르꼬르동블루외식경영전공,"아리스토텔레스의 행복에 대해 탐구했는데 그 학자에게 행복은 어떤 의미이고, 학과와 연관지어 소비 / 직원의 입장에서는 로봇이 업무를 대신하면 일자리가 줄어들지 않나요? / 배달플랫폼이 증가하면서 발생하는 문제와 해결 방안은 무엇인가요? / 소상공인은 그럼 스스로 어떤 노력을 해야 하나요? 예시를 들어 설명해도 좋습니다."
숙명여자대학교,문헌정보학과,"지원동기가 어떻게 되나요? / ‘종이책을 모두 전자책으로 대체해야 한다’라는 논제에 대해 반대 견해를 표한 비형식 토론을 했다고 했 / 해당 토론에서 어떤 반박을 받았고 또 상대에게 어떤 반박을 펼쳤나요? / 미디어 리터러시의 중요성에 대해 발표했다고 했는데, 도서관에서 어떻게 미디어 리터러시를 실천할 수 있 / 일상의 미디어 편향의 사례는 무엇이고 개인이 미디어 리터러시를 실천할 수 있는 방법은 무엇인가요? / 도서관의 학습 취약계층 아동 지원 프로그램을 제안했다고 하는데, 어떻게 할 수 있는 건가요? / 그런 지역 연계, 협력은 누가 해야 하나요? / 네. 우리 시간이 다 되어서 여기서 마칩니다. 수고했습니다."
숙명여자대학교,앙트러프러너십전공,"안녕하세요. 본격적으로 면접 시작하기에 앞서서, 먼저 지원동기부터 말해볼까요? / 지원동기를 되게 길게... (웃음) 가장 기억에 남는 활동 하나 소개해 줄래요? / 학년이 올라갈수록 성적이 점점 좋아지고 있는데, 어떤 공부 방법을 사용했나요? / 가장 좋아하는 과목이 무엇이었나요? / 개인적으로 중요하게 생각하는 가치가 있나요? / 아까 지원동기에서 얘기해준 것처럼, 고등학교에서 활동을 엄청 열심히 했네요. 2학년 정치와 법 시 / 그 원인으로 스타트업 대표들의 정신건강 악화를 들었는데, 그 근거는 무엇인가요? / 그러면 국내 스타트업 성장에 있어서 제도적인 장치가 중요하다고 생각하나요? / 그리고 이어지는 활동은 아닌 것 같은데, 국내 스타트업 성장 부진을 주제로 선정해서 스타트업에 / 아, 그렇군요. 알겠습니다. 물어보고 싶은 활동이 많은데, 3학년 때 불교 마케팅에 대해 탐구한 내용 / 시간이 거의 다 되어서... 마지막으로 하고 싶은 말 있을까요? / 네. 시간이 다 되어서 나가주시면 되겠습니다."
숙명여자대학교,역사문화학과,"안녕하세요? / 오늘은 날씨 별로 안 춥지요? 긴장하면 하고 싶었던 말도 잘 나오지 않으니까 긴장하지 말고, 편하게 / 네 그럼 우리 학과에 지원한 동기 한번 말해주세요 / 네, 2학년 때 세계사 시간에 문화유산 소개하기 활동에서 아우슈비츠 수용소를 소개했네요. 다른 문 / 탐구 내용을 조금만 더 자세히 말씀해 주세요. / 히틀러가 유대인을 왜 학살했다고 생각하나요? / 우리나라의 네거티브 헤리티지는 무엇이 있을까요? / 사마천이 궁형을 당한 이유와 사기가 다른 역사서와 다른 점을 설명해주세요. / 조선왕조실록 디지털화 활동의 탐구 내용과 배운 점을 말해주세요. / 역사드라마는 어떻게 역사를 재현했을까-사실성과 해석의 균형을 주제로 활동했는데, 탐구 내용을 설 / 그러나, 사실을 반영한다고 해도 드라마는 어차피 창작물 아닌가요? / 중국의 동북공정에 관해 탐구했는데요, 중국의 동북공정에 대응 방법에 대해 설명해주세요. / 마지막으로 하고 싶은 말 짧게 해주세요."
숙명여자대학교,의류학과,"지원동기와 자기소개를 해주세요. / 공동 교육과정에서 브랜딩을 들었다고 했는데, 어떤 기업 전략을 분석했나요? / 아디다스와 나이키의 차이점은 무엇이라고 생각하나요? / 의류택은 어떤 방식으로 실현했나요? / 수학 시간에 지수함수 그래프로 의류 폐기물량을 예측한 활동을 자세히 설명해 주세요. / 의류수거함을 운영해 수거한 옷들은 어떻게 활용했나요? / 영어 시간에 빅데이터 마이닝 기법으로 패션 순환성을 분석했다고 했는데, 자세히 설명해 주세요. / 마지막으로 하고 싶은 말이 있나요?"
숙명여자대학교,인공지능공학부,"먼저 본인 확인 먼저 하겠습니다. 가번호 00번 맞으신가요? / 좋습니다. 그럼 본격적으로 시작하기 전에 간단하게 ‘우리 학과’에 지원한 이유를 들어볼까요? / (끄덕이며) 그렇군요. 저는 우선 3학년 자율 활동에 대한 질문을 해볼게요. 이때 고독사를 문제로 인 / 음, 좋아요. 흥미로운 관점에서 바라봤네요. 그러면 본인은 이 시스템이 실현 가능하다고 믿으시나요? / 그렇군요. 그리고 3학년 진로 활동에서, 기아와 식량 문제 해결을 탐구한 것을 연계해서 호기심을 / 그럼 그 시스템을 실제로 물리적 실체와 연결을 해서 구현시킨다면, 생산량 증대 스마트팜에서 가장 / 그럼, 생기부 활동이랑은 무관하게. 지원자는 앞으로 인공지능이 어떻게 활용되었으면 좋겠나요? 그 / (끄덕이며) 네, 좋아요. 그럼 다음 활동으로 넘어가 볼게요. 3학년 사회 문제 탐구 시간에 ‘AI 챗봇 / 그렇구나.. 아니 내가 왜 이런 질문을 했냐 하면, 1학년 통합사회 시간에 보니까 AI로 인한 실직자 / (의아하다는 표정으로) 그렇게 자연적으로 해결이 되면 제재가 딱히 필요 없겠네요? / (웃으며) 허허 그렇지, 제재는 없으면 안 될 것 같아요, 그렇죠? 그리고 그.. 2학년 확률과 통계 시간 / (끄덕이며) 그리고 지금 그 함수를 사용해서‘장애물이 있는 상황을 가정해 최적 경로의 수를 구하 / 그래요. 그리고 또 하나 되게 내가 궁금했던 부분이 있어요. 2학년 때 수학 II 시간에, 스마트폰에서 / (말을 끊으며) 어.. 그럼 그 편안함 함수는 뭘 기준으로 만든 거죠? / 아~ 그렇구나. 그러면 이 함수로 뭘 했나요? / (웃으며) 네, 좋습니다. 이제 시간이 다 되어서 마무리 짓도록 하겠습니다. 수고 많으셨습니다."
숙명여자대학교,지능형전자시스템학부,"오래 기다리느라 수고하셨습니다. 가번호 00번 맞으신가요? / 네, 그럼 간단하게 지원동기 1분간 들어볼까요? / (웃으며) 알겠습니다. / 제가 먼저 질문을 하겠습니다. 3학년 때 물리학Ⅱ 과목을 보니까, 광전효과를 통한 태양전지 원리를 / 음, 그러면 비슷하게 물리학Ⅰ 시간에, 반도체 개념과 파동성을 연계하여 OLED 성능 향상을 위한 / (끄덕끄덕) / 네, 확률과 통계 시간에 순열을 통한 최적 경로를 탐색했다고 되어 있어요. 이 과정에서 어떤 / 그러면 만약에 장애물이 있을 확률까지 고려한다면 어떻게 될지 생각해 보실래요? / (끄덕이며) 그렇네요. / 그럼, 기하 시간에 일반 상대성 이론에 근거하여 시공간의 휘어짐과 중력 개념을 수식적으로 / 네 그럼 이제 동아리 시간으로 넘어가 볼게요. 3학년 동아리 시간에 커패시터를 만드는 실험을 / 오.. 그러면 커패시터와 슈퍼커패시터의 차이를 말해볼까요? / 알겠습니다. 지금 시간이 조금 넘어서, 오늘 이 정도로 마무리 짓겠습니다. 수고하셨습니다."
숙명여자대학교,통계학과,"반갑습니다. / 긴장 많이 하셨나요? / (웃음) 네. 그럼 시작해 보도록 하겠습니다. / 간단하게 자기소개 및 지원동기 말씀해 주세요 / 자기소개에서 EEG데이터를 다루었다고 했는데 그 활동에 대해 좀 더 구체적으로 설명해주실 수 있나요? / 그리고 이 활동에서 시각화를 박스플롯과 상관계수 히트맵으로 진행했다고 했는데 이러한 시각화 / 연속형,즉 수치데이터랑 범주형 중에 뭘까요? / 어? 박스 플롯 쓰려면 수치 데이터일텐데? / 그럼 이제 제가 질문할게요. 방금 한 활동에서 EEG데이터는 어디에서 가져온 거죠? / 아! 이게 참 궁금했는데 확률과 통계에서 시쓰기 활동을 했던데 뭘 한 거에요? / 2, 3학년 때 호흡기질환발생데이터와 대기질농도데이터의 연관도를 탐구했다..설명 좀 해주세요, / 그리고 그 활동에서 다중회귀분석에 대해서도 다뤘던데 실제로 데이터에 적용해 본 건가요? / 아 그래요? 그러면 또 다른 어떤 변수가 영향을 미칠것이라고 생각했나요? / 네, 그러면 이제 시간이 얼마 남지 않았으니까 마지막으로 하고 싶은 말 간단하게 해 주세요."
숙명여자대학교,화공생명공학부,"네 바로 면접 시작하겠습니다. 3학년 화학시간에 미셀의 형성과정을 열역학적으로 고찰하는 글을 / 혹시 미셀의 종류도 알아요? / 그럼 조금 어려울 수 있는 질문인데 미셀 형성과정에서 반응엔탈피와 엔트로피가 구체적으로 어떻게 / 깁스 자유에너지 방정식을 말로 설명할 수 있어요? / 그럼 온도랑도 관련이 있는 거에요? / 음 아까 앞에서 반응엔탈피는 양수라고 했는데 왜 양수인 거에요? / 자연상태에서는 에너지가 높을 것 같아요, 낮을 것 같아요? / 그럼 미셀 형성과정에서는 에너지가 어떨 것 같아요? / 네... 알겠어요. 또 흥미로웠던게 디지털 시대의 지속을 위한 DNA 저장장치를 탐구해서 하드 디스크 / 아... 원래 2진법인데 4진법으로는 어떻게 바뀌는 거에요? / 네. 그럼 정보 저장은 컴퓨터로 될 텐데 변환된 DNA 염기는 컴퓨터에 어떻게 저장되는 건가요?(대충 / 네 알겠습니다. (면접관 한 분이 다른 면접관 분께 웃으시면서) 아직 시간 남았어요. 계속 질문하세요. / 하하 네 그럼 계속 질문할게요. 생기부를 보면 생명 관련 내용이 많은데 생명 관련 학과로 지원 / 네~ 30초 정도 남았는데 마지막으로 하고 싶은 말이 있나요?"
숙명여자대학교,화공생명공학부,"네 안녕하세요. / 화공생명공학부 지원 동기 말씀해주세요. / 2학년 동아리에서 DNA칩 관련 활동 했네요. 어떤 실험 과정으로 했어요? / 분광광도계로 직접 BSA랑 라이소자임 정량을 했나요? / 그럼 비어 람베르트 법칙으로 정량한 것 같은데 어떻게 했는지 말씀해주세요. / 오 그렇군요. 그럼 생각한 대로 정량이 잘 되었나요? / 성공적으로 실험 잘 했나보네요(다른 면접관을 바라보며) 이제 질문 하시죠~ / 화학2에서 르샤틀리에 원리에 대해 탐구한 것 같던데 이게 뭔지 말씀해주세요. / 음 뭔가 이걸로 예시 들 만한 건? / 2학년 동아리로 넘어가서 해부용 시신에서 적출한 뇌와 심장을 본 적이 있네요. 이거 뭘 한거죠? / 그럼 진짜 사람 뇌를 본 건가요? / 2학년 진로에서 ips줄기세포와 오가노이드에 대해 발표했는데 이거 뭐죠? / 그럼 ips줄기세포와 오가노이드이게 뭐죠? / 고급화학에서 수전해 반응 촉매를 탐구했네요. 이거 뭐죠? / 촉매가 뭐죠? 뭘 하죠? / 오 그래요. 수전해 반응이 뭐죠? / 뭐 하려고 하는 거죠? 거기서 뭘 얻을 수 있죠? / 아까 오가노이드로(진로소개 내용) 하고 싶다고 했는데 특별히 하고 싶은 장기가 있어요? / 아 그럼 뇌 오가노이드군요. / 시간이 많지 않아서 이제부턴 간단하게 답변 부탁드립니다. 화학Ⅰ에서 메탄, 아산화질소 제거기술 / 시간이 20초밖에 남지 않았네요. 하고 싶은 말 있으시면 짧게 해주세요."
숙명여자대학교,화학과,"지원동기 말해보세요. / 2학년 진로시간에 탄소중립 사회를 실현하기 위해 고분자 이온 교환막을 탐구했다고 하는데, 고분자 / 그러면 전지란 무엇인가요? / 전지의 반대는 무엇인지 아시나요? / 나노구조 표면촉매를 통한 수소연료전지 효율화 방안에 탐구했다고 하는데, 이에 대해 설명해주세요. / 수산화나트륨과 염산의 반응 실험을 통해 반응열과 반응엔탈피의 차이를 설명했다고 하는데, 그 / 그러면 열과 엔탈피의 차이도 설명하실 수 있나요? / 물질의 양과 상태에 따른 반응엔탈피의 변화를 헤스의 법칙으로 설명했다고 하는데, 이에 대해 / 마지막으로 하고 싶은 말 있나요?"
숭실대학교,건축학부,"우선 지원동기 먼저 말씀해주세요 / 생기부 기반해서 질문 하나 해볼게요. 기하시간에 한 활동에 대해 박수를 받았다는데 그 활동에 대 / 이 활동은 어디서 보고 한 것인가요? 아니면 직접 생각해서 진행한 것인가요? / 3학년 동아리 시간에 멋있는 건축의 기준에 대해 탐구해 본 활동이 있는데, 멋있는 건축의 기준이란 / 그런 건축물의 예시를 하나 들어줄 수 있을까요? / 저희 학부 오시면 1학년 후에 건축학과랑 건축공학과로 나뉘게 됩니다. 두 학과의 차이점이 무엇인지 / ㅋㅋㅋㅋㅋ네, 아무래도 한국에 프리츠커 수상자는 아직 없죠. 세계적으로 프리츠커상을 수상한 사람 / 왜 프리츠커상이라는 목표를 갖게 되었나요? / 네 슬슬 면접시간이 끝나갑니다. 마지막으로 하고 싶은 말 있으신가요?"
숭실대학교,건축학부,"네, 자리에 앉으세요. / 오래 기다리셨죠? 면접 시작하겠습니다. 먼저 실내건축학과 지원동기부터 말해주세요. / 건축이랑 실내건축이랑 차이가 있는데, 그거랑 연관지어서 말해주세요. / 네~ 그런 왜 숭실대학교 실내건축학과에 지원했나요? / 혹시 가족이나 지인이나 주변에 숭실대학교를 다니시는 분이 있어요? / 실내 건축에 관심을 갖게 된 계기가 있어요? 본인이 주도해서 뭔가를 한 경험이나? / 본인의 장점이 뭐라고 생각해요? / 혹시 본인이 평소에 존경하는 예술가나 건축가가 있나요? / 아 네~ 혹시 그 공간을 직접 가봤나요? / 원래 거기가 회사 직원들 아니면 못 들어가요~ 그런데 잘 알길래ㅎㅎ / 2학년 진로활동에 한옥에 대해 탐구한 내용이 있는데 한옥의 장점과 단점에 대해 말해주세요. / 왜 그게 단점이라고 생각해요? / 그럼 이걸 극복하고 어떻게 한옥을 활용할 수 있을까요? / 어디 학교 가고싶어요? 다른 가고 싶은 학교 있어요? / 아 그렇구나~ 왜 숭실대학교에 오고 싶어요? (또 물어보심) / 본인의 장점이 뭐라고 생각해요? (또 물어보심) / 본인이 미적 능력이 있다고 생각하는지, 그런 능력을 발휘한 경험이 있는지 말해주세요. / 그럼 이제 마지막으로 하고 싶은 말 해주세요. / 네. 나가셔도 됩니다."
숭실대학교,경영학부,네. 바로 면접 시작하겠습니다. 교내에서 경영학과 관련된 탐구활동과 본인의 진로목표를 말씀해주세요. / 마케팅에 관심이 있는 것 같은데요. 요즘 마케팅의 트렌드는 무엇입니까? / 학급 임원 활동을 많이 했는데요. 리더쉽을 보인 사례가 있습니까? / 캠페인 진행 후 효과가 있었나요? / 효과가 있다는 것을 어떻게 알았죠? / 3학년 때 심층 주제 탐구활동을 진행했던데 무슨 활동이었습니까? / 스티커 형식으로 설문했다는 거죠? / 3학년 동아리에서 생태관광을 주제로 탐구를 진행했던데 무슨 내용이었나요? / 시민들은 알겠는데요. 창업 생태계에 어떤 영향을 미친 것인가요? / 2학년 진로 때 도시의 전체성을 묻는 설문조사를 어떻게 진행했습니까? (글을 잘못 이해하신 듯.) / 본인 성격의 장점과 단점을 말해주세요. / 가장 부족하다고 생각하는 과목과 극복하기 위해 어떤 노력을 했는지 말씀해주세요. / 갈등 상황을 해결했던 적이 있습니까? / 학교 생활 중에 했던 가장 큰 일탈이 무엇입니까? / (둘이 마주보면서 웃으심.) 학교에서 아이스크림 먹은게 일탈인가요? / 마지막으로 하고 싶은 말 있으면 한마디만 해보세요.
숭실대학교,경제학과,지원동기와 졸업 후 어떤일을 하고 싶은지 말해주세요. / 소득 재분배는 무엇에 중점을 두어야 하나요? / 세대 간 소득재분배은 어떻게 이루어질 수 있을까요? / 젊은 세대들은 과거 세대들의 노후를 보장하려 들지 않을텐데 이는 어떻게 해결할 수 있을까요?
숭실대학교,독어독문학과,"(면접 시 유의사항 안내) / 본인 학교에 다른 외국어도 개설되어 있었죠. 일본어였나요? 그중에서 독일어를 선택한 이유는 뭔지, / 앞으로 독어독문학과를 졸업한 후에 어떤 방향으로 나아가고 싶나요? / 우리 숭실대학교 독어독문학과 커리큘럼을 혹시 보셨나요? / 그럼 그중에서 가장 기억에 남았던 건 뭐였나요? / 숭실대 독어독문학과에서 어떤 활동을 하고싶은지 계획이 있나요? / 생기부에 성 중립어에 대한 활동이 있는데, 이 성 중립어가 뭘 뜻하나요? / 그럼 성 중립어에는 예를 들어 뭐가 있을까요? / 아 그게 왜 성 중립어인가요? / 임원 활동 중 힘들었던 점과 보람있던 점을 간략하게 말씀해주세요. / 네 간단히 들어주세요. / 아 혹시 공학이였나요? 아니면 여학생들만 있는.. / 생기부를 보니 고대 게르만어부터 현대 독일어까지 성별 체계 변화를 자료로 정리하고, 성 중립 언 / 고대 게르만어의 시기는 언제인가요? / 아 이제 시간이 거의 다 되었네요. 시간 참 빨리 가죠? 마지막으로 하고싶은 말 있으면 해보세요."
숭실대학교,영어영문학과,"안녕하세요. 영어 과목이 계속 1등급을 유지했던 것 같은데 본인만의 공부 방법이 있었나요? / 혹시 고등학생 때 했던 여러 활동 중에 본인의 진로에 특별히 도움이 됐던 활동이 있다면 / 요즘 AI 번역이 엄청 발전하고 있는데, 번역가를 꿈꾸게 된 계기가 있나요? / 그럼 AI 번역에 대해서는 어떻게 생각하시나요? / AI 번역과 관련해서 2학년 때 수학 과목에서 활동을 했던 것 같아요. AI 번역에서 사용되는 수학적 / 3학년 영어 시간에 변형생성문법에 대해서 다뤘는데, 변형생성문법을 번역이 가능한 이유와 연관지어 / 2학년 때 동아리에서 해리포터 번역에 대한 각국의 번역가들의 사례를 조사했다고 하는데, 한국 뿐만 / 하고 싶은 질문들이 많은데 시간이 없어서.. 2학년 때 자율 활동으로 독서골든벨을 진행했다고 / 시간이 많이 지났는데, 마지막으로 하고 싶은 말이 있다면 해보세요."
숭실대학교,의생명시스템학부,"안녕하세요. 저희 숭실대학교 의생명시스템학과를 지원해주셔서 감사합니다. 먼저 자기소개부터 / 네, 잘 들었습니다. 생명분야에 관심이 많은 것 같은데, 유전자가 발현되는 과정을 기억나는 대로 / 무세포 단백질 합성에서 mRNA공급원 최적화에 관심을 가지고 파의 부위별로 핵산을 추출하는 / 젤도 사용하였나요? / ImageJ분석법도 직접 해보았나요? / 확률과 통계시간에 비만이 부모로부터 자녀에게 유전되는 확률을 조건부 확률을 통해 분석하였다고 / 부모의 BMI와 자녀의 BMI 간 상관관계는 어떻게 표현할 수 있나요? / 3학년 자율활동에서 HLA-C를 통해 KIR억제 수용체를 효과적으로 자극하는 방법에 대해 탐구했다고 / HLA-C 단백질의 P2와 P7위치에 아르기닌 앵커를 가져야 한다는 내용도 있는데 이 내용과의 / 단백질의 구조는 어떻게 탐색해 보았나요? / 이제 시간이 거의 다 되었는데 오늘 보여주지 못했던 말이나 하고 싶은 말이 있을까요? / 네, 수고하셨습니다."
숭실대학교,정보통계·보험수리학과,안녕하세요. 앉으시면 됩니다. / 반갑습니다. 오래 기다렸을 텐데 뭐하면서 기다리고 있었나요? (아이스 브레이킹 질문) / 그렇군요. 우리 학교에 지원한 동기 말해주세요. / 딥러닝을 위한 수학이라는 책을 읽었던데 이 책에서 어려웠던 개념을 말해줄 수 있나요? / 그 개념도 어려웠을 것 같은데 이 경사하강법이라는 개념도 어려웠을 것 같아요. 이 경사하강법에서 / YOLOv8의 슬리퍼 객체인식이라는 프로젝트를 했는데 YOLOv8의 원리와 이 활동을 하면서 있었던 / 성적을 보면 사회 성적이 높기도 하고 사회에 관심이 많아 보이는 데 관련 질문을 좀 할게요. / 네 충분히 생각하고 대답해 주세요. / 네 좋네요. 경제지표 / 생기부에 플래너를 꾸준히 썼다고 되어있는데 안 한 것은 어떻게 해결하였나요? / 통계학에 어떤 매력을 느끼는지 알려줄 수 있나요? / 프로그래밍도 해본 경험이 있던데 프로그래밍 과정에서 어려웠던 점이 무엇인가요? / 스마트폰 사용 시간과 피로도에 대한 상관분석 활동을 하였던데 이 활동에 관해서 설명해 주세요. / 이 활동에서 피로도를 어떻게 측정하였나요? / 이제 시간이 다 되었습니다. 나가주시면 됩니다. / (웃음)
숭실대학교,화학공학과,많이 긴장되어 보이는데 너무 긴장하지 마세요 / 밥은 드셨어요? / 올 땐 어떻게 왔어요? / 숭실대 와보니까 어때요? / 저희는 정답을 원하는게 아니니까 아는 거를 최대한 말씀해주세요. 그거를 바탕으로 저희가 알아서 / 먼저 화학공학과는 무엇을 배우는 학문이라고 생각하세요? / 보니까 전지 쪽에 관심이 많은 것 같은데 어떻게 관심을 가지게 되었나요? / 아 그렇군요. 근데 제가 물어본 건 전지에 대해 물어본겁니다. / 페로브스카이트 태양전지를 탐구했던데 페로브스카이트 물질에 대해서 아는 거 있나요? / 아 그거 말고 도체인지 부도체인지 반도체인지 어떤 건지 아나요? / (웃으면서) 아 맞아요 반도체예요. / 학생 성적을 보니까 다른 과목에 비해 수학을 잘하네요. 물리 같은 과목은 그에 비해 좀 낮은거 같 은데 대처방안 같은 거 있을까요? / 보니까 전지에 진짜 관심이 많은 거 같은데 태양전지와 LED 사이의 차이점이랑 원리에 대해 아는 / 시간이 좀 지나서 화학과 관련된 개념 좀 질문할게요 산과 염기가 다양한 정의가 있는데 아는대로 / 잘했어요. 그리고 맨 처음 설명한 정의는 아레니우스 정의예요. / 지금 20초 정도 남은 거 같은데 마지막으로 짧게 하고 싶은 말 있으면 말씀해주세요. / 네. 수고하셨습니다.
아주대학교,간호학과,"긴장 많이 되시죠~ / 우선 아주대학교 간호학과에 지원해 주셔서 감사합니다. 간호학과를 지원하게 된 계기가 있을까요? / 2학년 진로활동에서 간호 분야에서 환자 관리 및 효율적 업무 수행과 관련하여 인공지능이 어떻게 / 2학년 때 의료 챗봇을 개발했던데 몇 명이서 한 것인가요? / 이 의료 챗봇을 왜 만들게 된 건가요? / 이걸 만드는데 어려움이 있진 않았나요? / 의료 챗봇이 간호와 연결되는 점은 무엇인가요? / 지금도 사용할 수 있나요? / 트라우마 탐구 경험을 확장해 정신간호학의 스트레스 관리 이론에 대해 탐구했던데, 어떤 이론인지, / 행발에서 학교 도서관에서 책을 많이 빌려 읽었다고 나와 있는데, 몇 권 정도 읽었나요? / 그럼 가장 기억에 남는 책은 무엇인가요? 다른 사람에게 추천하고 싶은 책. / 고등학교 생활하면서 가장 열심히 했던 활동이 있나요? / 1학년 때 성적이 ~에서 2학년 때 ~까지 떨어졌던데, 그 이유가 있을까요? / 어떻게 성적을 올릴 수 있었나요? / 긴장했을 텐데 면접하시느라 수고하셨습니다. 나가셔도 됩니다. / 오 네~ 들어줘야지."
아주대학교,간호학과,"저희 아주대학교에 지원해주셔서 감사하고 먼저 몸풀기용으로 왜 간호사라는 진로를 가지게 / 네 다음으로 선생님들의 평가가 눈에 띄는데 이러한 평가를 받게 된 이유가 무엇이라고 생각하나요? / 보건일지 활동을 했다고 적혀있는데 이에 대해 설명해주세요. / 아 그러니까 정보전달 위주의 활동을 하셨다는거죠? / 어떤 간호사가 되고 싶은가요? 왜? / 그와 관련해 본인이 한 탐구활동이 있을 것 같은데 말해볼래요? / (오- 끄덕끄덕) 보건시간에 종양 관련 탐구를 하셨는데 (종양과 그 치료방법) 배운 점이 무엇인가요? / 매체 속 간호사의 이미지에 대해 소개한 부분을 설명해주세요. / 궁금한게 법의간호사라던가 종양 등 지금 되게 다양하게 탐구를 하셨는데 왜 이렇게 다양하게 / (오-끄덕끄덕) 본인이 생각하는 맞춤형 간호는 무엇인가요? / 아주대와서 특히 배우고 싶은 것은 무엇인가요? / 본인이 생각하는 간호사의 이상은 무엇인가요? / 마지막으로 하고 싶은 말 해보세요. / 네, 수고하셨습니다. / 마지막에 긴장했네 ㅎㅎ (마지막에 더듬거려서 그러신 것 같다.)"
아주대학교,교통시스템공학과,"네네 여기까지 올라오신 게 저희가 꼭 뽑고 싶은 인재여서 오신 거니까 너무 긴장 말고 잘 보시길 / 네 이게 아마 가장 중요할 것 같은데, 자기소개 및 지원동기 먼저 해주세요. / 네 활동 중에 헤세 행렬을 이용한 숲의 파편화 분석? 뭐 이런 활동이 있는데 어떤 활동인지 / 혹시 어떤 데이터를 이용했나요? / 어떻게 헤세 행렬로 검출해낸 건가요? / 아아~ 네. 그럼 혹시 우리나라는..이런 파편화 문제에 대해 잘 대응하고 있다고 생각하시나요?"
아주대학교,기계공학과,자기소개 해주세요 / 과적합이 뭐에요?? / 그러면 그 과적합 문제를 어떻게 해결하셨어요? / 행발에 정이 많다는 이야기가 반복적으로 등장하는데 그걸 증명할 만한 사례가 있나요? / 미적분 시간에 연쇄법칙에 대해 탐구하셨던데 자세히 설명해주세요. / 마지막으로 하고 싶은 말 있으신가요?
아주대학교,미래모빌리티공학과,"지원하게 된 동기 말씀해주실래요? / 하이브리드 차에 대해서 조사했던데 한 번 설명해보세요. / 일반 자동차랑 다른 점이 뭐라 생각하세요? / PID제어에 대해 설명해보실래요? / 화장실 물내림 확인 시스템에 대해 설명해주세요. / 코딩을 한 건가요? / 혹시 ○○에 대해서 아시나요? / 에너지 효율적인 드론 배송에 대해 탐구했던데 설명해주세요. / 입학하면 뭘 하고 싶은가요? / 네, 수고하셨습니다. 좋은 결과 있길 바랄게요."
아주대학교,미래모빌리티공학과,"네, 안녕하세요. 긴장하지 말고 대화하듯이 편하게 면접보시면 됩니다. 혹시 오시는데 어렵진 않으셨 / 우리 학과를 지원한 지원동기를 말씀해주세요. / 생활기록부를 보니까 자동차를 정말 좋아하시는 것 같아요. 자동차를 좋아하시는데 왜 기계공학과가 / 아마 이 질문을 예상 하셨을텐데요(웃음), 미인정 지각이 있는 이유는 무엇인가요? / 생활기록부에 내연기관과 전기자동차를 비교하여 전기자동차의 문제점을 지적한 활동이 있네요. 지금 / 그 혹시 우리나라의 자율주행 기술의 전망에 대해 어떻게 생각하시나요? 가망이 없나? / 딥러닝에 대해 탐구하셨는데 딥러닝에서 어떤 종류를 탐구하셨나요? / CNN과 RNN에 대해 구체적으로 설명해 주실 수 있나요? / 네. / 궁금하면 물어볼 수 있게 전화번호 줄까?(웃음)(농담) / 어, 그리고 또 딥러닝과 강화학습에 대해 여러 탐구를 진행하셨는데요. 강화학습 탐구에 대해 자세히 / 벌써 시간이 다 됐네요. 혹시 마지막으로 하실 말씀이 있으신가요?"
아주대학교,사이버보안학과,"사이버보안학과에 지원한 동기는 무엇인가요? / 2학년 문학시간에 LISP언어에 대해 조사를 했는데 기억이 나나요? / 2학년 진로에 Telnet과 OpenSSH를 활용한 원격 접속 실습과 Wireshark를 이용한 보안 비교를 / 어디에 사용되는지는 알고 있나요? / 3학년 자율에 앱 인벤터를 활용하여 학급 구성원만 접근 가능한 학급 일정 공유 어플리케이션을 개 / 악성코드, 그리고 분석가들이란 책을 두 번이나 읽으셨는데 줄거리와 왜 이 책을 두 번이나 읽었는 / 2학년 인공지능 기초에서 사이버 공격을 탐지하는 기계학습 모델을 만들었다고 하는데 설명해줄 수 / 직접 만든 건가요? 아니면 아이디어 구상만 한 건가요? / 아예 처음부터? 아니면 다른 사람의 모델을 가져와 조금 바꾼 건가요? / 2학년때 전자 칠판을 관리했었네요? 원래 저희가 이런 건 잘 안 물어보는데 선생님께 많은 칭찬을 / 혹시 저희가 물어본 것 외에 안 물어봐서 아쉬웠다 이런 거 있어요? / 아~여기 생기부에 과정이 다 적혀있어서 딱히 물어보진 않았네요. 마지막으로 할 말은?"
아주대학교,산업공학과,"네 안녕하세요. 자리에 앉아주세요. / 긴장되진 않나요? / 아침식사로 어떤 거 먹고왔나요?(웃으시며) / 자 같이 심호흡 한 번 합시다.(친절하게 말씀해주심) / 네, 시작하겠습니다. 지원동기 말씀해주세요. / 네 알겠습니다. 그러면 파이썬에 대해 학습하였다고 써져있는데 리스트함수의 경우 어떠한 장점이 있 / 네 잘 들었습니다. 음...그러면 리더십에 대한 언급이 많은데 구체적으로 어떠한 활동을 하였나요? / 네 잘 들었습니다. 그러면 아까 산업공학이 경영학과 관련이 있다고 말했는데 어떤 점에서 관련이 / 네, 벌써 끝났습니다. 순식간에 끝나죠? 이제 가도 됩니다."
아주대학교,심리학과,"긴장하지 마시고 진짜 생각이 궁금해서 질문을 하는 것이니 질문에 답변을 못하시겠으면 모르겠다고 / 어쩌다가 심리학에 관심을 가지게 되셨나요? / 어떤 방식으로 처음 심리학을 시작하게 된 것인지 설명해주세요. (꼬리질문) / 또래상담은 초등학생이 진행하기엔 어렵지 않았는지? (꼬리질문) / 3학년 자율활동에 적혀있는 문화 고유 정서와 보편 정서의 원본과 번역본의 괴리를 탐구했다고 적혀 / 이해 못 했는데 다시 설명해주세요, / 언어적 차이가 있지 않았어요? / 설문의 신뢰감을 주기 위해서 어떤 일을 했어요? / 3학년 동아리 시간에 사회실험 동아리를 운영했는데 다양한 실험 중에서 가장 기억에 남는 실험 2개 / 그렇다면 동형이의어의 예시를 하나 들어주세요. (꼬리질문) / 봉사활동 시간이 남들에 비해 높은데 어떤 봉사활동을 하셨고 그 중 기억에 남는 것이 무엇인가요? / 10초 정도 남았는데 하고 싶은 말 있으시면 짧게 해보세요. / 너무 좋은 말이네요. 이제 나가시면 됩니다."
아주대학교,의학과(예과),"안녕하세요. 의사분께서 사전연명의료의향서를 작성하라고 하셔서 왔습니다. 이게 뭐에요? / 그럼 저는 곧 죽는 거에요? 의사분께서 제가 말기 암이라고 했는데.. / 꼭 사전연명의료의향서를 작성해야하는 것인가요? 의사분께서도 이를 작성하라고 말씀하시고, 상담 / 이런 거는 내가 잘 모르는데 내 아들이 이런 걸 잘 알아서 대신 작성하게 하면 안 되나? / 근데 내 가족이 내가 작성한 것을 보면 어차피 의미 없는 것 아닌가? / 호스피스라는게 있다고 하는데 나는 집에서 지내고 싶은데 그럼 어떻게 하면 되나? / 앞서 설명받으신 것처럼 여기는 학생의 3년 동안 한 활동에 대해서 확인하는 방이에요. 너무 긴장 / 자기소개 해주세요. / 자기소개에서 아주대 의과대학에 지원하게 된 이유가 조금 부족한 것 같은데 혹시 더 구체적인 이유 / 넵, 알겠습니다. 생기부 질문으로 넘어가겠습니다. 3학년 동아리에서 했던 실험이 흥미로운데 혹시 / 혹시 실험 과정을 조금 더 구체적으로 말씀해주실 수 있나요? / 미세플라스틱이 항생제 내성을 가지고 오는 이유가 무엇인지 탐구해보았나요? / 뇌과학이 관심이 많은 것 같은데 의과학자가 되고 싶은 계기가 무엇인가요? / 음, 그냥 의과학자 관련해서 답변을 주세요. / ”건강격차”라는 책을 읽고 활동을 진행했다고 하는데, 그 활동에 대해서 설명해줄 수 있나요? / “건강격차“라는 책을 독거노인 관련해서 진행했던 활동에 대해 설명해 주시면 됩니다. / 어떤 목적으로 이러한 MEMS 관성 센서를 제작하였나요? / 마지막으로 하고 싶은 말이 있나요?"
아주대학교,지능형반도체공학과,"안녕하세요. 가번호 OO번이 맞나요? / 네, 앉아주시면 됩니다. 이른 아침부터 면접 보러 오느라 수고했습니다. 면접 도중 노크 소리가 들릴 / 그럼 먼저 우리 학과에 지원한 동기에 대해서 말해보세요. / 반도체 8대 공정 중 포토 리소그래피 공정을 체험했다고 했는데 직접 실험을 한건가요, 아니면 실험 / 포토리소그래피 공정을 하면 어떤 점이 좋은가요? / 동아리 활동으로 아두이노를 이용한 실험을 했다고 하는데 그 실험에서 어떤 역할을 맡았나요? / 기술적인 면에서 했던 역할은 없나요? / 어떤 코딩이었나요? / 어디에서 미세먼지 농도를 측정해 봤나요? / 그 중 어느 곳에서 미세먼지 농도가 제일 좋았고 어느 곳에서 제일 나빴죠? / 아두이노가 화면에 농도 값을 띄우게 할 때는 어떤 방법을 이용했나요? / 건전지는 어떤 종류였죠? / 개수는 몇 개였나요? / 반도체 8대 공정 중 증착이라는 공정이 있는데 혹시 알고 있나요? / 그럼 그 증착 공정이 어떤 공정인지 간단히 설명할 수 있나요? / 그렇게 하면 반도체에 어떤 점이 좋은가요? / 3학년 진로활동 중 밴드갭과 관련된 탐구활동을 했는데 밴드갭이 뭔지 설명할 수 있나요? / 실리콘 외의 여러 반도체 소재에 대해서도 탐구를 했는데 이 소재의 이점을 밴드갭 관점에서 말해볼 / 학급을 위해 자발적으로 했던 봉사활동이 있을까요? / 체육 시간에 보인 태도에 대해 긍정적인 평가를 받았는데 구체적으로 어떤 태도였나요? / 어떤 경기였죠? / 킨볼이 뭔가요? / 그럼 피구와 비슷한 것 아닌가요? / 시간이 거의 다 돼서, 혹시 준비해 왔는데 하지 못했던 말이 있으면 해보세요. / 네, 수고하셨습니다."
아주대학교 첨단바이오융합대학 학생부종합 첨단융합인재전형,ㅐ,"(인사하는 것을 막으시며) 인사하면 저희가 불편해요, 그냥 앉으세요. 바로 질문하겠습니다. miRNA에 / 그렇군요. 2학년때 동아리 이름이 시냅스네요? 동아리 이름과 다르게 다른 분야의 실험을 하셨군요. / 그래요? 그럼 웨스턴 블롯에 대해 SDS-PAGE를 넣어서 과정을 쭉 설명해볼래요? / (말을 끊으시며) 단백질? 단백질을 직접 증폭하진 않았을텐데? / (헛웃음 지으시며) 아 그냥 다른 거 물어볼게요. 잘 모르는 것 같네. 그 의료 신소재에 대해서 / 왜 탄소를 사용할까요? / 음.. 그런 그래핀의 종류에는 뭐가 있을까요? / 그렇군요. 르샤틀리에 원리가 뭐에요? / 그 르샤틀리에 원리가 생명이랑 무슨 관련이 있다고 생각하시나요? / 생명과학Ⅱ에서 가장 기억에 남는 내용이 뭐에요? / 그럼 tRNA에 대해서 말해볼래요? / 그래요 좋아요. 그럼 PCR을 할 때 cDNA를 사용해야 한다고 했는데 왜 그래야 하나요? / 인트론이 뭔데요? / 네, 갈등상황을 해결한 경험이 있으면 말해보세요. / 네, 나가보세요"
아주대학교,첨단바이오융합대학,"수능 끝나고 좀 놀았나요? (수능 끝난지 2일 뒤였음) / (웃으며) 헛되지 않도록 면접 잘 봐야겠네. / 미생물 유전자 추출 실험과 PCR분석을 했다고 했는데, 어떤 활동이었고 실험을 통해 얻은 결론이 뭐죠? / 너무 옛날 활동을 물어봤네 (웃으며), 3학년 진로시간에 줄기세포에 대한 탐구를 진행했네요? 또 / 세포외 뭐라고 했는지는 못 들었는데, EV가 어떤 약자인지 아나요? E는 Ectracellular인데, V가 뭔지 / V는 vesicles에요. 어려운 내용인데 한 번 물어봤어요. / 후성유전학이 뭐고, 그 기전에 대해 아는 대로 설명해보세요. / 그럼 만약 DNA메틸화가 일어나면 유전자 발현이 늘어날까요? 줄어들까요? / DNA메틸화가 일어나면 RNA발현량이 늘어난다? (좀 의아해 하는 표정) / 히스톤 단백질 변형은 어떻게 되는 거에요? / 3학년 동아리 시간에(자율이었음) 초파리와 생쥐의 혹스유전자를 분석했는데 배아의 축을 중심으로 / 그러면 앞쪽 부위에서 머리가 나타나고, 뒤쪽에서도 머리가 나타나는게 가능할까요? / ELISA에 대해 탐구하셨네요? / (웃으며) 잘못 적혀있죠? / 네 맞아요. 그럼 실제로는 안 한 건가요? / 이 정도면 될 거 같아요. 1학년때 학급 반장을 하셨네요. 억지로 한 건 아닌가요? 반장 활동을 하며 / 마지막으로 하고 싶은 말 있나요? / (웃으며) 그럼요. / 수고하셨습니다."
연세대학교,도시공학과,8분동안 숙지 하신 후 바로 답변 시작합니다.
연세대학교,의예과,"준비되시면 시작해주세요. / 혹시 답변 내용 중에 부족했던 부분이 있으면 보완해주세요. / 네 / 네, 그러면 학생분이 자신의 의지대로 바꾸고 싶었으나 바꾸지 못했던 경험이 있나요? / 그러면 반대로 학생분이 자신의 의지대로 바꿀 수 있었던 경험이 있나요? / 준비되시면 시작해주세요. / 혹시 답변 내용 중에 부족했던 부분이 있으면 보완해주세요."
연세대학교,의예과,안녕하세요. 어서 오세요. 1번 문제부터 답변 시작해보세요. / 이어서 2번 문제 답변하시면 됩니다. / 학생이 고교 시절 동안에 이 친구와 비슷한 경험을 겪은 적이 있나요? / 2번 문제에서 근거를 다시 말씀해주실 수 있나요? / 더 하실 말 있으신가요? / 안녕하세요. 오늘 컨디션은 괜찮나요? 잠은 잘 잤나요? / 문제 1번부터 답변 해보세요. / (다른 면접관에게)혹시 추가질문 하실 거 있으신가요? (없다고 하심) / 수고하셨습니다.
이화여자대학교,뇌인지과학부(자연),"뇌인지과학부 지원하게 된 이유가 무엇인가요? / 의료생명동아리 활동을 하셨는데 가장 의미 있었던 활동은 무엇인가요? / 생명과학Ⅱ를 수강하지 않으셨는데 그점을 보완하기 위해 생명과학1에서 무엇을 학습하는지 설명해 / 화학Ⅱ에서 모노아민산화효소에 대해 탐구했던데, 그 내용에 대해 설명해보세요. / 면접시간이 조금 남았는데 마지막으로 하고 싶은 말이 있나요"
이화여자대학교,의류산업학과,지원동기와 자기소개를 해주세요. / 의류택은 어떤 기술을 활용해 제작했나요? / 가장 성공적으로 운영했던 활동을 하나 소개해 주세요. / 패션쇼에서는 어떤 역할을 맡았나요? / 앞으로 관심 있는 분야와 진로는 무엇인가요?
이화여자대학교,환경공학과,우리 학과에 지원하게 된 동기에 대해 간단하게 말해줄래요? 지금부터 6분 타이머 시작하겠습니다. / 네~지원동기에서 말한 거처럼 실제로 한 실험도 많고 실제로 경험적인 다양한 활동을 많이 해서 굉장히 / 자세히 잘 공부한 거 같네요. 여기서 말한 -NO3가 아마 ~~얘기한거 같은데 ~~는 이런 현상이 생길 수 / 허허허 (저랑 눈 마주치면서 강의하듯이 설명해주심) 이건 ~~때문에 무산소 조건에서 분해를 / 압전소자 관련한 것도 있고 다양한 활동을 많이 했는데 그 중에서 가장 어렵거나 힘들었던 활동이 뭐예요? / 네~ 잘 얘기해줘서 (끝냄) 시간이 다 됐네요^^ 나가보셔도 좋습니다.
인천대학교,소비자학과,"일단 인천대에 지원해줘서 고맙고, 왜 인천대학교의 소비자학과에 지원하게 됐는지 설명해주세요 / 왜 일본이에요? / 그니까 그 방향성이 뭐에요? / 일본이랑 한국 제품은 뭐가 다른가요? / 우리는 그 분야를 잘 몰라서(웃음) 전문가네 전문가~ / 일본 소비자와 한국 소비자의 공통점과 차이점이 뭔가요? / 옛날 광고와 요즘 광고의 차이점에 대해 키워드 중심으로 탐구했다고 했는데 이거에 대해 / 소비자들을 분석할 때 어떤 방법을 사용할 수 있을까요? / 인천대오면 뭘 제일 먼저 하고싶어요? / 3학년 1학기 때 성적이 좋은데 어떻게 성적을 올렸나요? / 마지막 하고 싶은말 하고 끝내도록 하겠습니다"
인천대학교,운동건강학부,"어유~ 날씨가 좀 춥죠? 저희 학교 면접고사 지원해주셔서 감사드리고요. 긴장 풀고, 면접보시면 될 / 선도부장, 동아리부장, 선거관리위원장 등등 여러가지 리더로서 역할을 해봤잖아요. 본인의 리더십과 / 카이로프랙틱에 대해 탐구해봤잖아요. 대체의학의 현황과 대체의학의 도입에 대해 말해주세요. / 항상성에 대해 설명해주세요. / (꼬리질문) 그런 단편적인 거 말고 항상성의 예시를 들어주세요. / 네~ / 한국 스포츠의학의 문제점에 대해 말씀해 주세요. / (꼬리질문) 해결책은요? / 왜 우리 인천대에 지원했나요? / 마지막으로 하고 싶은 말 있을까요?"
인천대학교,화학과,자기소개랑 지원동기를 같이 말해주세요. / 산화환원 반응이 뭔지 아시나요? / 동아리 시간에 신호등 반응 실험을 하였는데 어떤 실험이었는지 설명해주세요. / 이산화탄소 포집에 사용되는 흡착제의 화학적 원리와 효율 비교에 관해 탐구하셨는데 어떤 내용이죠? / 동위원소 관련 문제를 선정하여 직접 풀이하며 설명하셨다고 쓰여 있는데 동위원소가 뭔가요?
인하대학교,건축학부,"2학년 자율활동에 공공공간과 공공건축의 필요성에 대해 조사했던데, 자세히 설명해주세요. / 3학년 동아리에 ‘마음이 머무는 공간’이라는 단어가 있던데 무엇인가? / 도시설계에 대해 조사했던데, 자세히 설명해달라 / 3학년 미적분에 편미분을 활용해~ 고 써있는데 편미분이 무엇인가? / 1학년 생기부에 자기주도적 학습을 잘한다고 써 있는데, 이유가 무엇이고, 학생이 생각하기에 / 생기부에 인성, 성실함, 모범 같은 좋은 말은 다 써있는데 선생님은 학생의 어떤 점을 보고 써주셨을까요? / 마지막으로 할말 있나요?"
인하대학교,기계공학과,"네 면접 시작하겠습니다. 간단하게 지원동기 말씀해주세요. / 알겠습니다. 3학년 동아리 시간때 RC회로와 RL회로에 대해 탐구하고 이와 관련된 실험을 하셨는데, / 축전기가 (기억 안 남)이잖아요? 그럼 축전기의 면적이 넓어지면 어떻게 되는지 아시나요? / 네 알겠습니다. 2학년 물리학 수업 당시 역학 수레를 가지고 실험을 진행하셨는데, 무엇을 알아보기 / 작용과 반작용의 법칙에 대해 자세하게 설명해 주실 수 있나요? / 네 알겠습니다. ‘물리학 실험’수업시간 당시 역학적 에너지 보존에 대한 실험을 진행했을 때, 운동 / 네 알겠습니다.(시간 끝남) 마지막으로 우리 학과에 들어오시게 된다면 무엇을 하고 싶으신가요?"
인하대학교,바이오식품공학과,"네, 앉으셔도 됩니다. 우리학과에 지원하게 된 이유 말씀해주세요. / 미생물분야에 관심이 많다고 하셨는데 생기부에 미생물분야 탐구가 좀 있는 것 같아요. 인공향미와 / 알코올발효와 젖산발효 개념, 각각 식품의 예시 말씀해 주세요. / 각각 예시..! / 단백질구조와 보조인자 결합이 자유 에너지에 미치는 영향에 대해 어떤 활동이었는지 간단히 말씀해 / 단백질 기능이 어떻게 발현되는지 말씀해보세요 / 네, 이런 탐구를 할 때 주로 어떤 자료를 활용했나요? / (웃음) 되게 특이한 탐구를 하셨던데 다운증후군 환자에게 발효식품을 제안한 것에 대해 구체적으로 / (웃음) 네, 마지막으로 하고 싶은 말 해주세요.(면접 끝난 알람이 울림)"
인하대학교,바이오식품공학과,"너무 긴장하지 마시고, 편안한 마음으로 저희가 드리는 질문에 대답해 주시면 돼요. / 간단한 자기소개 해볼래요? / 네, 그럼 우리 학교에 왜 지원하게 되었나요? / 과학 시간에 중화 적정 실험을 많이 했던데, 중화 적정 실험 과정과 그 과정에서 쓰이는 시료들을 / 아~ 네. 그럼 화학Ⅱ 시간에 천연 방부제의 항산화 효과에 대해 보고서를 작성하셨던데, 어떤 천연 / 그럼 산화 환원 반응이 뭔가요? / 네. / 네. 그럼 2학년 진로 활동으로‘소금 농도별 사우어크라우트의 미생물 및 품질 변화’ 문헌을 분석 / 네. 그럼 식품의 부패 속도를 늦추기 위한 것들 중 중요한 건 무엇이고 그 이유를 말해보세요. / 그러면 중요한 요소가 무엇이 있는지 몇 가지만 말해볼래요? / 네. 그러면 지금까지 활동 중에 가장 기억에 남는 활동 말해보세요. / 네. 수고하셨고, 10초 정도 남았는데 마지막으로 하고 싶은 말 있으면 하시고 없으시면 안 하셔도"
인하대학교,바이오식품공학과,일단 인하대학교 식품공학과에 지원해주셔서 감사합니다. 간단한 자기소개 해볼래요? / 기초학업 역량 관련 질문입니다. 알코올 발효 젖산 발효의 차이 말해볼래요? / 과정을 좀 자세히 말해볼 수 있나요? / 1학년 때 솔직한 식품 읽고 제로식품관련 탐구를 했다고하는데 어떤 건지 좀 설명해 줄 수 있나요? / 통합과학 시간에 삼투압과 식품가공을 했는데 어떤 활동인지 설명해주세요 / 삼투건조로 나타나는 또다른 효과 없어요? / 건조가 식품에 미치는 영향은 뭘까요? / 식감 말고 다른 거? / 네 말해봐요~ / 탄소화합물이 식품에서 어떻게 이용되는지 이야기해볼래요?(이것도 기초학업역량을 확인하기 위함인 / 당으로 말고 다른 거 있을까? / 당으로 말고 다른 거? / 탄소화합물이 식품에 어떻게 활용되는지? / 종횡런웨이? 거기에서 단백질 변성에 대한 탐구를 했네요. 단백질 구조가 어떻게 변성되었는지 / (타이머 울림) 아쉽지만 시간이 다 되어서 마지막 할말 있으면 10초 정도로 간단하게 해봐요.
인하대학교,반도체시스템공학과,안녕하세요. 먼저 자기소개해 주세요. / 확률과 통계에서 독립과 종속에 관해서 설명했다는데 설명해 주세요. / 기하에서 안테나의 원리를 포물선과 관련해서 탐구했던데 설명해 주세요. / 3학년 자율에서 반도체 최신기술인 실리콘 포토닉스와 극저온 식각 등에 대해서 소개했던데 설명해 / 1학년 때는 생명이나 신소재 관련 활동을 하다가 2~3학년이 되면서 반도체 쪽으로 방향이 / 트랜지스터 논리 회로에 대해서 탐구했던데 설명해 주세요. / 수학 성적이 굴곡이 심한데 그 이유가 뭔가요? / 마지막 말 있으면 해주세요
인하대학교 산업경영공학과 학생부종합 인하미래인재(면접형),ㄱ,"반장을 3년 동안 꾸준히 하셨던데 본인만의 비법이 있나요? / 창체활동에 산업공학과 교수님과 인터뷰하기가 있던데 왜 이런 활동을 진행했는지 자세히 설명해 / 본인이 생각하는 산업공학이란 무엇인지 간단히 설명하고, 왜 산업공학과를 선택하게 되었는지 / 동아리 시간에 공학 도구를 활용하여 교통 흐름 최적화 및 물류 이동 경로 문제를 실생활 사례로 / (잘 기억 안 남) AI를 활용하여 왜 생산성을 높일 수 있다고 생각해요? / 인공지능 학습의 핵심 알고리즘인 경사하강법에 대한 탐구를 통해 미적분 개념의 실제 적용 사례를 / 2학년 때 수학 평균 등급이 2.3이었습니다. 근데 3학년 때 왜 5등급까지 떨어졌는지 설명이 좀 / 네 이제 시간이 다 되어 나가보셔도 좋을 것 같아요."
인하대학교,소비자학과,"면접관: 일단 인하대학교에 지원해 줘서 고맙고요, 3학년 때 사회문화 시간에 대중문화와 취약계층에 / 이 활동에 관해 설명해 주세요 / 바넘 효과에 대해 ‘심도 있는’ 탐구했다고 되어있는데, 그래서 바넘 효과의 문제점이 뭐죠? / 1학년 때 모의투자를 해 상위 등수를 받았다고 되어 있는데 활동에 대해 설명해 주세요. / 투자를 한 기준이 뭔가요? / 홈페이지 봤죠? 가장 듣고 싶은 수업이 뭔가요? / 꿈을 위해 세계적인 시각을 넓히고 싶다는 게 무슨 뜻인가요? / 마지막으로 하고 싶은 말 있나요?"
인하대학교,소비자학과,(아이스브레이킹으로 시작) 면접장 분위기는 어떤가요? 혹시 추워요? / 많이 떨리죠? / 학교생활기록부 기반해서만 질문할 거니까 떨지 말고 편안하게 답해주세요. / 1학년 자율활동에 모의 대선에 참가하여 경제부 특별 보좌관으로 활동을 했다고 적혀 있는데 이 활 / 모의 주식 활동에서 좋은 성과를 얻었다고 했는데 어떻게 구체적으로 진행하고 그 이유는 무엇이었 / 혹시 저는 2학년 모의 주식 활동과 관련해서 물어봤는데. 다시 답해주실 수 있나요? / 데이터 인사이트 활동에서 어떤 역할을 맡았나요? / 소비자 관련해서 활동을 많이 하신 것 같은데 혹시 가장 본인이 멋있다고 생각하는 소비자 이론 얘 / 모르시면 대답 안 하셔도 됩니다. / 본인의 장점 얘기해줄 수 있나요? / (눈을 맞추며) 그렇네요. / 16초 정도 남았는데 자기 PR 부탁드립니다.
인하대학교,스포츠과학과,"rice 응급처치 관련 활동을 하셨는데 이에 대한 내용과 배운 점을 말씀해 주세요. / 정적 스트레칭에 따른 근방추 유연성 변화에 관해 탐구하였는데 이에 대해 설명해 주세요. / 그럼 근방추의 민감도가 낮아진다면 유연성이 향상한다는 거죠? / 그럼 정적 스트레칭이 아니라 역동적인 스트레칭을 적용한다면 어떻게 될까요? / 스포츠 트레이너에 꾸준히 관심을 가졌던 것 같은데 아직도 그런가요? / 베이킹소다가 근육 내 pH 수치를 안정화해 피로를 줄여주는데 이건 어느 종목에 적용하고 싶으신가요? / 뭐 몇 미터 달리기 같은 특정 종목에 적용하지는 않나요? / 아, 그럼 뭐 마라톤이나 그런 종목에 쓰면 좋겠네요? / 캐나다와 뉴질랜드의 스포츠 시설을 방문해 보고 싶다고 적혀 있는데 이유가 있을까요? / 아 여행지로 설정하신 건가요?"
인하대학교,인공지능공학과,"수능 끝나고 바로 면접 보니까 어떠세요? / 대규모 언어 모델에 대한 탐구와 인공지능의 활용 가능성을 심도 있게 연구하며 코딩프로그램을 활용 / 활동에서 LLM을 직접 Fine-tuning 하여 특정 목적에 맞는 모델을 개발하고 프로젝트를 진행함. 이라 / 아 다른 학교와 진행한 건가요? / 근데 이 LLM을 FIne-tuning 한다는 게 현실적으로 어려운 것이 아니었나요? / 3학년 때 동아리에서 전에 만들었던 인공지능이 규칙 기반 알고리즘에 가까웠음을 탐구함. 이라고 하 / 그럼 이것도 무슨 프로그램을 이용한 건가요? / 그럼, 이제 개념 부분으로 넘어가죠. 미적분에서 합성함수와 유사한 같은 것들을 탐구한 거 같은데 그 / 그럼 이것들을 말하는 명칭이 뭔가요? / 그럼 미분의 조건이 뭔가요? / 음 그럼 이. (알람이 울리며) 아 시간이 끝났군요. 그럼, 면접은 이만 종료하겠습니다."
인하대학교,전기전자공학부,"면접 준비 잘했어요? / 생기부에서 리더쉽을 자주 보인 것 같은데, 이를 사례 한 개만 들어서 구체적으로 설명해 주세요. / 2학년 진로활동에서, 초음파센서에 대해서 탐구했다고 했는데, 관련 탐구 내용을 설명해 주세요. / 물리학Ⅰ 과목에서 스피커를 이용한 파동의 중첩원리 실험을 진행했네요? 어떻게 실험을 진행했는지 / 미적분 시간에 충전 반응 속도를 미분과 연관 지어서 진행했는데, 탐구 동기가 뭔가요? / 탐구 결과도 말해주세요. / 시간이 다 되어서, 이만 나가보셔도 됩니다. / 어…. 짧게 해주세요."
인하대학교,전기전자공학부,"네 안녕하세요, 의자에 앉아주세요. / (타이머를 누르며) 자, 간단하게 자기소개 한 번 해보세요. / 음, 네. 학교생활기록부를 봤을 때, 물리학 같은 경우 Ⅰ, Ⅱ까지 모두 수강하셨는데 화학은 Ⅰ, Ⅱ 둘 / 아, 네. 잘 알겠습니다. 바로 다음 질문 이어가겠습니다. 플레밍 법칙으로 전동기가 돌아가는 원리에 / 네. 물리학실험에서 저항을 측정하고, 오실로스코프를 활용해 탐구했다고 하는데, 저항을 오실로스코프로 / 오실로스코프로 저항을 측정했다고요? 멀티미터기가 아니라요? / 네, 학교생활기록부를 보니, 물리에 관심이 많으신 학생으로 알고 질문드리겠습니다. (빛의 굴절과 관련 / (옆에 계신 다른 분이 질문 이어 나가기 시작하심) 학급 정 부반장을 2년 동안이나 하셨다고 되어 / 네, 푸리에급수에 대해서도 조사하셨는데, 푸리에급수에 관해서 설명해 보실래요? / 사인파로 분해하는데 신호가 그 사인파 하나로만 분해되면 되는 거예요? / 네, 시간이 다 되었네요. 퇴실해 주시면 됩니다."
인하대학교,전기전자공학부,"네 앉으세요. 20초 줄 테니까 자기소개 해보세요. (타이머를 누르심) / 네~ 송전 기술에 관심이 많네요. 그럼 혹시 삼상과 단상을 알고 있나요? / 네~ 괜찮아요. 그럼, 물리학에 대해 질문 해볼게요. 전자기유도 법칙에 관해 설명해 보세요. / 그러면 왜 공식 앞에 마이너스를 붙이는지 아세요? / 그럼 마이너스를 붙인 사람이 누군지 아나요? / 렌츠요. 렌츠~ / 다음 질문할게요. 쿨롱 법칙에 관해 말해보세요. / 쿨롱 법칙이 만유인력 법칙과 닮아 있는 거 아시죠? 그럼, 이 둘의 가장 큰 차이점이 뭘까요? / 네 이제 제가 질문 해보겠습니다. 3학년 동아리에 PMW에 관한 내용이 있는데 PMW의 약자가 뭔가요? / 펄스폭 변조가 디지털 신호를 사용해 아날로그 신호를 제어하는 것이라고 적혀있는데 왜 아날로그 / 네. 그러면 CMOS 이미지센서를 탐구했다고 나와 있는데 CMOS의 약자가 뭔가요? / 생활기록부를 보면 3년 동안 반장을 했는데 왜…. (혼잣말 느낌) 공부가 더 중요하지 않은가요?"
인하대학교,조선해양공학과,"네. 여기 앉아주시면 됩니다. / 1학년 때, 행특에서 친구들과 갈등 해결이나 의견 제시를 통해 화합하는 모습을 보였다고 하는데, 어 / 1학년 통합과학에서 이온결합의 해리를 탐구하고, 이를 엔트로피와 연결 지어 탐구보고서를 작성했다 / 그리고 통합과학에서 코스모스 책을 읽고, 수소 핵융합과 관련된 부분을 찾아서 스스로 궁금증을 해 / 흠… 태양계를 진화론으로 설명할 수 있나요? / 미적분 학기 말 성적에 최고 수준을 달성했다고 쓰여 있는데, 어떻게 하면 최고 수준까지 달성할 수 / 학교생활기록부를 보면, 진로가 화공이나 신소재였던 것 같고, 조선해양공학과 관련된 내용은 없는 / 조선해양공학과에서 어떤 과목들을 배우는지 좀 아나요? / 혹시 직업군은 어떤 걸 희망하고 있나요? / 봉사활동을 많이 한 것 같은데, 특히 기억에 남는 봉사활동이 있다면, 어떤 거였는지 말해주세요. / 확률과 통계 과목에서 새빨간 거짓말 책을 읽고, 통계 오용에 관한 사례를 접하고, 이를 해결할 방법 / 아… 지금 시간이 거의 다 되어서… 아마 어려울 것… 같습니다."
인하대학교,첨단바이오의약학과,"유전자가위 기술에 대해 탐구하셨는데 설명해 주시겠어요? / Ras-mapk 경로에 대해 탐구하고 암 발생 원인에 대해 알아본 내용을 설명해 주세요. / 수소 결합과 반데르발스 힘에 대해 탐구하고 단백질의 3차원 구조의 오접힘으로 인해 알츠하이머와 / 후성유전학에 대해 탐구하셨는데, 후성유전학이 무엇인지 아는 대로 설명해 주세요. / (웃으며) 네. 말해보세요. / 어떤 영향이 있죠? (질문이 잘 기억이 안 남) / 후성유전학을 이용한 해결 방안이 무엇이 있나요:? / 시그마 결합, 파이 결합, 혼성 오비탈에 대해 탐구하셨는데 설명해 주시겠어요? / ELISA 실험을 하셨네요? / (웃으며) 잘못 적혀있죠? / 네 맞아요. 실험을 진행하며 준비 및 도움을 줬다고 되어있는데 설명해 주시겠어요? (질문 잘 기억 / ELISA의 원리에 대해서 설명해주세요. / (알람을 끄며) 계속 말씀하셔도 돼요. / 네 수고하셨습니다."
인하대학교,화학공학과,"우리 학과에 지원하게 된 동기가 무엇인가요? / 지원자가 ○○ 앱 개발에 참여했다는 기록이 있는데, 어떤 역할을 하셨나요? / 학생부에‘반장 덕분에 화목했던 반’, ‘친구를 가장 잘 도와주는 친구’라는 평가가 있네요. 사례를 / 수학Ⅱ 탐구 주제가 ‘푸리에의 열전도 법칙’이라고 했는데 간단히 설명해 주세요. / ‘푸리에 법칙과 엔탈피 변화율의 차이’에 대해서도 설명했다고 기록되어 있는데 말해보세요. / 미인정 지각이 있는데 이유를 설명해 보세요."
중앙대학교,AI학과,"(오른쪽 분께서 웃으시며) 네, 편하게 앉으세요. / (앉은 뒤에) 이 면접은 블라인드 면접으로 진행된다는 거 다시 한번 공지드립니다. / (왼쪽 분께서 질문하심) 우선 확률 및 통계 관련해서 질문을 드려볼게요. 제가 주사위 2개를 가지고 / (약간 당황한 나를 이해한다는 말투와 표정으로) 아 네, 괜찮습니다. 바로 생각이 안 난다면 구하는 / 네, 알겠습니다. (이어서) ‘과적합을 방지하기 위해 최소제곱법을 활용했다’라는 내용이 생기부에 / (꼬리 질문 1) 그 오차 제곱을 하는 이유가 무엇일까요? / (꼬리 질문 2) 아까 답변할 때 절댓값 이야기를 하셨는데, 그렇다면 왜 절댓값이 아니라 오차 제곱을 / (꼬리 질문 3) 그러면 ‘과적합을 방지하기 위해 최소제곱법을 활용했다’고 되어있었는데, 과적합이 / (왼쪽 교수님께서 오른쪽에 계신 교수님을 보시며) 네, 알겠습니다. 이제 질문하시죠. / (오른쪽 교수님께서) 네, 수학 관련해서 공동교육과정을 이수하셨는데, 그 중 고급 수학Ⅰ에서 / 네, 그 를 말하는 겁니다. 이 행렬이 역행렬이 존재하려면 어떤 조건이 필요한가요? / (내가 애매하게 답변한 것을 눈치채신 듯이) 그러면 A가 가역행렬인가요, 가 가역행렬인가요? / 네, 알겠습니다. 보니까, 음악이랑 인공지능 관련 활동을 정말 다양하게 많이 하셨네요. 그중 3학년 / 그렇다면 백엔드를 맡아 어떤 것을 구현하셨는지 설명해 볼 수 있나요? / 여기에 사이트 링크가 적혀있어서 저도 들어가 봤거든요. 그런데 한 3-4분 정도 기다리다가 타임아웃 / 네, 이제 시간이 끝났지만, 마지막으로 하고 싶으신 말이 있다면 20초 정도 드릴 테니 말씀해 보세요. / 네, 수고하셨습니다. 나가보셔도 좋습니다."
중앙대학교,물리학과,"2학년 때 빛의 굴절, 전반사, 회절에 대해 탐구하셨는데 굴절, 전반사, 회절의 뜻과 원리가 뭐죠? / 3학년 동아리 시간에 RC, RL 회로 관련 실험을 진행하셨는데 RC, RL 회로가 무엇이고 각각의 회로 / RC 회로에 배터리를 연결하면 전류는 어떻게 변하나요? / 다시 물어볼게요. RC 회로에서 배터리를 연결했을 때 축전기가 모두 충전되면 전류는 어떻게 흐르나요? / 어디의 전위차가 0이 되나요? / 그럼 그 상태에서 배터리를 제거하면 어떻게 되나요? / 시상수에 관해 탐구하셨는데 RC 회로에서 시상수를 어떻게 구했나요? / 아니요. 실험이 아니라 수학적으로 어떻게 구하나요? / 공식이 아니라 RC 회로에서 시상수를 어떻게 정의하죠? / RL 회로에서는 시상수를 어떻게 구하죠? / (인덕터와 상호유도, 자체유도 관련 질문, 생기부에 쓰여있지 않은 내용) / 물리학Ⅱ 배우셨나요? / 맥스웰 방정식 중 인덕터와 관련된 식은 어떤 것인가요? (생기부에 쓰여있지 않은 내용) / 그 앙페르 법칙이 맥스웰 방정식으로 넘어올 때 조금 바뀌었는데 어떻게 바뀌었죠? / 이제 시간이 거의 다 되었는데 마지막으로 하고 싶은 말 있나요?"
중앙대학교,생명과학과,"앉으세요. / 네. 바로 질문 시작할게요. / 3학년 동아리 시간 때 고세균에 관해 관심을 가졌다고 하네요. 고세균을 생분해성 플라스틱 분해에 / 활용된 세균이나 효소, 곰팡이 이름 아는 게 있나요? / 네~ 영어로 너무 길죠. 그럼, 세균이나 효소, 곰팡이 분류해 봤나요? / 음. 그니까 뭐 온도에 따라 분류하든지 특정 조건에 따라서요. (말할 수 있게 더 설명해 주심) / 실험을 해봤나요? / 네 ~ 다음 질문할게요. 3학년 동아리 시간에 미세플라스틱 오염이 광합성에 미치는 영향을 탐구한 거 / 광합성 정도가 낮아진 것을 직접 확인했어요? / 근데 토양에서의 식물을, 장치를 통해 확인할 수 있나요? / 그럼 미세플라스틱을 넣은 물은 다른 거에 비해 뿌옜을 텐데 그럼 실험을 진행하면서 들어오는 햇빛 / 네. 3학년 자율시간에 생성형 AI와 합성생물학 도입에 따른 과학기술 발전의 긍정적인 측면과 더불어 / 네~ 이에 대한 윤리적, 철학적 문제에 관해 설명해 주세요 / 현재에도 질병 연구 분야에서 합성생물학을 많이 사용하고 있잖아요. 그럼, 여기에 대해서 하지 말아 / 네 ~ 한 1분 정도 남았는데 하고 싶은 말이나 하고 싶었는데 말 못 한 활동 같은 거 말해보세요. / 네. 나가시면 됩니다."
중앙대학교,예술공학부,"네 앉아주세요. 먼저 3학년 기하 과목에 관련된 질문을 해보고 싶습니다. 덩굴식물이 성장해 나가는 / 네. 3학년 미적분 과목에서 실생활에 미적분이 쓰이는 사례들을 기술하였다는데, 어떤 활동을 했는지 / (학생이 활동을 잘 기억하지 못하는 것 같다고 생각함) 그럼 학생은 미적분이 실생활 속에서 어떻게 / 그럼, 혹시 미적분 과목에서 또 원주율을 구하는 방법을 여러 가지 제시하였다고 했는데, 어떤 방법 / 학생부에는 여러 가지 방법을 제시했다고 되어있어요. 혹시 다른 방법은 또 뭐가 있었나요? / 네 알겠습니다. 이번에는 다른 주제로 넘어가 보겠습니다. 2학년 문학 과목에서, 우리나라 홍보용으 로 애국가 영상 제작에 참여했다고 쓰여 있어요. 실제로 직접 영상까지 다 제작한 건가요? / 네 알겠습니다. 3학년 생명과학에서, 다양한 환경에서 적응하고 성장하는 식물들의 종류들을 조사 / 네 답해주셔서 감사합니다. 혹시 마지막으로 하실 말씀 있으신가요?"
중앙대학교 전자전기공학부 학생부종합 CAU탐구형인재전형,ㄱ,"자리에 앉아주세요. 긴장하지 마시고 면접 시작하겠습니다. / 쿨롱 법칙을 이용한 전기 퍼텐셜 에너지에 관해 탐구하셨는데 기억하시죠? / 쿨롱 법칙이 무엇인지 설명해 주시고, 전기 퍼텐셜 에너지를 탐구하는 데 쿨롱 법칙을 어떻게 / 트랜지스터를 이용한 소리증폭 실험을 진행하였다고 나와 있는데 트랜지스터에 관해 설명해 주실래요? / 전기차에서 에너지 변환 원리에 관해 탐구하셨다고 되어 있는데 이에 대해 설명해 주시고 전기차 / 탐구 활동 외에 질문 하나 드리겠습니다. 성적이 점점 향상되고 있어요. 아시죠? / 이렇게 성적이 향상되게 된 동기나 했던 노력 말씀해 주세요. / 네 시간이 거의 다 되었는데 마지막으로 준비하셨던 말씀 있으시면 말씀해 주세요."
중앙대학교,전자전기공학부,전자기 유도에 대해 알려주세요 / 전자기 유도에서 나오는 법칙이 무엇이 있나요? / 그러니깐 패러데이 법칙이 무엇과 관련있는지 설명해주세요 / 그리고요 또 있는데.... / 네 다음으로 넘어가겠습니다. 계속해서 생기부 내용 물어봄 / 주어진 질문이 끝났습니다. 마지막으로 하고 싶은 말 있으면 해주세요
중앙대학교,화학과,"네, 편하게 앉으세요. / 흑연 층간 화합물을 이용한 리튬 이온 전지에 관해 탐구하셨는데, 이를 탄소 원자 간의 결합 그리고 / 고급 화학에서 배위화합물에 관해서 탐구하신 것 같은데, 결정장 이론에 관해 설명해 주세요. / 아, 근데 지금 배위결합의 정의에 대해서만 말씀해 주셨는데, 그래서 리간드에 의해 오비탈 갈라짐이 / 네, 알겠습니다. 그러면 수소에너지에 관해서 탐구하셨는데, 그레이수소, 브라운수소, 블루수소, 그린 / 네, 알겠습니다. 고급 물리학 과목에서 박막 간섭을 이용해서 태양전지의 효율을 높이는 방법을 탐구 / 아, 그러면 표면이 울퉁불퉁할 때 더 잘 흡수될 것 같나요? 아니면 매끈할 때 잘 흡수될 것 같나요? / 아하. 알겠습니다. 그러면 지금 시간이 1분 정도 남았는데 이거는 꼭 말하고 싶었는데 물어보지 않았 / 네네, 맞습니다. / 끝인가요? / 하하. 네, 알겠습니다. 나가보셔도 좋습니다."
중앙대학교,화학과,"앉아주세요. (블라인드 면접 설명하고 바로) 헨더슨 하셀발크 원리를 탐구했다고 하는데, 이 원리가 / 우리 몸의 항상성이 있는데 그게 무엇이고, 종류를 말해보세요. / 그건 사례이고, 항상성에 관해 교과서에서 배웠을 텐데. / pH에 관해서 탐구를 하셨는데, 공통 이온 현상을 설명해 주세요. / pH가 항상성이에요. 공통 이온 현상이 있는데, 그러면 반응이 어떻게 돼요? / 공통 이온을 넣어주면 반응의 평형이 어떻게 되나요? / 왜 그렇게 생각했어요? / AZA 나노 조립체를 수소결합, 파이 스태킹, 소수성 상호작용 등의 비공유결합을 중심으로 / 그럼, 잘 안 씻기는데, 인체에 부정적인 영향이 있지 않나요? / 나노 발전기와 전기음성도의 사용을 탐구하셨는데, 전기음성도의 개념이 뭔가요? / 그 개념이 나노 발전기에 어떻게 적용하여 탐구하였나요? / 탐구를 많이 하셨는데 가장 기억에 남는 탐구가 뭔가요?"
차의과학대학교,미래융합대학,자기소개와 지원동기 말씀해 주세요. / 여성 건강 관련 활동을 이야기해 보세요. / 다양한 인류 중에서 왜 여성 건강인가요? / 학교생활기록부 간호학 관련 이야기가 많은데 왜 이 학과에 지원하게 되었나요?
총신대학교,기독교교육과,"안녕하세요. 총신대학교에 지원해 주셔서 감사합니다. 먼저 교회 출석은 잘하고 계시나요? / 그럼, 다음 질문인데요. 구원의 확신과 받은 소명에 대해 말씀해 주세요. / 그럼 앞에 책자를 열어 질문지를 보시고 생각 정리가 되면 말씀 주세요. / 다음은 학교생활기록부 질문을 할 건데요. 교육학 시간에 피아제의 인지발달 이론을 이용하여 / 기독교교육학과를 지원하게 된 동기도 들어보고 싶네요. / 감사합니다. 수고하셨습니다."
한국외국어대학교,경제학부,"면접 시작하겠습니다. 고등학교 2학년 동아리 시간에 swot 전략을 활용하여 자동차 기업 분석 활동을 / swot(스왓이라고 말씀하심)가 정확히 무엇의 약자인가요? / 스왓이 swot인 건 알고 계시죠? (처음에 swot 전략 설명은 잘했는데 스왓이 뭐의 약자냐고 물으니까 / 2학년 자율활동 시간에 서브프라임 모기지 사태를 조사하였는데 이에 대해 자세히 설명해 주세요. / GDP와 삶의 질 사이의 관계를 용돈과 삶의 만족도 사이의 관계로 탐구해 보았던데 어떤 식으로 / 그럼, GDP를 직접 찾아본 건 아니네요? / 3학년 미적분 시간에 한계효용과 한계비용에 관해 탐구하였는데 이에 대해 설명해 주세요."
한국외국어대학교,미디어커뮤니케이션학부,어려운 책을 많이 읽으셨네요.‘감정 자본주의’와 ‘불안 세대’를 비교 분석해서 설명해 줄 수 / 자극적인 콘텐츠에 관해 이야기했는데 어쨌든 사용자가 직접 선택해서 보는 거고 그런 감정을 원하는 / (기억이 잘 안 나지만 2-3개 정도 처음 내용 관련 꼬리 질문을 던짐) 자본주의에서 어떻게 감정을 / 소비자 책임에 대해 작성되어 있네요. 소비자 책임이라는 건 환경을 위해 소비를 줄이자는 내용이죠? / 봉사 시간이 방송부 활동을 해서 많은 건 알겠고 자기 주도 봉사에서 취약 계층의 접근성과 정보 / 그럼 사회적 소수자는 우리가 꼭 도와주어야 하는 대상인가요? / 미디어 전문가가 되고 싶다고 했는데 너무 포괄적인 거 아닌가요? 시간이 없으니 간단히 답해주세요.
한국외국어대학교,정치외교학과,"3학년 동아리에서 이라크, 르완다의 국가안보에 대한 보고서를 썼는데 설명해 줄 수 있나요? / 다음 질문으로 넘어갈게요. 3학년 진로활동 시간에 좀 색달랐던 활동이 있었어요. 스포츠 공공외교에 / 진로활동 시간에 미국의 보호무역정책이 한국에 미치는 영향에 대해서 탐구했네요? 설명해 줄 수 / 다른 과목들은 다 성적이 월등히 높은데, 수학만 1학년 - 등급, 이후 총 등급이네요? 수학 성적이 / 출결 상황을 보니 미인정 지각이 1개 있네요. 왜 그랬는지 한 번 변명해 봐요. / 과목 수강한 걸 보니 정치와 법, 국제 정치를 다 수강했네요. 정치와 법 과목에서 배운 내용 중에 / 꼬리 질문) 국제 정치에서는요? / 꼬리 질문) 현실주의와 이상주의 중 어떤 게 더 좋은 것 같아요? / 꼬리 질문) 근데 이상주의가 없으면 너무 삭막하지 않겠어요? (여기서 교수님 좀 많이 미소 지어주심)"
한양대학교,교육공학과,"안녕하세요. 교육공학과에 지원해 주셨는데, 향후 학업 계획/진로가 구체적으로 어떻게 됩니까? / 음 네. 그럼, 우리 교육공학과에 들어와서 가장 이수하고 싶은 과목이 있으면 말해주십쇼. / 네. 그렇다면 본인이 교육 관련 탐구를 많이 해왔는데, 그거 말고 교육 분야와 아예 관련 없는 / 교육공학은 아시다시피 융합적인 학문인데, 앞서 말씀해 주신 사례를 교육/교육공학과 어떻게 연결할 / 네, 2학년 때 수학Ⅱ 시간에 평균변화율을 통한 진로 연계 교육 필요성 탐구활동을 했는데 이 / 네, 시간이 거의 다 되어서 마지막 하고 싶은 말 있으면 해주세요. / 네 수고하셨습니다."
국립한밭대학교,건설환경공학과,"자기소개 먼저 해 주세요. / 그럼 다음으로 공통 질문 해볼까요? 우리 학과에서 배우고 싶은 거, 그리고 졸업 후 하고 싶은 일 말 / 그렇군요. (학생부를 보시며) 아까 자기소개 할 때 개근 언급하셨는데 진짜로 결석 하나 없이 깨끗하 / 오.. 대단한데요? 지금 보니까 성적도 계속 오르는 추세예요. 비결이 있나요? / 지금까지 보니까 학생은 엄청 성실한 성격이고, 성적도 준수하게 잘 나오는 편인 거 같은데, 그럼 반 / 그럼 다음으로 모든 직업에는 장단점이 있죠? 토목공학 분야 직업의 단점 말해주세요. / 그럼 학생이 토목 분야로 진출하면 이런 단점을 어떻게 극복할 수 있을까요? / 마지막으로 할 말 있으면 하시고 마무리하겠습니다."
국립한밭대학교,건설환경공학과,"자기소개를 해보세요. / 수학 과학 분야에 크게 강점이 보이지 않는데 어떻게 생각하나요? / 가장 인상 깊었던 구조물, 건축물이 무엇인가요? / 학교 생활에서 가장 기억에 남았던 추억이 뭔가요? / 국립한밭대학교에 진학해서 추후의 진로 계획을 말해보세요. / 마지막 하고 싶은 말"
국립한밭대학교,건설환경공학과,"네 자리에 앉아주세요. 너무 긴장하지 마세요. / 자기소개 해주세요. / 아. 네. 환경공학과에서 배우고 싶은 것과 졸업 후 하고 싶은 걸 말해주세요. / 네, 이 질문은 준비하셨죠? 이제 준비 안 한 것도 물어볼게요. 혹시 지각, 결석이 많은데 이유가 있나 / 그러니까요. 딱 3학년에 개근이 있더라고요. ㅎㅎ 그럼 대학 생활에서 중요하다고 생각하는 것은 무 / 아 학업 얘기는 안 나오네요?ㅎㅎ / 네, ㅎㅎ 봉사활동 중에 사랑의 오누이 멘토링 활동을 했다고 쓰여 있는데 이건 학교에서 지원해서 / 멘토링 활동에서 무얼 했나요? / 아 힘들진 않으셨나요? / 그럼 뭐 더 준비했는데 못한, 하고 싶은 말 있나요? / 그럼 마지막으로 하고 싶은 말 있나요? 준비하셨을 것 같은데 / 아 준비한 거 말고 준비 안 한 것도 말해주세요."
국립한밭대학교,건설환경공학과,"안녕하세요. 일단 우리 한밭대학교 건설환경공학과에 지원하게 된 부분 정말 감사하게 생각하고 있습 / 네 좋습니다. 그렇다면 이제 생활기록부 관련해서 물어볼 점이 있습니다. 3학년 때 창의적 체험활동 / 네 좋습니다. 다음 질문입니다. 보니까 2학년 때 동아리 활동에서 플로깅을 하셨던데요. 플로깅 어땠 / 네, 그럼 플로깅을 하면서 가장 인상 깊었던 순간이 있다면 말해줄 수 있을까요? / 네, 다음 질문입니다. 우리 학과에 들어오고 나서 어떤 식으로 진로를 발전시킬지 생각해 보셨나요? / 네, 다음 질문입니다. 자신의 장점이 무엇인지 말해주세요. / 네, 수고하셨습니다. 나가셔도 좋아요."
국립한밭대학교,건축공학과,"자기소개와 공통 질문 답변해 주세요 / 자세히 답변을 해주셨는데 공통 질문까지 답변해 주신 건가요? / 알겠습니다. 다른 학교 중에 이곳을 지원한 이유가 있을까요? / 교수진분들이 인상 깊다고 하셨는데 기억에 남는 교수님 있을까요? / 건축에 관심이 많은 것 같은데 롤 모델이 있을까요? 또 어떤 부분이 인상 깊어 선정했을까요? / 네, 수고하셨습니다. 퇴장해 주세요."
국립한밭대학교,건축설비시스템공학과,"안녕하세요. 오는 길에 문제없이 오셨나요? / 그러면 우선 자기소개 먼저 부탁드립니다. / 그러면 우리 학과에 지원하신 동기와 배우고 싶은 것은 어떻게 되시나요? / 우리 과를 비롯한 공학과는 수학이 중요한데 수학 성적이 낮네요, 혹시 어떤 어려움이 있었는지 그 / 그러면 혹시 평소 공부할 때 철학 같은 게 있나요? / 마지막으로 하고 싶은 말은?"
국립한밭대학교,건축설비시스템공학과,"(자리에 앉은 후) 혹시 긴장 많이 하셨나요? / 긴장 푸세요. (웃으며) 준비를 많이 하신 것 같은데 본인의 장점은 무엇이라고 생각하나요? / 그럼 단점은 무엇이라고 생각하나요? / 네 천천히 생각해 주세요 / 그럼 준비를 많이 하신 것 같아서 이 질문을 기다리셨을 텐데 공통 질문 한번 들어볼까요? 지원한 / 그럼, 진로를 설정하는 데 있어 1, 2학년 때에 탐구를 주로 하고 3학년 때 결정하는 경우가 많은데 / 아. 그럼, 왜 건축 분야에 관심이 있으셨나요? 혹시 주변의 영향이 있었나요? / 생활기록부를 보니 1학년 때는 성적이 어느 정도 나오다 2학년 때 성적이 낮아졌는데 어떤 이유가 / 그럼 학업이라는 것이 점점 어려워질텐데 어떻게 공부하실 생각인가요? 계획한 것이 있다면 알려주 / 오 엄청 계획적인 것 같은데요. 평소에도 계획적이신가요? / 그럼요. 천천히 편하게 생각해 보세요 / 그렇군요. 생활기록부를 보니 상당히 다양한 활동을 하신 것 같은데 이중 다 성공하셨다면 어쩔 수 / 혹시 마림바가 어떤 악기인가요? 쉽게 배울 수 있는 악기인가요? / 그럼 학업을 위한 활동도 있나요? / 그렇군요. 그럼, 마지막으로 하고 싶은 말은 무엇인가요?"
국립한밭대학교,건축학과(5년제),"네 들어오세요. 자리에 앉으세요. / 안녕하세요, 점심 식사했어요? / 빨리 면접 끝내고 밥 먹으러 가야겠네. 너무 긴장하지 말고 편하게 하세요. 몸 좀 풀고. / 미리 홈페이지에 공지한 공통 질문 먼저 읽어 드릴 테니까 답변해 주세요. 한밭대학교 건축학과를 / (기억 안 남. 군데군데 절어서 망했다는 생각이 지배해버림) / 한밭대학교를 왜 와야 하는지에 대한 설명은 잘 들었는데, 왜 건축학과인지는 잘 모르겠어요. 건축학 / 없으면 없다고 해도 됩니다. / 건축학과 다니다 보면 성실함이 중요한데 미인정이 많네요? / 학교 수업 때 발표 같은 것에서 AI를 활용한 적이 있나요? / AI 이름 말해도 괜찮아요. / 학생의 프롬프팅이 부족했던 것 아닌가요? / 다른 AI랑 섞어서 활용할 수 있는 것 아닌가요? / 추후 건축에서 AI를 활용한다면 어떻게 활용을 해야 할까요? / “미래건축은 목조건물이 될 거다”라고 했는데. (기억 안 남) / 네. 마지막으로 하고 싶은 말 있으면 해주세요."
국립한밭대학교,경제학과,면접 시작하겠습니다. 공통 질문부터 할게요. 이 학과에서 배우고 싶은 것과 졸업 후에 하고 싶은 일은 / 경제학은 비합리적 선택보다 합리적 선택에 대해서 더 많이 배우는데 어떻게 하실 건가요? / 졸업 후에 하고 싶은 일과 배우고 싶은 게 왜 다르시나요? / 비합리적 판단에 대해 예시를 든다면 어떤 것이 있나요? / 수학은 잘하시나요? / 수학 중 가장 좋아하는 부분이 어디인가요? / 인정 결석이지만 병 결석이 많은데 그 이유는 무엇인가요? / 계속 성적이 상승곡선이다가 갑자기 3학년 때 성적이 떨어졌는데 왜 그런가요? / 철학에도 관심이 있다고 되어 있는데 철학에 관심을 가진 이유는 무엇인가요? / 좋아하는 철학가는 누구인가요? / 팀 프로젝트에서 중요하게 생각하는 것은 무엇인가요? / 그럼 팀원끼리 의견이 안 맞았을 때는 어떻게 해결하였나요? / 제일 흥미가 있었던 경제 이슈가 무엇인가요? / 물가가 왜 상승했는지 아시나요?
국립한밭대학교,경제학과,"네, 안녕하세요. 긴장되시죠? 괜찮습니다. 편하게 답변해 주세요. 우리 학교 공통 질문 아시죠? 자기소 / 네, 멋진 포부를 가졌네요. 일단 우리 학교를 선택한 이유가 궁금합니다. 우리 학교를 선택한 이유가 / 네, 3학년 활동을 보면 청소년 고카페인 캠페인 활동을 했었네요. 활동에 대해 설명해 주시겠어요? / 기사의 통계자료를 어떻게 활용하였나요? 컴퓨터 프로그램을 이용했는지 아니면 해석을 한 건지? / 네. 그렇군요. 그리고 혹시 학교생활을 하며 어려웠던 일이 있을까요? / 어려운 내용을 탐구하였네요. 혹시 논문은 어떻게 찾았나요? 누군가 추천해 준 건가요? 아니면 본 / 네 답변 감사합니다. 그리고 학생부를 보면 경제학과뿐만 아니라 정치 외교 쪽으로도 관심이 있는 / 편하게 말씀해 주시면 됩니다. 경제가 더 우리 일상과 밀접하게 연결되어 있고 재미가 있었나요? / 네, 그럼 다음 질문드리겠습니다. 가장 잘한 과목에 관해 설명해 주세요. / 그런데 혹시 만약 처음부터 2개를 살 거였으면 1+1과 50% 할인 중 어느 것을 선택해야 하나요? / 네, 유연한 답변이네요. 이제 그럼 자신의 장단점에 대해 말해 주세요. / 그 단점을 어떻게 극복했나요? / 네. 그럼, 이제 시간이 다 되어서 마지막 질문하겠습니다. 마지막으로 하고 싶은 말이 뭔가요? / 어.. 혹시 과외도 알바로 쳐주나요? / 네. 저는 대학생 때 한 과외가 생각이 나는데요. 과외 중 친하게 지내던 학생이 있었는데 그 학생 / 어.. 네. 저는 무슨 특정 직업을 집어서 말할 수는 없지만 사람을 만나는 서비스직을 추천합니다. / 네. 수고하셨습니다."
국립한밭대학교,경제학과,"예 지원해 주셔서 감사하고요. 지원 동기와 한밭대에 들어오게 된다면 어떤 부분을 배우고 싶은지, / 금융은 왜 배우고 싶어요? / 거시경제에 어떻게 영향을 끼치는지 설명해 보세요. / 금융이 거시경제에 왜 영향을 끼치는지 설명해 보시라고. / 고등학교 생활을 하면서 경제 관련 활동을 하며 기억에 남는 활동이 있나요? / 근데 학생 학생부를 보니까 미인정 지각이 잦네요? 이유가 있나요? / 2, 3학년 때도 있는데? / 학생부 보니까 2학년에도 경제동아리에서 활동하셨던데 기억에 남는 활동 있으신가요? / 무상증자가 뭔데요? / 맨큐의 경제학을 읽었네요? 다 읽었어요? / 한 번 설명해 보세요. / 학교 생활하면서 힘들었던 경험이 있나요? / 그럼 대학에 와서도 경제학과에 진학하게 된다면 수학을 계속해서 공부를 해야 할 텐데 이것에 대 / 어. 마지막으로 우리가 학생을 뽑아야 하는 이유 말씀해 보세요. / 네. 고생하셨습니다."
국립한밭대학교,공공행정학과,"안녕하세요. / (면접 유의 사항 말씀하심.) / 오는 길에 힘들지는 않았나요? / 그러면 긴장하지 말고, 자기소개 1분에서 2분 정도 해 보세요. / 네 알겠습니다. 다음은 공통 질문드릴게요. 학교에 들어와서 배우고 싶은 게 뭔지, 그리고 최종적 / 학생부를 보니까 과학에 관심이 많았던 것 같은데 과학을 행정에 적용할 수 있을 것 같아요? (웅얼 / 그럼, 바로봇을 행정 시스템에 도입하여 좋은 점이 무엇이었나요? / 그럼 그러한 바로봇이 행정 업무를 처리할 때 실수한다면 그건 누구 책임이죠? / 음. 그럼, 만약에 의료 산업에서 또 로봇이 도입되었을 때 실수한다면 그건 누구 책임인가요? 그것 / 로봇을 프로그래밍하는 건 의사가 아니긴 한데 (웅얼웅얼) 뭐 그런 건 학교 와서 배우면 되는 거니 / 학생부를 보니까 1학년 때 성적에 비해 2, 3학년 때 성적이 꾸준히 오른 것 같은데. 다른 친구들보 / 친구와 싸웠던 경험이나 갈등 경험, 이야기해 보시겠어요? / 그럼 학교 들어와서 가장 기대되는 법 과목이 뭔지 얘기해 볼 수 있어요? / 아. 그중의 하나만 고른다면?! / 그럼, 지금 현 상황에서 가장 큰 문제가 뭐고 그를 행정으로 어떻게 해결할 수 있을까요? / 시간 관계상 여기까지 하고 마지막으로 하고 싶은 말 있어요?"
국립한밭대학교,공공행정학과,"공통 주제에 대해 답변해 주세요 / 질병 결석, 조퇴가 잦은데 이유가 있나요? / 고등학생 생활할 때 이미 질병 결석, 지각이 잦은데 대학 때는 개선할 수 있나요? / 1학년 때 성적이 많이 낮았다가 3학년 때에는 높아졌는데 어떠한 계기가 있나요? / 현재 사회의 가장 큰 문제점이 있다면 어떠한 것이 있을까요? / 이를 완화하기 위한 어떠한 해결책이나 개선점을 말해보세요. / 마지막으로 하고 싶은 말 있나요? / 마지막으로 하나 더 공공기관에서 일하고 싶다고 하셨는데 공무원 시험의 계획이 있으신가요?"
국립한밭대학교,공공행정학과,"안녕하세요. 한밭대에 지원해 주셔서 감사합니다. 면접 실시할 때 이름, 학교, 출신 등을 언급할 시 / 한밭대 공공행정학과가 다른 학교의 행정학과와 무슨 차별점이 있다고 생각하나요? / 학교와 학과에 대해 많이 알고 있군요. (웃음) / 동아리 활동에서 청소년 문화 예술 관람 지원 사업에 대해 정책을 제안 활동을 했는데 어떤 활동이 / 학생들의 선호를 어떻게 확인할 수 있을까요? / ‘아트키움’이라는 사업은 어디서 주최하는 건가요? / 요즘 사회 문제는 무엇이라고 생각하나요? / 해결하는 방안은 무엇이 있을까요? / 운전면허 반납 권장 나이를 조정하게 된다면 인권 문제를 일으킬 수 있지 않을까요? / 답변 잘했어요. (웃음) / 학생회 활동에서 가장 기억에 남는 활동은 무엇인지? / 좋아하는 과목은 무엇이고 이유는 뭔가요? / 생각나는 영어 문장 말해볼 수 있나요? / 네, 편하게 답변해 주세요. / 무엇이든 자신감 있게 하는 게 좋죠. (웃음) / 1학년 때 국어 성적이 낮은데, 낮았던 이유는 무엇인가요? / 성적이 상승곡선이네요. 성적을 올릴 수 있던 비결은 무엇인가요? / 2학년 때 소속했던 리베르떼 동아리 이름 뜻은 무엇인가요? / 취미는 무엇인가요? / 지금 읽고 있는 책 중 기억에 남는 책 있나요? / 그렇군요. 면접 시간이 거의 끝나가는데 마지막으로 하고 싶은 말 있나요? / 정치와 관련된 도서는 안 읽어도 됩니다. (웃음) 법과 관련된 도서 읽으면 도움이 될 것 같아요."
국립한밭대학교,공공행정학과,"자리에 바로 앉으시면 됩니다. (안내 사항, 가번호 확인 설명) 준비해 온 공통 주제 바로 말하면 됩니 / 네. / 우리 학교가 다른 학교랑 다른 점, 특별한 것이 무엇일까요? / 그럼 3학년 동안 배운 것 중에 좋아하는 과목이 있을까요? / 동아리 활동에서 가장 기억에 남는 활동을 말해보세요. / 라포. 라포의 뜻이 무엇입니까? / 음, 그렇군요. 우리 학교에 와서 배우고 싶은 과목에 대해 말해 주세요. / 구체적으로 말해줄래요? / 한국 사회에서 가장 큰 문제라고 생각하는 것에 대해 말해 주세요. / 어떻게 해결할 수 있을지 좀더 구체적으로 말해줄래요? / 좋은 생각이네요. 마지막으로 미흡하거나 보완할 것, 마지막 하고 싶은 말이 있으면 해보세요."
국립한밭대학교,공공행정학과,"네. 여기까지 오느라 수고하셨습니다. 오는 길이 힘들진 않으셨나요? / 먼저 자기소개 1~2분 동안 해 주세요. / 네. 공통 질문에 대한 답변 3분 정도 해 주세요. / 학교생활 중 갈등이 발생했을 때 어떻게 극복하였나요? / (공무원 시험에 대해서도 이야기 했음) 시험 준비를 하고 있나요? / 계리직 공무원이면 이미 생각하고 있는 분야가 있는 것 같은데 어쩌다 그런 직을 희망하게 되었는지? / 지금 문제가 되는 현안과 대안에 대해서도 말해보세요. / 자율주행 자동차에 대해 어떻게 생각하는지 말해보세요. / 그럼 그러한 문제를 해결하기 위해 행정, 법 쪽으로 어떤 대책이 필요할까요? / 마지막으로 자신의 장단점에 대해 말해주세요."
국립한밭대학교,도시공학과,"안녕하세요. 먼저 저의 국립한밭대학교에 지원해 주셔서 감사의 말씀 드리겠습니다. / 우리 학교에는 언제쯤 도착하셨을까요? / 아. 그렇군요? (두 분 다 서로 웃으심) 자 그럼, 이제 본격적으로 질문드리겠습니다. 먼저 자기소개부 / 아 그렇군요. 방금 말씀하신 답변이랑 겹치는 부분이 조금 있긴 한데 공통 주제에 대해서 말을 안 / 졸업 후 하고 싶은 일에 대해서는 답변을 아. 간략하게 정리하여서 말씀하셨군요? 죄송합니다. 도시 / 성적에 관한 이야기도 안 해볼 수 없는데 다른 과목들보다 수학 과목 성적이 낮은 이유가 있을까요? / 혹시 양치기가 무엇인가요? / (웃으시면서) 아. 그렇군요. / 성적을 전반적으로 보니까 사회과목은 또 성적이 높은 것 같은 데, 이에 대한 이유가 있나요? / 하하 그렇군요~ / (다른 면접관이 이어서 이야기하심) 제가 쭉 학생부를 살펴보니까 1학년 땐 조경, 디자인 쪽에 관심 / RFID 기술이 무엇인지 자세히 설명해 주실 수 있나요? / 학생부에 보면 RFID 기술을 도시 재개발을 위해 사용했다고 하는 데 어떻게 활용하였나요? / 사회문제 탐구 시간에는 독립변수와 종속변수를 활용하여 도시와 농촌의 생활환경 차이가 삶의 질과 / 네 그럼요~ / 어후. 잘 맞게 대답하셨어요~ 더 물어보고 싶은 게 있는데 조금 어려운 질문일 것 같아요. ○○을 독 / 아니에요. 질문이 너무 구체적이고 어려웠죠? (이후 면접관분들께서 서로 대화하시는 내용) / 혹시 저희 시간이 얼마나 남았죠? / 1분 정도 남은 것 같습니다. / 시간이 금방 지나갔네요. 저희에게 더하고 싶은 말 있으실까요? 조금 더 어필하고 싶다던 부분이나 / (웃으시면서) 네 그럼요~ / 허허 제가 생각하는 이상적인 도시는요. 이거에 대해서 할 이야기가 정말 많은데, 답변해 주고 싶지 / (다른 면접관 분) 우리 대학교에 와서 다시 뵙게 되면 좋겠네요. (그땐 꼭 답변해 주겠다고 이런 식으"
국립한밭대학교,도시공학과,"자기소개 해보세요. / (공통 질문) 졸업 후 계획과 학업 계획은 뭔가요? / 그렇죠, 아직은 도시공학에 대해 깊게 알기는 힘들죠. 가장 기억에 남는 활동이 뭔가요? / ‘바칼로레아 주제 탐구 토론회’에서 어떤 활동을 했나요? / 출결이 안 좋은데 이유가 있나요? / (웃으심) 솔직해서 좋네요. / 수학 성적은 좋은데 영어 성적은 왜 안 좋나요? / 수학 과목 중 확률과 통계, 미적분 중에서 확률과 통계 성적이 높은데 이유가 있나요? / 다른 이유는 없어요? / 리더십을 발휘한 활동이 있나요? / 시간이 다 되었네요. 마지막으로 하고 싶은 말 해 주세요."
국립한밭대학교,도시공학과,"면접 오시느라 고생하셨어요. 학교 올 때 어떻게 오셨나요? / 그럼 돌아갈 때는 혼자 가야 하겠군요. (웃음) / 좋습니다. 그럼, 자기소개 부탁드리겠습니다. / 아, 끝인가요? / 천천히 심호흡하고 말씀해 주셔도 됩니다. 필요하시면 앞에 물 가져가서 드셔도 돼요. / 알겠습니다. 내용이 좀 겹치기는 하는데 저희가 공통 질문을 안 할 수가 없어서요. 지원한 학과에서 / 끝인가요? / 알겠습니다. (다른 분께서 질문) 전체적으로 성적이 3학년 때 소폭 상승하는 모습을 보였는데 어떤 / 네 알겠습니다. 지리 쪽에 관심이 많아 보이시던데 왜 지리학과 말고 우리 학과를 선택했나요? / 좋습니다. (다른 분께서 질문) 혹시 리더십과 관련한 일화가 있나요? / 알겠습니다. 혹시 맡은 역할이 무엇이었나요? / 보컬까지 맡다니 멋지군요. (웃음) 혹시 협동심과 관련한 일화도 있나요? / 알겠습니다. 벌써 시간이 이렇게 되었군요. 오늘 면접 고생 많으셨어요. 마지막으로 하실 말씀 있으 / 수고 많으셨습니다. 나가보셔도 됩니다."
국립한밭대학교,빅데이터헬스케어융합학과,"편하게 앉으세요. 아침 먹었나요? 많이 떨려요? / 괜찮아요. 면접 들어온 응시자들 다 긴장하고 왔어요. 학생만 긴장하는 거 아니니까 마음 편히 가지 / 우선 편하게 자기소개해 주세요. / 네, 알겠습니다. 그럼, 이제 학생부 내용에 관해서 질문드리겠습니다. (질문받았는데 너무 긴장해서인 / 네, 알겠습니다. 그럼 다른 내용으로 질문드리겠습니다. 조원들과 사업 프로그램 계획 짜기 활동을 / 우리 학과가 알다시피 신설 학과잖아요? 혹시 이 학과에 대해 아는 게 있나요? 학생에겐 어떤 학과 / 우리 학과는 ~ (학과 설명, 뭐 하는지) 를 하는 학교입니다. (이런 내용을 설명하시면서 계속 질문을 / 마지막으로 하고 싶은 말씀 해 주시기 바랍니다. / 네, 수고하셨습니다. 저쪽 문으로 나가주시면 됩니다."
국립한밭대학교,빅데이터헬스케어융합학과,많이 떨리죠. 잠은 잘 잤어요? 밥은 먹었어요? / 공통 질문 뭔지 아시죠? 말해 주세요. / 건강부에서 기억에 남는 활동이 있나요?
국립한밭대학교,산업경영공학과,공통 질문부터 물어보겠습니다. 지원한 학과에서 배우고 싶은 것과 졸업 후 하고 싶은 일을 설명해 / 단기적으로 관련 기업에서 취업하고 싶다고 하셨는데 구체적으로 말씀해 주실 수 있나요? / 졸업 후에는 바로 취업하고 싶은 건가요? / 창업이 쉽지 않을 텐데 결심하게 된 계기가 있나요?
국립한밭대학교,시각·영상디자인학과,"오늘 날씨도 추운데 오는 갈 수고 많았어요. 그럼, 자기소개부터 해 보세요. / 공통 질문에 대해 말해 보세요. / 프로덕션 그래픽 디자이너를 꿈꾼다고 하였는데 왜 그래픽 디자인 쪽을 배우고 싶나요? / 그럼, 학생부 관련해서 물어볼게요. 학생부를 보면 성적이 잘 관리된 편인데 수학 성적이 낮네요? 과 / 그렇다면 대학교에 와서 수학처럼 흥미 없는 과목이 있으면 어떻게 하실 건가요? / UI, UX 개념에 대해 설명해 보세요. / 학교 생활 중에 가장 인상 깊었던 활동 소개해 주세요. / 이 활동 중에 힘들었던 점은 무엇이었고 어떻게 극복하였나요? / 시간이 되게 빨리 가죠. 마지막으로 하고 싶은 말해 보세요. / 수고하셨습니다."
국립한밭대학교,신소재공학과,"신소재학과에 들어와서 배우고 싶은 것은 무엇인가요? / 졸업 후 하고 싶은 일은 뭔가요? / 학생부에 SDGs 포럼에서 에너지의 친환경적 생산과 소비를 목표로 에너지 타운, 그린스마트 시티 등을 / 이 활동에서 맡은 역할은 무엇인가요? / 주로 모둠활동을 할 때 무슨 역할을 맡나요? / 이유가 뭔가요? / 만약 모둠원이 할 일을 하지 않으면 어떻게 하는 편인가요? / 학생부를 보니 주로 환경과 관련된 신소재에 대해 적었는데요. 최근 환경과 관련된 신소재는 무엇인 / PLA가 아직 완전한 친환경이 아닌 거 아시죠? ~ (PLA에 대한 설명 후 ~ ) 이건 대학 와서 더 자세히 / 그럼, 가장 좋아하는 과목은 무엇인가요? / 어? 의외네요 그럼 문학이나 비문학 중에 무엇이 좋나요? / 그럼 좋아하시는 소설 제목과 간단한 줄거리 소개해 주세요. / 무슨 시인가요? / (웃으시면서) 저도 그 시 알아요. 동아리 활동에서 가장 기억에 남는 활동은 무엇인가요? / 마지막으로 하고 싶은 말 있습니까?"
국립한밭대학교,신소재공학과,"우리 공통 질문 먼저 할 건데 학교에 와서 배우고 싶은 것과 졸업 후에 뭐 할지를 말해주면 돼요. / 끝났나요? 그럼 어떤 분야의 반도체 쪽을 생각하고 있나요? / 디스플레이긴 해도 종류가 많잖아요. / 음. 삼성에 들어가려면 공부 진짜 열심히 해야 할 텐데, 그럼, 혹시 관심 있는 과목은 어떤 과목이 / 공학 분야를 들어오는데 수학이나, 과학이 아니라요? / 그럼 수학을 좀 했다고 하는 데 간단 한 미적분 문제 좀 낼깨요. (대충 1/x 미분, 적분, sinx^2 미분 / 이제 시간이 좀 된 것 같은데 이걸 물어봤으면 내가 대답을 진짜 잘할 수 있다고 이런 거 있나요? / 오. 대답해 보세요 / 예. 잘 들었습니다. 그럼, 마지막으로 포부 한 번만 말씀해 주세요. / (웃으심) 아니, 안 뽑아 주면 열심히 안 할 거예요? / 네 수고 많았어요."
국립한밭대학교,영어영문학과,"안녕하세요. 착석해 주세요. (이때 착석한다) 오시느라 힘드시진 않으셨나요? / 그러면 지금부터 면접을 시작하겠습니다. 자기소개부터 해주세요. / 지원한 학과에서 배우고 싶은 것과 졸업 후 하고 싶은 것을 설명해 주세요. (공통 주제, 변동될 수 / 학교에서 오디오북 메이킹이라는 활동을 진행했는데, 무슨 활동인지 설명해 주세요. / 지금 보면 학생은 19세기 영미문학을 잘 아시는 것 같은데, 어떻게 관심을 가지시게 되었는지 계기를 / 학생의 생활기록부를 보면 방송이나 영상 쪽 분야에 관심이 많으신데, 다른 학과에 합격해도 이곳을 / 마지막으로 하시고 싶은 말씀이 있으면 해 주세요. / 네, 수고하셨습니다. 나가셔도 좋습니다."
국립한밭대학교,영어영문학과,"추운 날에 면접 보러 오느라 고생 많았어요. 바로 사전에 안내한 공통 질문 답변해주시면 됩니다. / 그렇군요. 주어진 시간인 5분보다는 짧게 준비했네요? (5분 내외로 공통 질문 답변을 해야 했음.) / 혹시 TOEIC을 자세히 조사한 적이 있나요? 어떤 종류의 TOEIC이 있다거나, 아니면 몇 점 만점인지 / 그렇군요. 다음 질문하겠습니다. 동아리 활동 중에 가장 인상 깊었던 활동이나, 학생 본인이 직접 주 / 그럼, 수정하면서 가장 기억에 남는 문장이나 단어 있다면 무엇인가요? / 영자 신문 동아리 말씀하셨는데 우리 학교에도 영자 신문이 있다는 것을 알고 계시나요? 찾아본 적 / 그렇군요. 그렇다면 혹시 원서로 된 책을 읽어본 경험이 있나요? / 해리포터 전 집을 다 읽으신 건가요? / [열네 번째 금붕어]라는 책은 어떤 책인가요? / 해리포터 중에 가장 기억에 남는 장면이나 문장 있나요? 읽으면서 어려웠던 문장을 말씀해 주셔도 / 아, 전후 맥락이나 문맥을 파악하는 데에 어려움이 있었다는 뜻이지요? / 알겠습니다, 다른 질문드릴게요. 영어 성적에 비해 수학 성적이 낮은데 그 이유는 무엇입니까? / 1학년 생활기록부는 교사에 관한 것인데 왜 번역으로 바뀌셨는지 설명해 주실래요? / 그렇군요. 질병 조퇴가 잦은데 왜 그런지 설명해 주실 수 있나요? / 네, 그렇군요. 학교에 다니면서 가장 기억에 남았던 활동이나 경험 있나요? / 네, 마지막으로 하고 싶은 말 있으면 해주세요. / (다른 면접관에게) 추가 질문 있으십니까? (다른 면접관이 없다고 함.) 네, 수고하셨습니다."
국립한밭대학교,우주국방첨단융합학과,면접 오느라 수고 했고 공통 질문 답해야 해요. / 우리 학과의 지원 동기 미래에 하고 싶은 일 말해 주세요. / 자기소개 중에 미사일에 관심이 있다고 했는데 군대도 그쪽으로 갈 생각이 있나요? / 이 학과와 관련된 활동을 한 적이 있나요? / 학교생활을 하면서 뿌듯함을 느낀 적이 있나요? / 친구랑 다툼이 있을 떄는 어떻게 해결하나요? / 자신만의 강점이 있을까요? / 동아리를 만든다면 활동해 보고 싶은 것에 관해 이야기해 주세요. / 마지막으로 하고 싶은 말 있으면 해 보세요. / 면접 마치겠습니다. 수고하셨습니다.
국립한밭대학교,우주국방첨단융합학과,"안녕하세요. / 바로 질문부터 하겠습니다, 지원한 학과에서 배우고 싶은 것과 졸업 후 하고 싶은 일을 설명하세요. / 동아리에서 천체 관측을 하였다고 하였는데 어떤 일을 하였고 어떤 점이 흥미로웠나요? / 신생과여서 그런데 만약 동아리를 하신다면 무엇을 하실 건가요? / 만약 동아리를 할 때 동아리에서 싸움이 일어나면 어떻게 해결하실 겁니까?"
국립한밭대학교,융합경영학과,"어서 와서 앉으세요. 점심은 먹었어요? / 어, 왜요? / 네, 면접 시간은 총 15분 정도 소요될 예정이고요. 지금부터 면접 시작하겠습니다. / 먼저 우리 학과에 지원하게 된 동기나, 입학 후 배우고 싶은 과목이 있다면 말씀해 주세요. / 네, 그럼 다음 질문입니다. 동아리 활동이나 자율 활동 중 가장 기억에 남는 활동은 무엇인가요? / 그럼 질문 하나만 더 할게요. 기업과 주식은 어떤 관계가 있다고 생각하나요? / (자세를 고쳐 앉으며) 주식은 기업의 가치와 연결되어 있어요. 지금 말한 내용은 맞습니다. 그럼, 개 / (웃으며) 그런 개념들은 우리 학과에 들어오면 충분히 배울 수 있어요. / 다음 질문입니다. 수학 성적이 다른 과목에 비해 낮은데, 그렇다면 ‘이것만은 자신 있다’라고 말할 / 네. ㅎㅎ 그럼 학생부에 적힌 롤모델에 대해 질문할게요. 롤모델로 선정한 이유와 어떤 인물인지 설 / 다음 질문입니다. 학생부에 ‘창의적’이라는 표현이 많이 보이는데, 창의적인 아이디어를 제시했던 / 시간이 많지 않아서 마지막 질문입니다. 준비했던 것 중 질문이 나오지 않은 내용이나, 마지막으로 / 네, 면접 보느라 수고 많으셨습니다. 돌아가서 얼른 밥 드세요. ㅎㅎ"
국립한밭대학교 융합경영학과 학생부종합 지역인재전형(종합),ㄴ,"안녕하세요. 많이 긴장되시나요? / 먼저 공통 질문드리겠습니다. 왜 우리 학과를 지원했고 졸업 후에는 뭘 하고 싶은지 알려 주세요. / 마케터가 되고 싶다고 했는데 왜 융합경영학과를 지원했나요? / 1, 2학년 때 질병 지각이랑 조퇴가 있네요. 혹시 무슨 일이 있었나요? / 고등학교 때 3년 내내 반장 역할을 했는데 왜 반장을 3년 동안 했죠? / 반장 역할을 하면서 힘들었던 점이 있었나요? 있었다면 극복하기 위해 무엇을 했나요? / 마지막으로 이런 질문이 나올 거 같았다 하는 질문 있었나요? 있다면 그것에 대한 답변 부탁해요. / 네 수고하셨습니다. / 네 뭔가 아쉬운가요? / 네^^ 이제 긴장 푸셔도 됩니다."
국립한밭대학교,인공지능소프트웨어학과,공통 질문에 대해 안내 받으셨나요? / 그럼 자기소개부터 부탁드리겠습니다. / 다음으로 지원한 학과에서 무엇을 배우고 싶은지 말해 보세요. / 본인의 장점과 단점에 대해 말해 보세요. / 그럼 그 장단점에 관한 사례가 있으신가요. / 긴장하셔서 뭔가 어필하고 싶으셨거나 물어보고 싶은 내용 있었는데 말하지 못한 내용 있으시면 말
국립한밭대학교,일본어과,우리 학과에 지원동기와 입학 후 학업 계획은 어떻게 할 것인지와 졸업 후 나의 모습을 발표해 주세요. / 언어가 가진 구조적 매력에 흥미를 느끼셨다는데 어떤 점이 흥미로웠나요? / 일본어로 자기소개 할줄 아시나요? / 일본어 실력이 대단하네요. 마지막으로 하고 싶은 말이나 학생부에서 설명하고 싶은데 설명하지 못한
국립한밭대학교,일본어과,"학교 오는 길은 어땠나요? / 점심은 먹고 왔나요? / 1학년 때 미인정 결석이 있는데, 그 사유가 무엇인가요? / 일본어과에 진학해서 배우고 싶은 점과 졸업 후 진로에 대해 말해보세요. / 일본 관련 도서를 읽어 본 경험이 있나요? / 일본 문화와 한국 문화를 비교해 본다면 어떤 차이가 있다고 생각하나요? / 왜 한밭대학교를 지원하게 되었나요? / 본인의 장점과 단점은 무엇이라고 생각하나요? / 장점을 보여줄 수 있는 구체적인 사례가 있나요? / 영어 성적은 좋은 편인데 국어 성적이 상대적으로 낮은 이유가 무엇이라고 생각하나요? / 영어로 간단한 자기소개를 해볼 수 있나요? 이름은 말하지 말고요. / 마지막으로, 꼭 우리 학과에 선발되어야 하는 이유를 자유롭게 말해 보세요."
국립한밭대학교,전자공학과,"안녕하세요. 오~출결이 좋으시네요. / 자기소개와 공통 질문 말해주세요. / 학생부에 시간복잡도 O(2n), O(n), 재귀알고리즘 등 내용이 있는데 간단히 설명해 주실 수 있으신가 / GPU, TPU, NPU 각각의 특성을 간단히 설명해 주실래요? / 학생부는 컴퓨터 공학인데 전자공학과에 지원하신 이유? / 봉사 시간이 상대적으로 적은 것 같은데 이유는 무엇일까요? / 마지막으로 할 말 있으신가요? / 네 퇴실하셔도 좋습니다."
국립한밭대학교,전자공학과,안녕하세요. 자리에 앉아 주세요. / 안녕하세요. 공통 질문 지원한 학과에서 배우고 싶은 것과 졸업 후 하고 싶은 일을 설명해 주세요. / 전자공학과를 많이 조사하고 찾아본 거 같은데 관심이 있으신 거 맞나요? / 그다음 학생부 관련 질문 하겠습니다. 성적을 보면 수학이 다른 과목에 비해 좋아하셔서 그런지 높 / 네 알겠습니다. 다음 질문하겠습니다. 물리 성적은 다른 과목에 비해 좀 낮으신데 입학 하기 전에 계 / 그럼 물리는 다른 과목에 비해 좋아하시는 편인가요? / 다음 질문하겠습니다. 인공지능 기초 시간에 보시면 APL에 관해 탐구했다고 했는데 APL에 관해 설 / 더 자세하게는 모르시나요? / 봉사를 보시면 딥러닝과 머신러닝에 한 내용이 들어 있는데 뭔 관련이 있는지 설명 가능하신가요? / 마지막으로 할 말 있으신가요?
국립한밭대학교,전자공학과,"자기소개 요청 / 입학 후 하고 싶은 일 / 졸업 후 하고 싶은 일 / 과학 과목과 국어 과목 성적이 낮은데 이유가 무엇인가? / 앱 게임 개발이 진로인데 그거 관련하여 한 활동이 있나? / 아까 항상 이상하고 신기한 생각이 오간다고 했는데 이유가 무엇인가? / 좋아하는 분야가 OO인데 우리 학과로 변경한 이유가 뭐냐? / 가장 좋아하는 과목, 싫어하는 과목은 무엇인가? / 마지막으로 묻거나 하고 싶은 말은 무엇이 있나? / 그렇다."
국립한밭대학교,전자공학과,"공통 질문(이 학과에서 배우고 싶은 것과 졸업 후 계획)에 대해 말씀해 주세요. + 지원동기 / 학생부를 보니깐 반도체에 관심이 많은 거 같은데 어떻게 관심을 가지게 되었나요. / 반도체에 대해서 매우 잘 알고 있는 거 같은데 맞죠? (대답: 네 ㅎㅎ) 그러면 시스템반도체와 메모리 / 그럼, 아까 파운드리에 관심이 많다고도 했고, 학생부에도 있는데 파운드리 기업과 핍리스 기업에 대 / 스마트폰을 하드웨어와 소프트웨어로 나누어 설명했었다고 하는데 설명해 주실 수 있나요? / 오, 반도체에 아는 게 많은데 이런 건 학교에서 배운 거예요, 아니면 직접 찾아본 거예요? / 동아리 시간에 프로그래밍을 통해 팀원들과 주식 관련 프로그램을 만들었다 했는데 정확히 어떤 프 / 수업량 유연화에서 의료용 나노로봇 기술에 대해 탐구했다고 하는데 의료용 나노로봇에 대해 설명해 / 근데 이 주제를 선택한 이유가 있나요? 반도체 관련 탐구가 아니길래. / 물리2 화학2를 선택한 이유가 있나요? / 과학 쪽 성적이 몇 개 낮은 게 있는데 이건 어떻게 할 생각인가요. / 15분이 거의 다 지나서 여기까지 하겠습니다. 하고 싶은 말 있나요?"
국립한밭대학교,중국어과,"마지막 순번이면 많이 기다렸겠네요. 맨 앞에 친구는 너무 긴장해서 생수 줬었는데 친구는 더 오래 / 그래요? 다행이네. 그럼 시작할까요? 한밭대 공통 질문 보셨죠? 여기 와서 배우고 싶은 것과 졸업 후 / 확실히 중국 시장과 산업이 훨씬 크고 발전 가능성도 있죠. 제가 중국어과 교수라 하는 말은 아니에 / 오. 여기 보니까 1학년부터 매년 반장을 하셨네요. 근데 계속 1학기에만 하셨네요? 2학기에는 출마하 / 왜 1학기에만 출마했나요? / 오, 나 없이도 잘 돌아갈 테니까 굳이 내가 안 해도 되겠다고 느낀 거네요 멋있네요. (웃으시면서) 근데 / 아픈 것도 극복할 정도면 열정이 대단하네요. 근데 반장일 때 병 지각이 잦으면 반장 업무에 지장이 / 아파도 반장 업무는 져버리지 않는데 참 멋지네요. 자 그럼 중국어를 배우고 싶은 이유는 충분히 알 / 일본어를 그렇게 잘하게 된 비법이 알고 싶네요. (웃으며) 확실히 현지 교류라면 우리 대학교 지원하 / 열정이 대단하네요. 여기 계신 면접관님이 해당 프로그램 밀고 계신 분인데 질문하고 싶은 거 있으 / 좋은 질문이네요. 학년과 성적은 무관하게 갈 수 있지만, 전 2학년 끝나고 가는 걸 추천합니다. 이 / 마지막으로 하고 싶은 말 있어요? / 꼭 학교에서 볼 수 있으면 좋겠네요. 수고하셨어요."
국립한밭대학교,지능미디어공학과,"네 자리에 앉아 주세요. / 우선 우리 학과에 지원해 주셔서 감사합니다. 면접이 어떻게 진행되고 어떤 질문을 하는지 설명해 / 자 공통 질문으로 지원한 학과에서 배우고 싶은 것과 졸업 후 하고 싶은 일을 설명해 주세요. / 네 알겠습니다. 다음으로는 학생이 딥페이크와 관련해서 토론 활동을 진행했다고 나와 있는데 학 / 본인이 좋아하는 과목과 싫어하는 과목 말해주세요. / 수학은 어떤가요? / 학생이 독서 토론 활동을 열심히 하셨는데 개발자 오디세이아라는 책을 읽었어요. 맞죠? 책에 대해 / 3학년 동아리에서 한 활동 중 인상 깊은 활동 말 해주세요. / 평소 학생에 교우 관계는 어떤가요? / 그럼, 이제 마지막으로 하고 싶은 말해 주세요. / 고생 많았습니다."
국립한밭대학교,지능미디어공학과,"어? 어? 아까도 면접하지 않았나요? / 아, 그렇군요. 우선 저희 두 번 지원해 주셔서 감사합니다. / 우선 우리 학과에 오고 싶어 하는 건 잘 알겠네요. ㅎㅎ / 우선 아까도 했지만 이건 다 해야 하는 거라 설명해 드리겠습니다. 면접 시간은 15분입니다. 공통 / (갑자기 웃으심) / 자 우리 학과에 얼마나 알고 있는지 물어보겠습니다. 지능 미디어가 무엇인지 아십니까? / 아까 면접 봐서 그런지 더 잘하는 것 같은데요? / 학교생활 중 진로와 관련되어 읽었던 책이 있으면 소개해 주세요. / 학생부에 컴퓨팅 사고력에 대해 활동하셨는데 컴퓨팅 사고력이 무엇인지 아십니까? / 3학년 동아리 활동을 하면서 갈등이 생겼던 경험이 있나요? / 네 말씀해 주세요. / 2, 3학년 떄 컴퓨터와 관련된 동아리 활동을 많이 했는데 이에 관련해서 가장 기억에 남았던 활동 / 더 안 물어봐도 괜찮을 것 같네요. ㅎㅎ / 시간이 많이 남았는데 더 하고 싶은 말 있으면 해주세요 / 저 뽑아주세요. 저 꼭 가고 싶어요. (다른 면접관을 보며 장난식으로) / 고생 많았습니다."
국립한밭대학교,지능미디어공학과,지원동기와 졸업 후 진로는? / 동아리 활동 질문 / 친구들 사이의 갈등을 해결한 경험은 있나요? / 친구가 많으신가요? / 마무리로 하고 싶은 말씀해 주세요.
국립한밭대학교,지능미디어공학과,"(공통 질문) 우리 학교에 진학해서 어떤 공부를 하고 싶고, 앞으로 어떤 일을 하고 싶나요? / 생활기록부를 보니 약학에서 기계공학으로, 또 기계공학에서 인공지능과 소프트웨어 분야로 지속적인 / 고등학교에서 했던 활동 중 가장 기억에 남는 활동이 무엇인가요? / 학교에서 배웠던 과목 중 가장 인상 깊었던 과목은 무엇인가요? / 1학년 2학년 3학년에 걸쳐 지속적인 성적 향상이 있었는데 특별한 공부법이 있었다면 말해보세요. 또"
국립한밭대학교,화학생명공학과,"자리에 앉아주세요. 많이 긴장한 것 같은데 까먹지 않게 먼저 공통 질문(지원한 학과에서 배우고 싶 / 1학년 때부터 과학을 쭉 수강해 왔을 텐데 가장 좋아하는 과목과 어려웠던 과목은 무엇이었나요? / 물리보다도 화학이 더 싫었나요? / 출결 사항이나 생활기록부를 보면 되게 책임감 있고, 성실하게 학교생활을 한 것 같은데 3학년 때 / 알람을 듣지 못했다고 했는데 평소 혼자 일어나요? / 생활기록부를 보니까 수학 성적이 다른 과목들에 비해 좋은데 수학 성적이 좋을 수 있었던 이유가 / 방금 담당 과목 선생님이 좋으셔서 수학 성적이 올랐던 이유 중 하나라고 했는데 대학에 입학하면 / 1학년 때 학급 서기를 했던 경험이 있는데 하면서 힘들었던 점은 무엇이 있었나요? / 힘든 점을 극복하려고 하는 모습이 되게 보기 좋네요. 처음 얘기할 때 화장품과 관련해서 관심이 있 / 미세먼지의 크기가 어느 정도 되는지 알고 있나요? / (옆 면접관을 보고 웃으며) 잘 알고 있네요. 제가 가장 인상 깊었던 활동은 미생물 음식물 처리기를 / 제가 음식물 처리기를 사용하고 있지만 이미 안에 열기로 가득한데 히터를 추가하는 이유가 뭔가요? / 이제 끝나기까지 1분 정도 남았는데 30초 정도 짧게 마지막으로 하고 싶은 말이 있으면 해주세요."
국립한밭대학교,화학생명공학과,"네, 안녕하세요. 자리에 앉아주세요. 오늘 점심은 드셨나요? (일상적인 질문으로 시작) / 그렇군요. 배고프겠어요. 끝나고 맛있는 점심 먹길 바라요. 그러면 지금부터 면접 시작하겠습니다. 준 / 먼저, 공통 질문인 지원한 학과에서 배우고 싶은 것과 졸업 후 하고 싶은 일을 설명해 주세요. / 네, 좋아요. 잘 들었습니다. 그러면 동아리에 대한 질문을 조금 해 볼게요. 동아리에서 모둠으로 활동 / 좋아요. 그렇다면 동아리 실험 중 역할은 어떻게 나누었고, 본인은 어떤 역할을 하였나요? / 좋습니다. 그러면 실험 후 탐구에 대한 점을 질문해 볼게요. 타액 아밀레이스와 스트레스 반응의 연 / 그렇군요. 좋습니다. 그런데 학생부에도 나와 있고, 아까 공통 질문 답변에서 한 말에서도 심리에 관 / 좋아요. 이 질문은 조금 철학적일 수 있는데 이 면접에서 정답은 없습니다. 그러니 생각나는 대로 편 / 그래요. 좋습니다. 그렇다면 기억은 어디에서 어떻게 이루어진다고 생각하나요? / 그렇군요. 생각을 말해준 것 좋은 답변이었어요. 그러면 학업 질문으로 넘어가 볼게요. 본인은 학교 / 그렇군요. 그렇다면 자신 있는 과목은 있나요? / 좋습니다. 성적을 보니 수학이나 다른 과목의 성적보다 화학의 성적이 조금 더 낮은데 이 과에 와서 / 좋아요. 학생부를 보니 책을 꽤 읽었는데 가장 인상 깊게 읽은 도서가 무엇인가요? / 좋습니다. 저도 한번 읽어보고 싶네요. 그러면 학교생활에 관한 질문으로 넘어가 볼게요. 1학년 때는 / 네, 좋은 리더였네요. 저는 앞에 나서서 이끄는 것이 어렵다고 생각하는데 본인은 그런 점이 좋아서 / 학생부를 보니 인성적으로 훌륭한 학생이네요. 본인이 생각하기에 이런 훌륭한 인성을 바탕으로 친구 / 그렇군요, 좋아요. 화학생명공학에서 책임감, 협력이 필요하다고 생각하나요? 그리고 학생부에 책임 / 좋습니다. 학업 이외로 본인이 좋아하여 꾸준히 해온 활동이 있나요? / 좋아요. 마지막 질문으로 이 학과에서 잘할 자신 있나요? 만약 대학에 와서 잘하다가 갑자기 포기하 / 모든 질문에 열정적으로 답변해 주어 고마워요. 마지막으로 하고 싶은 말 있을까요? / 네, 이제 나가보셔도 좋습니다. 수고했어요."
국립한밭대학교,화학생명공학과,오는데 춥지는 않았나요? / 긴장될 텐데 먼저 공통 질문을 할게요. 너무 긴장하지 말고 대답해 주세요. 우리 학과에 진학한 후 / 크로마토그래피 실험에 대해서 설명할 수 있나요? / 동아리 활동을 열심히 한 것 같은데 동아리 이름은 무엇이었나요? / 동아리 인원은 몇 명 정도였나요? / 실험 활동은 개인으로 하였나요. 그룹으로 하였나요? 그룹이면 몇 명이 하였나요? / 크로마토그래피 실험을 하며 어려운 점은 없었나요? 극복한 방법은 무엇이었나요? / 주제는 어떤 방식으로 정하였나요? / 혹시 원하는 주제가 되었나요? / 아 혹시 원하지 않는 주제였으면 어땠을지 물어보려고 했는데 원하는 주제가 되었네요. (웃으며 말씀 / (도서이름) 이 책을 읽었는데 혹시 이 책에서 기억에 남는 내용이 있었나요? / 환경 관련 내용이 많은데 혹시 지구온난화에 대하여 설명할 수 있나요? / 지구온난화를 막는데 분석화학이 사용될 수 있는 부분이 무엇이 있을까요? / 시간이 이제 30초 정도 남았는데 마지막으로 하고 싶은 말이나 말하지 못한 내용 있나요?
국립한밭대학교,화학생명공학과,"네, 자리에 앉아주세요. 분위기도 풀 겸 공통 질문 준비해 왔을 것 같은데 이 학교에 지원한 이유와 / 학생부를 보니 생명에 대한 호기심이 많아 보여요. 어려운 질문일 수 있는데 연구하다 보면 자연스 / 가장 기억에 남는 동아리 활동은 무엇인가요? / 그럼, 가장 기억에 남는 봉사활동도 있을까요? / 1학년 때 멘토, 멘티 활동을 한 것 같은데 어떤 과목 멘토를 하였나요? / 멘토를 하게 되면 모르는 친구를 설명시켜야 할 텐데 어려움은 없었나요? 어떤 노력을 하였나요? / 멘토 활동도 그렇고 다른 사람 가르쳐 주는 것을 좋아하는 것으로 보이는 데 맞나요? / 30초 정도 남았는데 마지막으로 하고 싶은 말 있으면 간단하게 해 주세요. / 네. 수고 많았어요."
대전대학교,간호학과,"지원동기랑 언제부터 간호사가 되고 싶었는지 말해주세요. / 자신에 대해 설명해 주세요. 성격, 구체적 경험 등을 설명해도 좋습니다. / 봉사활동에 많이 참여 했다고 하는데 어떤 봉사활동이 가장 기억에 남았나요? / 가장 기억에 남는 교과 활동에 관해 이야기해 주세요. 생명과학은 제외하고 이야기해 주세요. / 열심히 면접 준비를 하였을 텐데 혹시 질문하지 않아 아쉬웠던 질문에 대한 답변을 해줄 수 있나요? / 마지막으로 하고 싶은 말이 있으면 해 주세요."
대전대학교,간호학과,대전대학교 간호학과 지원동기에 대해 말씀해 주세요. / 노인 전문 간호사가 목표라면 노인 돌봄은 국가와 가정 중 누가 책임을 져야 한다고 생각하나요? / 고등학교 생활 중 수학이나 영어 공부할 때 어려운 점이 있었나요? 있었다면 어떤 점이 그러했고 어
대전대학교,간호학과,"대전대 간호학과를 지원하게 된 동기를 알려 주세요. 단순히 간호학과를 지원하게 된 동기가 아니라, / (5가지 질문 중) 이번에는 준비해 온 답변을 들어보겠습니다. 우리 사회는 빠르게 초고령 사회로 진 / 학생부에 기록된 내용 중, 가장 기억에 남는 활동이 있었다면 무엇인가요?"
대전대학교,간호학과,안녕하세요. 많이 떨리죠? 춥진 않았어요? 너무 긴장하지 말고 면접에는 정답이 없으니까 자신의 의 / 이제 기본 소양 문항 질문하겠습니다. 탄소중립 실현을 위해 내연기관 자동차의 판매를 금지해야 한 / 네. 그러면 간호학과에 오기 위해 했던 활동 중에서 동아리에서 했던 활동 말고 교과목에서 했던 활 / 네. 잘 들었습니다. 수고하셨습니다.
대전대학교,간호학과,"(안내사항 말씀하신 후) 00번 부터 자기소개 및 지원동기 말해 볼까요? / 학생, 시간이 없을것 같아서 그런데 대전대학교에 지원한 이유만 말해 줄래요? / 네, 이제 공통 기본 소양 문항중 하나 골라서 질문하겠습니다. 음..... 인공지능(AI)이 만든 글, 그림, / 교과면접 전형이니까 교과 관련해서 추가 질문 하겠습니다. 자신이 가장 못하는 과목과 이유, 그걸 / 시간이 조금 더 남아서 추가 질문 할게요. 과학탐구과목중에 생명제외하고 가장 기억에 남는 수행평 / (마지막 친구 끝나고) 네, 알겠습니다. (대전대학교 자랑..? 같은거 말씀하심). 많이 찾아봤을꺼고 많이"
대전대학교,간호학과,"지원동기와 학교에서 했었던 노력과 간호학과와 관련된 활동 소개해 주세요. / 동아리 미생물 아포 실험을 진행했던데 어떤 방식으로 진행했는지 실험과정을 설명해 주세요. / 생기부에 있던 수면시간과 비만의 연관성에 대해 탐구했던데 어떤 연관성이 있나요? / 도서관 봉사활동을 가장 오래했네요. 이 봉사활동을 한 이유와 소감 말해 주세요. / 가장 좋았거나 인상 깊은 과목이 있나요? 아, 생명과학은 제외하고 말해주세요. / 오. 우리 학생은 개근이네요. 병원에 입원했었다고 했었는데 이제 몸은 좀 괜찮은가요? / 대전대학교 간호학과에 지원한 이유가 있나요? / 책 읽는 걸 좋아하시나 봐요. 어떤 분야의 책을 많이 읽으시나요? / 저희 학교는 실습을 서울로도 가는데 교통비 등의 지원은 안 해주기 때문에 돈이 꽤 필요한데 어떻 / 형식적으로 준비한 동기 말고 진짜 간호학과에 오고 싶었던 이유 말해주세요. / 마지막으로 하고 싶은 말 있으면 해주세요."
대전대학교,간호학과,"자기소개랑 지원동기 말해 주세요. / 3학년 자율활동에 항암제 관련해서 주제 탐구를 했는데 기억나는게 있을까요? / 네, 괜찮습니다. / 준비했는데 나오지 않아 아쉬웠던 질문이 있으시면 답변과 함께 말해 주세요. / 그러면 마지막으로 준비해 온 말 있으시잖아요? 하고 싶은 말, 자기 어필하는 말 등 해주세요."
대전대학교,군사학과,"안녕하세요, 군인이 된다 했을 때 주변 반응이 어땠습니까? / 본인이 생각하기에 어떠한 점이 군인과 잘 어울린다고 생각하십니까? 경험과 함께 얘기해 주세요. / 좋습니다. 노력을 많이 하셨군요. 그렇다면 본인이 생각하기에 자신은 내향형인가요, 외향형인가요? / 정장을 입고오셨는데, 이유가 있으실까요? / 좋습니다. 마지막으로 하고싶은 말 있으신가요?"
대전대학교,물리치료학과,학교에서 물리치료와 관련된 활동을 한 적이 있나요? / 물리치료 분야 중 관심있는 진로분야가 있나요? / 그 분야에 관련된 필요한 역량에는 무엇이 있을까요? / 마지막으로 이 학교에 오고싶은 이유가 있을까요?
대전대학교,보건의료경영학과,대전대학교 보건의료경영학과 면접을 시작하겠습니다. 먼저 공통 질문입니다. 대전대학교 보건의료경 / (고개를 끄덕이시면서) 네 그렇군요. 이제 기본 소양 문향 질문으로 넘어가겠습니다. 기본 소양 문향 / 면접 시간이 남아서 혹시 궁금하신 점 있으신가요? / 네 대전대학교에서 자격증에 필요한 지원을 다 해주고 있습니다. 또한 자격증의 대한 정보나 관련
대전대학교,사회복지학과,"우선은 공통문항부터 질문 할 건데, 안 쪽에 앉은 학생부터 대답해주시면 되고요. 이후에 기본소양문 / 그러면 먼저 대전대학교의 사회복지학과에 지원한 동기와 입학 후 학업 및 진로계획에 대해서 말해 / 그러면 꼭 대전대학교여야만 하는 이유가 있나요? / 그러면 아까 얘기해 드린 기본소양 질문에 대해 답해보세요. 잘 기억 하고 있나요? / 그럼 이제 다른 학생들의 의견을 듣고 변화한 생각이나 느낀 것을 한번 말해보세요. / 마지막으로 이런 말은 남기고 가야지 하는 것이 있나요?"
대전대학교,상담학과,"반갑습니다. 저희 대전 대학교 상담학과에 지원해 주셔서 감사합니다. 자 그럼 왼쪽에 앉으신 지원자 / 네. 답변 감사합니다. 그럼 다음 지원자분께 질문 드리겠습니다. (똑같이 지원 동기와 입학 후 계획 / 네. 그럼 이제 두 번째 질문 드리겠습니다. 두 번쨰 질문은 개별 질문입니다. 이번에는 가운데 앉으 / 자, 그럼 질문 드리겠습니다. 최근 우리 사회는 고령사회를 넘어 초고령사회가 되고 있습니다. 이에 / 만약 지원자가 시간이 지나 노인 돌봄이 필요한 나이가 되었을 때, 지원자는 시설과 가족이 있는 집 / 네. 좋은 답변 감사합니다. 그럼 다음 지원자분께도 두 번째 질문 드리겠습니다. ( 다른 질문 ) / 네. 질문에 답변하시느라 고생 많으셨습니다. 오른쪽 지원자부터 마지막으로 하고 싶은 말을 해 주세 / 면접 보시느라 고생 많으셨습니다. 좋은 결과가 있기를 바랍니다."
대전대학교,소방방재학과,"먼저 공통질문인 대전대학교 소방방재학과에 지원한 동기 및 학업후 진로계획을 말해 주세요. / 이제 기본소양문항입니다. 먼저 4번분 최근 광고, sns, 콘텐츠 산업 등 다양한 분야에서 가상인간(디"
대전대학교,식품영양학과,"마지막 조여서 많이 기다리셨을 텐데 힘들지 않았어요? / 대전대학교 식품영양학과에 지원한 동기와 입학 후 학업 및 진로 계획에 대해서 말해 보세요. / 다음으로 최근 광고, SNS, 콘텐츠 산업 등 다양한 분야에서 가상 인간(디지털 휴먼)이 등장하고 있습 / 네, 두 분의 답변 잘 들었습니다. 혹시 다른 자신의 장점이나 어필하고 싶은, 마지막 할 말 있을까요? / 네 자신감이 넘쳐서 보기 좋네요, 두 분 모두 이미지가 좋으시고 수고가 많았습니다. 오늘 기다리느"
대전대학교,식품영양학과,반가워요. 혹시 점심들 먹고 왔나요 ? / 좋습니다. 그럼 바로 질문 할게요. 대전대 식품영양학과에 지원한 동기와 졸업 후 무엇을 할 것인지 / 좋습니다. 그럼 다음 질문으로 넘어갈게요. 저희가 학생들한테 미리 보여준 기본 소양 문항 1개를 / 좋습니다. 그럼 이제 마지막 각오나 할말이 있으시면 말씀해 주세요.
대전대학교,응급구조학과,"(공통문항)대전대학교 OO학과(부,전공)에 지원한 동기와 입학 후 학업 및 진로계획에 대해서 말해 보 / (기본소양)고령화 사회 노인돌봄은 국가 책임져야 한다는 의견을 어떻게 생각하나요. / (추가 질문) 노인 돌봄은 국가가 책임져야한다고 말했는데 그러면 아까 말한거처럼 어떠한 서비스를 / 마무리로 하고 싶으신 말이 있다면 손들고 해 주세요"
대전대학교,응급구조학과,"대전대학교 응급구조학과에 지원한 동기와 학업 계획에 대해서 말해 주세요. / 인공지능(AI)이 만든 글, 그림, 음악 등 창작물의 저작권은 인공지능(AI)과 개발자(또는 기업)중 누구에 / 그럼 인공지능(AI)에게 멜로디나 가사를 주고 음악을 만들어달라고 하면, 그것에 대한 저작권은 누가 / 마지막으로 하고 싶은 말이나 못한 말 있으면 해 주세요. / (시간이 남는 관계로) 추가적으로 하고 싶은 말 더 있으면 해 주세요."
대전대학교,임상병리학과,"지원동기, 입학 후 학업 및 진로 계획을 말해 주세요. / 잘 들었습니다. 근데 진로 계획을 빼먹고 말씀하셨네요? / 그럼 이제 기본 소양 문항 중에서 하나를 질문하겠습니다. 최근 광고, sns, 콘텐츠 산업 등 다양한 분 / 다들 답변을 잘 해주셨네요.(이 뒤로 수고했다는 말과 함께 입시에 대한 응원을 해주시고 면접 종료.)"
대전대학교,임상병리학과,"안녕하십니까. 긴장하지 마시고, 준비한 내용 잘 대답하고서 답변 끝나고 시간 남으면 좋은 시간 또 / 먼저 공통 질문 하겠습니다. 대전대학교 임상병리학과에 지원한 동기와 입학 후 학업 및 진로 계획 / 해외 병원에서 근무를 하고 싶다고 했는데. 제가 대한민국에서 얼마 없는 국제 임상병리사 면허를 / 자 그럼 이제 개인 질문 하겠습니다. 우리 사회는 고령화가 계속 진행되고 있습니다. 노인 돌봄을 / 그러면 국가가 돌봄을 책임진다면 이제 예산이 필요할 텐데, 그 예산을 어떻게 마련하면 좋을까요? / 역시 고등학생들이라서 그런가 답변이 다 좋네요. 시간이 딱 맞아서 이제 퇴장합시다."
목원대학교,수학교육과,"칠판에 가장 자신 있는 주제 적고 설명해 보세요. / 아 롤의 정리와 최대 최소 정리는 무슨 연관이 있나요? / 아는데 긴장해서 모르는거야 그냥 모르는 거야? / 앉아 주세요. / 자 공통 질문 할게요. 학교에서 수학 뭐 이수 했나요? / 오, 설명할 때 벡터나 행렬하지 그랬어요. / 왜 롤의 정의를 설명했나요? / 그럴 수 있죠. / 미적분은 어땠나요? / 몇 등급이였나요? / 다른 대학은 어느 학과 지원했어요? / 원서 전부 다요? 수학 교사 왜 되고 싶나요? / 수고하셨습니다."
목원대학교,유아교육과,ooo(이름) 학생 맞으시죠? (3명 전부 물어봄.) / 면접 시작하겠습니다. 순서대로(왼쪽에 앉은 학생부터) 1번 질문에 답 해주세요. / 반대 방향으로 순서대로 2번 질문에 답 해주세요. / (쳐다보며 기다려주심.) / (중앙에 있는 학생 왼쪽에 있는 학생 오른쪽에 있는 학생을 순서대로 가리키며) 순서대로 3번 / 면접 끝났습니다. 수고하셨습니다.
목원대학교,유아교육과,유아교육과를 지원하는 데에 영향을 준 요인을 설명하시오. / 유아교육 현장에서 디지털 AI 교육이 실행되는 것에 대한 본인의 의견을 말하시오. / 유아교사로서 본인이 갖추고 있는 덕목은 무엇입니까? 그렇게 생각한 이유를 말해보시오. 덕목은 한
목원대학교,유아교육과,뒤에 종이에 붙혀져 있는 질문보고 첫 번째 질문부터 대답해 주세요. / 두번째 질문에 대한 답변 오른쪽 학생부터 해 주세요. / 마지막으로 유아교사로서 본인이 갖추고 있는 덕목을 한가지만 얘기하고 그렇게 생각한 이유가 뭔지 / 오늘 다들 면접 보느라 수고 많으셨어요.
목원대학교,유아교육과,"안녕하세요. 긴장이 정말 많이 될 텐데, 너무 떨지 않고 준비한 내용 다 말할 수 있었으면 좋겠습니다. / 30번부터 33번 까지 순서대로 유아교육과를 지원하는 데에 큰 영향을 준 요인을 설명하세요. / 33번부터 30번까지 유아교육 현장에서 디지털/AI 교육이 실행되는 것에 대한 본인의 의견을 말하세 / 유아 교사로서 본인이 갖추고 있는 덕목은 무엇이고, 그렇게 생각한 이유를 31번부터 33번 방향으로 / 수고 많으셨습니다."
우송대학교,간호학과,자기소개 한 번 해볼까요? / 영어 원서 수업으로 진행하는 걸 알고 있으실 텐데 고등학교 때 영어 공부를 어떻게 하였으며 성과를 / (꼬리 질문) 영어 원서를 읽어본 적이 있나요? / 그렇다면 영어 교과서나 지문 등을 읽어보셨다고 말씀하신 건가요? / 영어 말고도 수학과 과학이 관련성이 있는데 관련 과목 중 어떤 과목을 수강하였고 간호학과와 어떤 / (꼬리 질문) 그럼 그것과 관련하여 탐구한 것 있을까요? / 그럼 생명과학Ⅰ만 이수한 것인가요? / 고교 시절 Chat gpt를 사용한 경험이 있는지 이야기해 주세요 / 마지막으로 하고 싶은 말 있으시면 있으신 분들만 하세요.
우송대학교,간호학과,"네 그럼 바로 가번호 1-○○○번 학생부터 차례대로 자기소개와 지원동기에 대해 말씀해 주세요. / 자신의 성격의 장점과 단점에 대해 말씀해 주세요. / 간호학과에 진학하기 위해 고등학교에서 동아리나 교과활동으로 했던 활동에 대해 설명해 주세요. / 보건실에서 배웠나요? / 마저 이야기하세요. / 자신의 인생에 영향을 줬던 책 소개를 간단하게 해 주세요. 바로 이야기하기 힘들 테니 20초 정도 / 혹시 우송대학교의 이념을 아시나요? / 그럼 간호학과에 대해서는? / 네, 우송대학교 간호학과는 국제 간호사를 배출하는데 노력하고 있습니다. 그래서 우송대학교 간호학 / 시간이 다 되었습니다. 면접은 마무리가 되었는데, 면접 예상 질문을 다 준비하셨을 거라고 생각합니 / 수고하셨습니다."
우송대학교,간호학과,"어서 오세요. 인사 한번 해 볼까요? / 앉아주세요. 오른쪽부터 자기소개와 간호학과 지원하게 된 이유, 우송대 간호학과에 오고 싶은 이유 / 운동은 어떤 운동을 했나요? 혹시 선수 준비를 했나요?(꼬리질문) / 간호사는 전문직이라고 생각하나요? 또, 그 전문직에 필요한 역량을 본인이 갖추고 있다고 생각하는 / 그렇군요. 그럼 전문직에 필요한 역량을 본인이 갖추고 있다고 생각하는 점은 무엇인가요? / 인간의 생애주기 중 가장 취약한 시기는 언제이며, 취약 시기별 어떤 간호가 필요한지 설명해주세요. / (웃으며) 영유아기는 0세부터 4세예요. / 4차 산업혁명 시대에 간호사의 역할은 무엇이라고 생각하는지, 이를 위해 대학 생활에서 준비할 사항 / 마지막으로 하고 싶은 말이 있나요?"
우송대학교,간호학과,어서오세요. 인사 먼저 해 볼까요? / 앉으세요. 먼저 자기소개랑 지원동기 간단하게 말해주세요. / 먼저 3년 동안 한 번도 결석이 없네요. 칭찬해야겠어요. (웃으며) / 간호랑 관련 있는 교과목 2개는 무엇이라고 생각하시나요? / 매년 반장 활동을 했는데 왜 학생들이 뽑아줬다고 생각하나요? / 근육 수축 시 칼슘의 이온 역할에 대해서 조사했던데 내용을 구체적으로 설명해 주세요. / 100점 만점 중에 몇 점짜리 반장이라고 생각하나요? / 생활기록부에 간호장교 이야기가 많은데 이번에 간호사관학교에 지원했나요? 대학 후에도 간호장교 / 영어랑 수학 성적이 3년 동안 거의 일정한데 그 이유가 뭐라고 생각하나요? / 마지막으로 정리하고 싶은 말이 있나요?
우송대학교,간호학과,"각자 자기소개와 함께, 간호학과에 지원하게 된 동기와, 특히 우송대학교 간호학과에 지원하게 된 동 / 스스로 자랑스러웠던 때가 있는지 이야기해 주세요. / 팀 과제 활동 후 본인이 발표 차례 시 감기에 걸렸다면 어떻게 하나요? / 간호학과와 관련 있는 고등학교 교과목을 말하고, 그 이유 또한 함께 말해 주세요. / 우송대학교는 전공과목을 주로 원서를 사용하는데 괜찮을지, 이에 대한 계획을 알려 주세요. / 우송대학교 간호학과는 야간 자율학습 시간이 있습니다. 참여에 대한 본인의 생각을 이야기해 주세요. / 퀴즈 시험 시간에 감독하는 교사가 보지 못했는데, 제일 친한 친구가 커닝하는 장면을 목격한다면 / 그룹으로 과제를 수행할 때 자신의 역할은 무엇인지에 대해서 말해주세요. / 리더의 역할을 해왔다는 거죠? / 마지막으로 하고 싶은 말은?"
우송대학교,간호학과,지원동기와 자기소개 해 주세요. / 영어 공부 어떻게 했고 우송대 간호학과는 영어 원서 수업이 있는데 이를 계획을 말해주세요. / 영어 원서 읽어본 경험 있어요? / 고등학교 때 수행평가 이런 거로 읽은 거예요? 아니면 본인이 직접 찾아서 읽은 거예요? / 영어 원서 읽었다고 했는데 동화책 정도인가요? 아니면 A4 정도인가요? 대충 몇 페이지였어요? / 영어 원서 다 읽는 데 얼마나 걸렸어요? / 영어단어 하루에 몇 개씩 외웠나요? / 수학이랑 간호학문이랑 연관해 고등학교 때 활동해 본 적 있어요? / 간호학문과 고등학교 과목과 연결해서 연관성을 말해주세요. / 코로나19 이후 마스크 착용에 대한 자기 생각을 말해주세요. / 간호학과와 관련한 고등학교 때 활동 있어요? 예를 들면 봉사활동 같은 거. / 마지막으로 하고 싶은 말 있어요?
우송대학교,간호학과,첫 순서라고 너무 긴장하지 말고 하고 싶은 말 하면 됩니다. 그럼 질문 시작할게요. (자기소개 안 물어 / 만약에 조별 활동을 했을 시에 그 상황에 잘 적응하지 못하고 뒤처지는 친구가 있어요. 다른 친구들 / (바로 직전 친구가 영어와 수학이 간호학과와 관련된 이유에 대해서 말한 상태) 그럼 학생은 수학에 / 학생은 영어 공부는 어떻게 하나요? / 그럼 영어에서 가장 어려웠던 점은 무엇이었나요? / 그럼 영어 공부는 어떻게 했나요? (아까랑 다른 면접관님이 물어보심. 아마도 길게 답변을 안 해서 / 학생은 교외 봉사 경험이 있나요? / (유튜브 영상 이야기를 한 친구에게 어떤 유튜브를 보냐고 추가 질문하심. 그 이후에 질문하신 면접 / (추가 질문을 못 받은 친구에게 마지막으로 하고 싶은 말 하라고 하시고 이야기 끝날 때쯤에 타이머가
우송대학교,간호학과,"면접 시작하겠습니다. 가번호 ○번부터 우송대학교 간호학과에 지원하게 된 동기를 말해 보세요. (타 / 개별 질문 하겠습니다. (개별 질문은 가번호 3번부터 질문함, 질문 세 개 다 예상 질문에 있던 거였 / 2025년도에 가장 큰 문화적 이슈는 무엇이라고 생각하나요? 가번호 1번부터 말해보세요. (이것도 예 / 그런 거 말고 친구들 사이에서 요즘 문화적으로 이슈인 것들 있잖아요. 그런 걸 말해 보세요. / 그럼 가번호 3번부터 순서대로 말해 보세요. / 마지막으로 한마디 하실 분 있나요?"
우송대학교,간호학과,"면접 시작하겠습니다. 고등학교 생활을 하면서 챗GPT를 사용한 경험이 있나요? / 본인은 주로 학급 안에서 어떤 역할을 하나요? / 본인의 품성은 어떻다고 생각하나요? / 우송대학교 간호학과에 지원하게 된 동기를 이야기해주세요. / 원서 수업이 있는데, 현재 영어공부를 어떻게 하고 있으며 진학 후 어떻게 할 것인가요? / 원서 읽어본 적 있어요? / 수학, 과학 과목 중에 자신있는 부분을 챕터까지 자세하게 말해주세요. / 마지막으로 하고 싶은 말이 있다면 이야기해주세요."
우송대학교,간호학과,"네, 우선 차례대로 간호학과를 지원한 이유와 그중에서도 우송대학교 간호학과를 지원하게 된 / 네, 공통적으로 질문하나 드리겠습니다. 간호사가 전문직이라고 생각하시나요? / 네, 그러면 4차산업 혁명 시대에 간호사의 역량은 무엇이 있을까요? 준비된 사람부터 말씀해주세요. / 간호학이 수학, 과학 과목과 어떤 관련이 있을지 준비된 사람부터 말씀해 주세요. / 인생에 생애 주기에서 어떤 시기가 가장 취약하고, 취약 시기별로 어떤 간호가 필요한지 이건 차례 / 네, 마지막으로 준비했는데 미처 말하지 못한 것 있으면 말씀해 주세요. / 네, 수고하셨습니다. 이제 나가보세요."
우송대학교,간호학과,자기소개와 왜 우송대학교에 지원하였는지? / 교외활동이나 교내 활동에서 간호사가 되기 위한 활동은 무엇이 있나요? / 영어실력을 기르기 위해서 한 영어 공부법과 그걸 우송대 간호학과 원서 수업에서 어떻게 실현시킬 / AI시대에 관한 자기의 생각과 간호학과에서 중요하게 여겨야할 가치는 무엇이 있을까요? / 마지막으로 하고 싶은 말은 어떤 것이 있나요?
우송대학교,간호학과,스스로 자랑스러웠던 때가 있는지 말해 주세요. / 고등학교 Chat GPT를 사용한 경험을 말해 주세요. / 간호사로서의 역량을 갖추기 위해 진학 후 어떤 노력을 할 것인지 말해 주세요.
우송대학교,간호학과,"000번 지원자. 아파요? 2학년 때 질병 결석이나 조퇴가 많아서 물어봤어요. / 자 그럼 자신이 어떤 품성을 가지고 있는지에 대한 간단한 자기소개와 우송대학교 간호학과에 지원 / 2학년과 3학년 진로 때 모두 관상동맥 질환에 대해 탐구를 했는데, 2학년과 3학년 활동의 차이점과 / 이런 활동을 하거나 발표 자료를 만들 때 자료는 어디서 얻어요? / 1학년 동아리와 진로에서 PA간호사에 대한 활동이 있는데 PA간호사가 어떤 일을 하는지 알고 있어 / PA간호사를 할 수 있다면 해보고 싶어요? / 고등학교 생활 중에 가장 신경 쓴 활동이 있다면 말해 주세요. / 2학년 동아리 때 갑상샘 기능 항진증을 주제로 발표를 했는데, 갑상샘 기능 항진증에 대해 설명해줄 / 000번 지원자는 봉사시간이 많은 편이에요. 봉사를 많이 한 이유가 있을까요? / 혹시 마지막으로 하고 싶은 말 있는 지원자 있나요? / 네 오늘 면접 다 끝났습니다. 나가시면 됩니다."
우송대학교,간호학과,"0-000 지원자가 먼저 스타트 끊었으니 그대로 자기소개는 먼저 하시죠. / (옆 친구에게) 우송대 선택 이유가 외국어 몰입 프로그램이라고 하셨는데 그럼 우송대 진학 전에 영 / 어우.. 굉장히 많은 양이네요? 근데 교과성적은 그런 것 치곤 그다지 좋은 편은 아닌데 이유가 있나 / 그럼 단어를 외우는 게 아니라 문법 공부 등을 더 해야 했던 거 아닌가요? / 0-000 지원자도 외국어 몰입 프로그램.. 때문이라고 하셨죠? 따로 노력한 점이 있나요? / 음. 네, 알겠습니다. (옆 친구에게) 자율 활동에서 음악치료의 중요성에 대해서 탐구했는데 이 탐구에 / 그럼 음악치료를 실제로 해 본 사례가 있나요? / 보컬이라고 생각도 못 했는데 신기하네요. (화기애애) 지금도 밴드 활동을 하나요? 대학교 와서도 밴"
우송대학교,간호학과,"먼저 간호학과를 지원한 이유와 우송대학교 간호학과를 지원하게 된 이유를 말해 주세요. 편하게 준 / 수학이랑 영어 중에 간호와 가장 관련된 거는 뭔지 고등학교 때 배운 거랑 연관지어도 되고 (구체적 / 간호학과에 진학하기 위해 고교 시절에 노력했던 활동은 무엇인가요? / 태움이라고 아나? (태움이 뭔지 간략하게 설명해주시고) 내가 만약 태움을 당했다면 아니면 동료 직 / 4차 산업 혁명시대에 간호사의 역할은 무엇이라고 생각하는지 이를 위해 대학 생활에서 준비할 사항 / 디지털 리터러시가 뭔가요? (꼬리질문) / 인간의 생애주기 중 가장 취약한 시기는 언제이며, 취약 시기별 어떤 간호가 필요한지 설명해주세요. / 내가 가장 존경하는 사람을 말해보세요. 부모님을 제외하고. / (타이머를 보시고) 마지막으로 할 말이나 못 말해서 아쉬웠던 거 있으면 말해주세요. 없으면 안하셔"
우송대학교,간호학과,"(타이머를 맞춘 후, 간단한 자기소개 및 약간의 대화) 안녕하세요. 그럼 시작하겠습니다. 왼쪽부터 자 / 네, 알겠습니다. 간호사의 가장 중요한 자질은 무엇인지 설명해 주세요. / 남들이 나를 어떤 사람이라고 설명할까요? / 전문직에 대해서 말씀해 주세요. / 알겠습니다. (다른 두 명에게 질문하는 동안의 시간을 줌) 이제 답변하셔도 괜찮을까요? / (꼬리 질문) 희생하는 자질이 왜 필요한지 말씀해 주세요. / 이제 시간이 거의 다 되었네요. 마지막으로 하고 싶은 말이 있을까요? / 이제 면접을 끝내겠습니다. 모두 행운을 빕니다."
우송대학교,간호학과,"네, 안녕하세요. 긴장하지 마시고 답변 잘 해주시면 돼요. 질문 3가지 할 건데 순서대로 차근차근 말 / 네. 다음 000번 지원자 말해주세요. (생략) 00번 지원자(본인), 맹장수술을 한 적이 있다고 했는데 얼 / 네, 알겠습니다. 다음 질문으로 넘어갈게요. 수학과 생명과학 중에서 본인이 생각했을 때 간호와 관 / 본인이 고등학교에서 배웠던 수학 과목을 말해주시고 어떤 파트를 간호학과에서 활용할 수 있을지 / 그러니까 어떤 계산으로 적용시킬 수 있을까요? / 네. 알겠습니다. (나머지 두 명의 지원자가 답변한 후) 그럼 인간의 생애주기 중 가장 취약한 시기가 / 네, 알겠습니다. 다음 000번 지원자? (생략) 다음 질문하겠습니다. AI시대에서 간호사의 역할을 무엇 / (나머지 두 명의 지원자가 모두 대답한 후에) 4차산업혁명시대가 무엇인가요? (몇 초간 침묵) / 네, 맞아요. 우리 사회가 점점 발전하면서 과학기술, 인공지능을 많이 사용하면서 시대가 변해가고 / 네, 수고하셨어요. 나가보세요."
우송대학교,동물관리학부,"안녕하세요 저희 우송대학교 동물의료관리학과에 지원해주셔서 감사합니다. 먼저 간단한 자기소개 / 그럼 8번님은 지금 고양이를 키우고 계신 건가요? / 아까 지원동기에서 저희 동물의료관리학과가 동물들과의 교감이 많다는 점에서 매력을 느꼈다고 / 혹시 가입하고싶거나 자신이 만들고싶은 동아리가 있나요? / 동물들과 소통하고 싶다는건 동물들에 대한 이슈들을 다른 부원들과 나누고 싶다는건가요? / 이제 예상질문으로 넘어가겠습니다. 저희 학과에는 여러 과목들이 있습니다 그 중에서 자신이 가 / 그럼 그 과목이 무엇을 하는 과목인지 설명해주시기 바랍니다. / 네 다음으로 자신이 좋아하는 동물에 대해 알고있는 것을 말씀해 주시기 바랍니다. / 최근 반려동물 보험 시장이 잘 활성화 되고 있지 않은데 반려동물 보험 시장을 확대하려면 어떤 / 개, 고양이 번식장 문제가 지속되고 있는데 그 번식장을 폐쇄하게 된다면 그것을 직업으로 삼던 / 마지막으로 자신이 하고 싶었던 말이나 학교생활 중 이 학과를 위해 특별이 한 활동들이 있으면 / 네 이상으로 면접을 마치겠습니다. 여기까지 오시느라 수고 많으셨습니다."
우송대학교,물리치료학과,"물리치료에는 다양한 세부 분야가 있습니다. 지원자가 가장 관심이 가는 분야와 그 이유에 대해서 / 물리치료사에게 가장 필요한 자질은 무엇이며, 자신의 어떤 성격이 물리치료사로서 자질에 부합한다 / 우송대학교 물리치료학과에 지원한 동기를 설명해 주세요. / 지원자가 생각하는 가치 있는 삶은 무엇이고, 그 이유가 무엇인지 설명해 주세요."
우송대학교,물리치료학과,"안녕하세요. 오시느라 많이 힘드셨죠? 우리 학교를 지원해 주셔서 감사합니다. 면접 시작할 테니 너 / 먼저 자기소개와 지원 동기, 그리고 왜 우리 학교에 지원하게 되었는지 말해 보세요.(이름, 출신 언급 / 음.. 앞으로 할 질문이 많습니다. 마무리해주시거나 조금 짧게 해주시면 좋을 것 같아요. / 물리치료학과에는 정형계와 신경계 분야로 나뉩니다. 혹시 그 둘의 접근 방식에는 어떤 차이점이 있 / 혹시 인간관계에서 갈등이 생겼을 때 어떻게 해결했는지 말해주세요. / 마지막으로 준비한 것이나 하고 싶은 말들이 있으면 말해 주세요."
우송대학교,물리치료학과,"간단한 자기소개나 지원 동기를 알려 주세요. / 졸업 후 물리치료사가 되어 어떤 분야의 전문가가 되고 싶나요? / 최근 본 뉴스, 신문, 기사 및 책 중에 물리치료와 관련된 이슈의 내용을 설명하고 본인의 견해를 말 / 환자와의 라포를 형성하기 위해 어떤 노력을 할 수 있을까요? / 지원자가 생각하는 바람직한 리더란 무엇인지 자신의 견해를 구체적으로 말해주세요 / 마지막으로 하고 싶은 말 있으면 편하게 말하고 질문하세요."
우송대학교,보건의료경영학과,면접 시작하겠습니다. 자기소개 부탁드립니다. / 자신의 장단점 이야기해 보세요. / 본교의 보건의료경영학과를 알게 된 이유가 있을까요? / 면접을 준비했던 것 중 가장 자신 있는 것을 말해 보세요. / ‘의료비 투명화’가 무엇인가요? (꼬리 질문) / 궁금한 점 이야기해 보세요. / 마지막으로 하고 싶은 말은?
우송대학교,뷰티디자인경영학과,자기소개와 지원동기 말해 주세요. / 3학년때 무단지각이 있는데 무슨 사유가 있나요? / 마지막으로 하고싶은 말이 있나요? / 남들의 비해 봉사활동 시간이 부족하던데 이유가 있나요?
우송대학교,뷰티디자인경영학과,협업 활동 중에 자신은 역할은 주로 무엇인가요? / 조별 활동 중 소외된 친구가 있다면 어떻게 행동할 건가요?
우송대학교,소방·안전학부,"면접 시작하겠습니다. 많은 학교와 학과가 있는데 우송대학교 소방-안전학부를 선택한 이유가 있을까 / 그렇군요. 그럼 이런 학과를 선택하게 된 계기가 있을까요? / 아주 멋있는 생각이네요. 그럼 친구들은 자신을 어떻게 평가하는지 말씀해 주시겠습니까? / 음 그렇군요. 우리나라의 산업재해 감소가 크게 진행되고 있는데 가장 큰 저해 요소는 무엇이라고 / 그렇군요. 그럼 소방관으로서 갖추어야 할 덕목에는 어떤 것이 있을지 얘기해 보시겠습니까? / 열정 있는 말들은 다 들어봤는데, 가장 존경하는 사람은 누구인가요? / 그럼 이제, 마지막으로 하고 싶은 말 있나요?"
우송대학교,소방·안전학부,(공통문항) 우선 우리 학과에 지원하게 된 동기와 우송대를 어떻게 생각하는지 말해 보시겠어요? / (예상 문제) 기억에 남는 학교생활은 어떤 것이었으며 무엇을 배웠습니까? / (예상 문제) 학과에서 학과 친구들은 어떤 존재입니까? / (예상 문제) 학과 졸업 후 진출 분야를 말해보시겠어요? / (추가 질문) 만약 우리 학교 면접을 보러 오다가 응급환자를 발견 했을때 어떻게 대응할 것인가요? / (공통문항) 추가적으로 하고 싶은 말은 무엇인가요?
우송대학교,소방·안전학부,소방안전학부에 지원한 이유는 무엇입니까? / 소방안전학부를 졸업하여 하고 싶은 일은 무엇입니까? / 소방관으로서 갖추어야 할 덕목은 어떤 것이 있나요? / 지하철이나 버스에서 화재나 사고 발생 시 대처 방법은? / 네. 고생했습니다.
우송대학교,솔브릿지경영학부,솔브릿지에 지원한 동기가 무엇인가요? / 하루 동안 다른 나라 사람과 바꿔 살아본다면 어느 나라에 살고 싶은지 그 이유를 말해보세요. / 고등학교 생활을 하면서 본인이 평소 실천하고 있는 생활 습관 중에 성실한 사람임을 보여줄 수 있 / MZ세대 소비자 특성에 대응하기 위한 기업의 전략에는 어떤 것이 효과적일까요? / 다양한 배경을 가진 친구들과 어울릴 때 어려움을 느낀 적이 있다면 그 상황을 어떻게 극복했는지 / 마지막으로 질문하고 싶은 것이 있나요?
우송대학교,스포츠건강재활학과,자기소개와 지원 동기 한 번 얘기해 보세요. / 초·중·고 시절 본인의 좋은 품행에 대해 말해 보세요. / AT가 무엇인지 설명해 보세요. / 병원에서 일반인과 선수의 재활훈련에 큰 차이점은 무엇이라 생각하는가? / 마지막으로 할 말이 있나요? 순서 상관없이 손 들어서 자유롭게 얘기해 보세요.
우송대학교,스포츠건강재활학과,"면접 시작하겠습니다. 자기소개 및 지원동기 말씀해주세요. 가번호 000번, 000번, 000번 순으로 (오름 / 초, 중, 고 시절 좋은 품행에 대해 말해보세요. 가번호 000번, 000번, 000번 순으로 (내림차순) / 학과 동기, 선후배 간의 좋은 관계 유지를 위해 필요하다고 생각하는 점은 무엇이라고 보나요? 가번 / 지원 동기를 들었을 때 운동 경험이 있다고 했다고 했는데 경력이 어떻게 되나요? (임의 지정) / 초, 중, 고 시절 스포츠건강재활전공과 관련해서 실시한 활동 있었나요? (임의 지정) / 스포츠 재활이나 운동처방사가 되기 위해 꼭 필요한 자질은? / (모두에게) 고생하셨습니다. 면접 질문은 다 끝났지만 하고 싶은 말 있으신 분은 손 들고 말해 주세"
우송대학교,스포츠건강재활학과,자기소개랑 지원 동기 말해 주세요. / 학과 홈페이지 및 SNS를 보고 기억에 남는 내용은 무엇인가요? / 대학생으로서의 바람직한 인성에 대해 말해 보시오. / AT가 무엇인지 설명해 줄 수 있나요? / 본인이 가장 잘하는 운동은?
우송대학교,스포츠건강재활학과,"(타이머를 맞춘 후, 간단한 자기소개 및 약간의 대화) 안녕하세요. 그럼 시작하겠습니다. 왼쪽부터 자 / 본인이 가장 잘하는 운동은?(선수 경력) / 대학 입학 후 친구,선배들과 어떻게 지내고자 하는가? / 중.고교 생활 중 전공과 관련해서 실시한 활동에 대해 설명해 보시오. / 성공적인 AT가 되기 위한 학업 계획을 말해 보시오. / 학과 활동에 참여하지 않는 학생에게는 어떻게 해야 하는가? / 그래도 참여하지 않는다고 하면 어떻게 할 건가요? / 마지막으로 못한 말이나 하고 싶은 말이 있다면 해 보세요. / 이제 면접을 끝내겠습니다. 모두 행운을 빕니다."
우송대학교,언어치료·청각재활학과,자기소개 해 주세요. / 다른 사람에게 도움을 주거나 재능을 기부한 경험은? / 팀을 이끈 경험이 있나요? 또는 갈등상황을 어떻게 해결했나요 / 지원한 이유가 무엇인가요 / 장점이 무엇인가요? / 실패나 어려움이 있을때 극복 방법이 뭔가요? / 지금 면접 보고있는 아이들과 함께 수업을 듣는다면 어떨 것 같은가요? / 수고하셨습니다. 나가셔도 됩니다.
우송대학교,외식조리영양학과,외식조리영양학부에 지원한 동기는 무엇입니까? / 프로젝트 진행 중 사정이 생겨 잘 참석하지 못하는 친구가 있다면 어떻게 할 것인가요? / HACCP 이 의미하는 바를 알고 있나요? / 외국에서 생활하고 있다고 가정했을 때 가장 생각나는 한국 음식을 무엇일 것으로 생각되나요? / 학교 급식의 만족도를 높이기 위해 영양사가 할 수 있는 역할을 말해보세요.
우송대학교,외식조리자율전공학부,"자기소개 시작하세요 / 앞으로의 인생 목표는 무엇이며 대학 생활 4년간 계획은 무엇입니까? / 조직 내에 소외된 구성원이 있다면 리더로서 어떻게 행동할 것인가요? / 블록식 수업에 대해 구체적으로 설명해 보세요. / 만약 스타트업을 창업한다면 어떤 아이템을 선택하고 어떻게 마케팅할 것인지 말해 보세요. / 2학년 전공 배정시, 희망하는 조리전공 학과는 어디이며 그 이유는 무엇인지? / 학창 시절 읽은 책 중 가장 기억에 남는 내용 또는 교훈을 얘기해 보세요"
우송대학교,외식조리자율전공학부,안녕하세요. 부담 갖지 마시고 준비하신 거 다 보여주시면 좋겠습니다. 처음부터 자기소개로 시작하 / 저희 학교에 관심이 많은거 같은데 CETT 해외연수에 대해 말해 주실 수 있나요? / 학교를 다니다가 다른 친구들에 비해 자신이 부족하다고 느껴지면 어떻게 할건가요? / 더 자세한 경험이 있을까요? / 긴장이 풀리셨을거라 생각하고 자기소개와 지원동기 말해 주세요. / 외식 조리자율전공학부에 대해 어떻게 생각하시나요 / 네 다들 수고하셨습니다.
우송대학교,외식조리학부,"안녕하세요. 자기소개, 지원동기 말해 주세요. / 가장 자신 있는 언어로 자기소개 해 주세요. / 동아리 활동 중 가장 기억에 남는 활동 말해 주세요. / 요즘은 요리에도 많은 AI를 접목시키는 추세입니다. 따로 이용하는 AI 무엇이고 AI를 이용해서 하는 / 남들보다 봉사시간이 적은 편인데 이것에 대해 설명해 주세요. / 우송대에 어떻게 알게 되셨나요? / Behind the Apr on Gender Bias in Culinary media를 읽고 짧게 말해 주세요 / 마지막으로 하고 싶은 말 있으면 말하세요."
우송대학교,외식조리학부,자기소개 해 보세요. / 자신의 장·단점 말해 보세요. / 가장 자신 있는 디저트나 만들어 보았던 디저트들이 있다면 말해 보세요. / 가장 기억에 남거나 좋아하는 제과제빵 디저트가 있다면 말해 보세요. / 우리 학과에 입학해서 하고 싶은 것이나 본인의 진로나 목표에 대해 말해 보세요. / 마지막으로 하고 싶은 말이 있다면 해 보세요.
우송대학교,외식조리학부,"안녕하세요, 긴장하지 말고 편하게 말해 주시면 됩니다. / 자기소개, 지원동기에 대해 말해 주세요. / 진로 활동에서 가장 기억에 남는 활동 있으면 말해 주세요. 그리고 만들었던 디저트 중에 가장 기억 / 아까 파프리카 관련해서 얘기했는데 그걸 제과제빵에 적용시키면 어떻게 할 수 있을까요? / 케이크팝을 만들었다고 했는데 무슨 케이크 시트였나요? / 케이크 시트를 완성하기 위해 어떤 노력을 통해 극복한 거죠? / 마지막으로 지원자들 각자 준비했는데 못해서 아쉬웠던 말이나 말 했던 것들 중에 다시 보완하고 싶 / 네, 수고하셨습니다. 이제 나가봐도 좋아요."
우송대학교,외식조리학부,"자기소개 및 지원동기 한명씩 말해 주세요 / 이제 가번호 000 지원자 진로를 간호학과에서 제과제빵과로 바꿨네요? / 진로를 바꾸게 된 계기를 한번 들어볼 수 있을까요? / 아 그렇군요.. 지원자가 한 활동 중에 글루텐프리에 대해 조사하셨는데 글루텐프리가 뭔지 글루텐프 / 네 알겠습니다. / 글루텐프리 제품이 많지가 않은데, 왜 그런 거 같아요? / 그럼 지원자는 글루텐프리 빵을 먹어봤어요? / 어땠어요? / 그럼 지원자는 행복하고 싶어 진로를 바꿨다고 했는데 여기 오면 행복할 것 같아요? / 네 알겠습니다. 그러면 마지막으로 준비했는데 물어보지 않았던 거나 하고 싶은 말 있으면 해 보세 / 네 수고하셨어요. 나가보세요."
우송대학교,외식조리학부,"안녕하세요, 긴장하지 말고 준비된 사람부터 가장 기억에 남는 디저트, 자신의 장점을 학과 생활과 / 지원동기 말해 주세요. / 만들어본 디저트 중에 가장 기억에 남는 것이 있나요? / (추가질문) 반죽은 어떻게 만들었죠? / 마지막으로 하고 싶은 말 있으면 짧게 부탁해요. / 네, 수고 많으셨고 나가봐도 좋아요."
우송대학교,외식조리학부,모두 긴장 많이 되시죠? / 너무 부담 갖지 말고 먼저 자기소개랑 지원 동기 말해 보세요. / 공동 교육과정에 꾸준히 참여했다고 했는데 공동 교육과정에서 어떻게 수업을 진행하였나요? / 디저트의 트렌드에 대해서 알게 되었다고 했는데 알게 된 점을 말해 보세요. / 마지막으로 더 하고 싶은 말 있나요?
우송대학교,외식조리학부,간단하게 3가지 정도만 질문하겠습니다. 자신에게 가장 인상 깊었던 빵이 있다면 무엇인가요? / 자신이 학원에서 만들어봤던 제과제빵 제품 중에 가장 잘 만드는 제품이 있다면 말해주세요. / 시간이 정해져 있다 보니 면접은 여기까지 하도록 하겠습니다. 마지막으로 하고 싶은 말이 있다면
우송대학교,외식조리학부,본인이 가지고 있는 장·단점에 대해서 답변해 주세요. / 먹어본 디저트 중에서 기억에 남는 종류를 말해주세요. / 본인이 직접 만들어 본 적이 있나요? / 자신이 가장 자신있는 디저트를 말해 주세요.
우송대학교,외식조리학부,안녕하세요. 오늘 비가 많이 왔는데 오시는 길은 어땠나요? / 그러면 차례대로 자기소개 할까요? 면접번호 OOO부터 하시죠. / 그러면 OOO번호 학생은 책과 영상을 통해 본 음식들을 만든 것이 특징이라는데 최근에 만든 음식을 / 어땠나요? / 그럼 OOO번학생은 요리하면서 수정하며 새로운 맛을 탐구하는 것에 대해서 즐거움을 느끼신다 했는 / 한식조리를 전공하려는 이유는 무엇인가요? / 학교에서 조리와 관련된 활동을 한 게 있나요? / 조리사가 되기 위해서 필요한 3가지 역량을 말씀해 주세요.
우송대학교,유아교육과,"자, 이번 면접부터 유아교육, 어린 동생들이 돌보는 걸 좋아한다, 이런 이야기 다 빼고 진행합니다. / 취미는 뭔가요? (뭔가 더 긴장하게 다소 무섭게 이야기하심) / (어떤 포인트였는지 잘 모르겠지만 두 분이 얼굴을 마주 보며 웃으셨음) / 뽑기 질문 하겠습니다. 앞에 있는 것들 중 하나 뽑아서 읽고 답해 보세요. / 네 알겠습니다. 꼬리 질문들을 하고 싶은데 옆 사람이 시간을 많이 써서 여기까지 하겠습니다."
우송대학교,유아교육과,간단하게 자기소개 해주세요. 지원동기 말고 자기소개만 해 주세요. / 이제 다른 학교도 많이 쓰셨을텐데 우송대학교를 선택하게 된 이유가 뭔가요? / 본인의 장점이 뭐라고 생각하는지 말해 주세요. / 000번 지원자는 본인이 밝고 차분한 것 중에 하나만 말해 주세요. / (랜덤질문 뽑고 펼쳐서 읽은 후 대답하라 함) / 혹시 저희가 물어보지 않은 질문 중에 본인이 꼭 답하고 싶었던 게 있다면 한 명씩 말해 주세요. / 수고 많았어요.
우송대학교,유아교육과,"안녕하세요. 0-00번 학생부터 가번호와 함께 인사 부탁드립니다. / 네. 안녕하세요. 오는 길 차가 많이 막히진 않았나요? 어떻게 왔는지 이야기해 주세요. / 네. 지금부터 질문을 드릴 텐데, 긴장하지 말고 준비해 온 것들 다 말씀하실 수 있길 바랍니다. / 0-00번부터 자기소개를 해 주세요. / 자기소개에서 동아리 활동을 했다고 들었는데, 동아리는 여러 사람과 대면해야 하는 일이잖아요? 동 / 자기소개에 다양한 자료를 탐색했다고 했는데, 어떤 분야의 자료를 탐색했나요? / 네. 앞에 바구니에 있는 질문을 0-00번부터 뽑고, 질문을 읽은 후 답변하세요. (한 사람이 먼저 질문 / 네. 시간상의 관계로 면접을 마치도록 하겠습니다."
우송대학교,응급구조학과,"우송대학교 응급구조학과에 지원하게 된 지원동기와 응급구조사가 갖춰야 할 덕목을 말해 주세요. / 자신의 장·단점을 말해 주세요. / 응급구조학과에서 가장 배우고 싶은 과목 한 가지를 말하고, 이유까지 이야기 해 주세요. / 우송대학교에 다니면서 공부하고 싶은 것이나 동아리 활동 계획 등이 있다면 자유롭게 말해주세요. / 실제로 만나봤거나 매체에서 봤던 인물 중 가장 존경하는 사람이 누구인가요? / 아까 다 말하지 못했거나 마지막으로 하고 싶은 말 있으면 자유롭게 손들고 말해 주세요."
우송대학교,응급구조학과,"안녕하세요. / 올 때 많이 추웠죠? 밥은 드셨어요?(웃으시면서) / 긴장하지 마시고 편안하게 답변해 주세요. 이제 시작하겠습니다. 먼저 우리 우송대학교를 지원한 이 / 네, 잘 들었습니다. 저는 여러분의 생기부에 대한 내용에 대해 질문을 드릴게요. 여러분 생기부를 보 / 노력을 많이 하셨네요. 이번에는 여러분이 학교 내에서 활동했던 봉사활동에 대해서 설명을 듣고 싶 / 네, 좋습니다. 다음 질문할게요. 응급구조사의 업무에 대해 아는 것과 어떤 직업인 것 같아요? / 네, 알겠습니다. 학교 내에서나 밖에서 응급구조사가 되기 위해 노력했다 하는 데 있을까요? / 그렇군요. 다음 질문은 응급구조학과에 진학하여 전공과목과 교양 교과목 학업 계획에 대해서 답변해 / 네, 마지막으로 앞에서 했던 대답에 대해서 보충하고 싶다거나 마지막 말 하고 싶으면 손 들고 말하 / (웃으시면서) 꼭! 오고 싶다는 마음이 느껴지네요. 두 분 모두 수고 하셨습니다."
우송대학교,응급구조학과,"네 안녕하세요, 우선 자리에 앉으실까요? / 혹시 우리 학교에 전공 체험하러 왔던 학생 있을까요? / 1학년 때 신청했었다니, 그때부터 우리 학과나 진로에 확신하고 있었나 보네요. 그럼 면접 시작할 / 재학시절 동아리 및 봉사활동 경험 중 기억에 남는 일이 있을까요? / 국가고시를 어떻게 대비할 것인지와, 졸업 후 취업 분야에 대해 알고 있는 게 있나요? / 네, 그럼 면접 마치기 전에 마지막으로 하고 싶은 말이 있으면 얘기하고, 자기PR 느낌으로 한 마디씩"
우송대학교,응급구조학과,안녕하세요. / 긴장 안 하셔도 되고 준비하신 만큼만 보여주시면 됩니다. 시작하겠습니다. 많은 학교와 학과가 있는 / 생활 기록부를 보면 질병 결석이 좀 많은 거 같은데 이때 왜 그랬는지 말해 주세요. / 이 학과에 들어오면 하고 싶은게 무엇인가요? / 지원자는 봉사 시간이 많은데 봉사를 어떻게 생각하나요? / 마지막으로 하고 싶으신 말이나 아까는 못했는데 지금 생각나서 지금 답변하겠다 하는거 있으면 말
우송대학교,응급구조학과,응급구조학과에 지원한 이유와 응급구조사가 갖춰야 할 가장 필요한 역량 한 가지를 말해 보세요. / 우송대에 와서 배워보고 싶은 과목이 있나요? / 대학 와서 꼭 해보고 싶은 것이 있나요? / 가장 존경하는 인물이 누구인가요?
우송대학교,작업치료학과,자기소개와 지원동기 말해 주세요. / 3학년 때 한 동아리 이름이 뭐죠? / 동아리 활동이 작업치료와 관련하여 어떤 도움이 되었던가요? / 마지막 질문드릴게요. 작업치료사에게 가장 중요하다고 생각하는 키워드 1개 말해 주세요.
우송대학교,철도경영학과,"대답은 번호대로 왼쪽부터 할게요. / 리더가 갖추어야 할 덕목은 뭐라고 생각하나요? / 최근 철도 관련된 뉴스 중 기억에 남는 게 무엇인가요? / 철도의 날이 언제인가요? / 철도 운영기관 업무 분야 중 어떤 직무가 본인에게 잘 맞을 것 같나요? / 서울역에서 무안공항까지 가는 노선 설명해 보세요. 대전역에서 여수역까지 가는 노선 설명해 보세요. / 그러니까 노선을 말해 보라고요. / 네, 모르는 건 이제부터 알아가면 됩니다. 마지막으로 하실 말씀하세요."
우송대학교,철도경영학과,다들 긴장 푸시고 주어진 질문에 대해 잘 대답하면 됩니다. / 앞으로의 인생 목표와 대학 4년간 계획은 무엇인지 설명해 보세요. / 철도경영학과에 지원한 이유를 설명해 보세요. / 최근 신문기사 중 철도 분야 뉴스에서 가장 기억에 남는 기사는 무엇인가요? / 철도의 장점에 대해 설명해 보세요. / 경전철의 특징을 말해 보세요. / 우리나라 인구 감소와 고령화는 철도 운영에 어떤 영향을 주는지 설명해 보세요. / KTX 청룡에 대해 설명해 보세요. / 코레일에서 운영하는 관광 열차에 대해 설명해 보세요. / 이제 질문이 다 끝났습니다. 학생의 합격을 기원합니다.
우송대학교,철도경영학과,저희 학교에 지원하신 이유가 있으실까요? / 그럼 많은 학과 중 철도경영학에 지원한 이유는 무엇인가요? / 입학 후 학업 계획이 있으신가요? / 리더가 갖추어야 할 덕목은 무엇이라고 생각하시며 장해 어떤 사람으로 성장하고 싶으신가요? / 중전철과 경전철의 차이를 알고 계신가요? / 기후변화로 인한 철도교통의 변화와 이에 대한 대응 방안을 말씀해 주세요.
우송대학교,철도경영학과,"다들 긴장 푸시고, 왼쪽부터 질문하겠습니다. 앞으로의 인생 목표와 대학 4년간의 계획은 무엇인지 / 네, 그럼 철도경영학과에 지원하게 된 이유가 무엇인가요? / 그럼 최근 철도 관련 뉴스 중 가장 관심이 간 내용이 무엇인가요? / 그 기술이 철도에 어떤 장점과 도움이 될까요? / 네, 철도의 장점을 말해 보세요. / 최근 감명 깊게 본 책은 무엇인가요? / KTX의 최대 시속은 얼마일까요? / GTX에 대해 설명할 수 있는 분 있나요? / 기후변화가 철도 운행에 미치는 영향, 우리나라의 인구감소와 고령화가 철도 운행에 미치는 영향, 철 / 급행열차에 종류를 말해볼 수 있나요? / 혹시 다른 지원자에게 질문했던 것 중 자기는 다르게 생각하거나 답변해 보고 싶으면 해 보세요. / 다들 수고하셨고, 모두 잘하셨습니다. 들어가 보시면 됩니다."
우송대학교,철도시스템학부,"네 앉으세요. 우리 학과를 지원하게 된 이유가 있나요? / 네 잘 들었습니다. 수학에서 미분의 정의를 알고 있나요? / 그러면 선택과목은 무엇을 이수하셨나요? / 오 그러면 물리 문제를 내도 될까요? / 버스가 급속도로 앞으로 가면 안에 있는 사람이 어떻게 될까요? / 그렇군요. 그럼, 여기 말고 어디 학교 지원했나요? / 그러면 거기 붙으면 거기로 가겠네요? / 그렇군요, 잘 알겠습니다."
우송대학교,철도시스템학부,"반갑습니다. 저희 우송대학교의 철도전기시스템학과에 지원해 주셔서 감사합니다. 자기소개부터 한 / 네. 답변 감사합니다. 대전 도시철도 1호선 시청역 열차 배차 간격과 도착 시각표를 등비수열 개념으 / 네, 그럼 이제 두 번째 질문 드리겠습니다. 2학년 진로활동에서 오봉역 사망사고와 영등포역 무궁화 / 3학년 생태와 환경 시간에 ‘수소 열차가 전기 열차보다 낫다’는 주제로 활동을 했었네요? / 그러면 면접번호 13번 학생은 수소 연료가 어떻게 될 것으로 생각하시죠? / 그러면 전기 열차와 다른 것이 없는 거 아닌가요? / 수소가 전기로 전환되면서 결론적으로 똑같아질 것 같지 않나요? / 이 점은 조금 생각을 할 필요가 있겠군요. / 혹시 마지막으로 하고 싶은 말이 있나요?"
우송대학교,철도시스템학부,신발 새로 샀어요? 이쁘네요? / 지원동기가 무엇입니까? / 수능 보죠? / 그러면 탐구 무슨 과목 봐요? / 그러면 문과 아니에요? 수학은 무엇 선택했어요? / 그러면 분산이 무엇이라고 생각합니까? / 수시 6장 다 지원했어요? / 어디 어디 썼나요? / 그러면 최저가 어떻게 되나요? / 그러면 공부를 좀 하네요? / 마지막으로 하고 싶은 말 있어요?
우송대학교,철도시스템학부,안녕하세요. / 이곳에 지원하게 된 동기가 무엇입니까? / 수능 선택과목을 어떤걸 선택하셨습니까? / 수능 수학은 어떤걸 선택하셨습니까? / 고속철도와 일반철도의 차이점을 아시나요? / 철도에 전기가 어떻게 공급되는지 아나요?
우송대학교,철도자율전공학부,"면접 시작하겠습니다. 학교 생활 중 생각이 다른 친구와 의견을 조율했던 경험이 있다면 말씀해 주세요. / 철도자율전공학과에 지원한 이유는 무엇입니까? / 철도자율전공에 대한 장점을 설명하고, 자율전공 학생으로서 자랑스럽게 느낄 수 있는 점은? / 철도자율전공학과의 이미지를 높이기 위한 방안은? / 팀별 과제 시 본인의 의견과 타인의 의견이 다를 경우 어떻게 해결할 것인가요? / 마지막으로 하고 싶은 말"
우송대학교,철도자율전공학부,"우송대 철도자율전공학과에 지원해 주셔서 감사합니다. 긴장하지 마시고 천천히 답변해 주세요. / 먼저 학생들 각자 자기소개 해 주세요. / 우리 철도자율전공학과에 지원하게 된 이유를 말씀해 주세요. / 1학년 이수 후 전공선택 시 가고싶은 학과를 말씀해 주세요. / 여러분이 공공장소나 대중교통에서 부적절한 행동을 본다면 어떻게 하시겠습니까? / 철도나 대중교통이 사회에 어떤 기여를 한다고 생각하나요? / 조별 활동이나 동아리 활동 시 갈등이 생긴다면 어떻게 대처하면 좋을까요? / (각자 대답을 모두 들은 후) 그럼 갈등은 긍정적이라고 보나요. 부정적이라고 보나요? (유일한 예상 / 여러분이 생각한 철도자율전공학과의 이미지를 높이는 방안이 있나요? / 자 그럼 다들 마지막으로 하고 싶은 말이 있나요? / 이제 질문 다 드린 것 같네요, 다들 고생했습니다."
우송대학교,철도자율전공학부,"안녕하세요, 우선 저희 학부에 지원해주셔서 감사합니다. 간단한 자기 소개 부탁드립니다. / 네, 좋습니다. 다음으로는 철도자율전공에 지원한 이유에 대해 들어볼 수 있을까요? / 철도자율전공에서 1학년 이수 후 전공을 선택할 때, 본인이 선택하고 싶은 학과와 그 이유는 무엇일까요? / 학교 생활 중 실수했던 경험이 있다면 그 때는 어떻게 해결했나요? / 네, 다음으로는 철도나 대중교통이 사회에 어떤 기여를 한다고 생각하나요? / 철도 분야에도 여러 가지 업무가 있습니다. 그 중에 하나를 선택해서 그 역할을 설명해 보세요. / 철도안전에 대해 들어본 적이 있나요? 안전에서 무엇이 중요하고, 문제발생시 가장 먼저 할 일은 무 / 자신의 단점이 무엇이고 어떻게 극복할 것인지 말씀해 주세요. / 만약 열차 안에서 큰 소리로 통화하는 승객을 본다면 어떻게 행동할 것인가요? / 아시다시피, 저희 철도자율전공학부는 이번에 새로 신설된 학과입니다. 철도자율전공학과의 이미지를 / 네, 잘 들었습니다. 혹시 마지막으로 하고 싶은 말 있나요?"
우송대학교,철도자율전공학부,면접을 시작하겠습니다. 어려운 면접이 아니니 긴장하시지 마시고? 자연스럽게 답변을 해주시면 됩니 / 철도자율전공 1학년 이수 후 가고 싶은 학과가 있나요? / 최근 신문기사 또는 뉴스 중 가장 기억에 남는 것이 있나요? / 이 학과에 이미지를 높이기 위한 방안은 무엇이 있을까요? / 마지막으로 하고 싶은 말이 있나요?
테크노미디어융합학부,우송대학교 학생부교과 면접전형,"다들 이번 면접은 처음 이신가요? 긴장 많이 되시죠? / 말하다가 실수하시면 다시 말하셔도 됩니다. 그럼 먼저, 저희 학과에 지원하신 이유부터 말해 / 좋습니다. 그럼 저희 학과의 어떤 점이 매력적이었나요? / 여러분이 잘 말해주셨어요. 실습실이나, 커리큘럼에 대해서 잘 찾아보신 게 보이네요. 그럼, 우리 / 네, 다들 잘 말허고 계신대요, (웃으시며) 여러분이 너무 긴장하셔서 보는 제가 다 긴장이 되네요. 저는 / 그럼 마지막으로 내가 하고 싶은 질문의 답변이나, 준비를 많이 한 답변이 있다면 한 번 말해 / 수고하셨습니다, 면접은 끝났고요. 여러분이 이번엔 면접이 처음이여서 많이 긴장하셨지만 앞으로"
우송대학교,호텔관광경영학과,"많이 긴장하셨나요? (웃으며) / 본인이 우리학과에 지원하게 된 이유가 무엇인가요? / 어느 나라의 어느 호텔인지 기억나나요? / 어느 호텔인지는 기억 안 나나요? / 우리 학과만의 특징은 뭐라고 생각하나요? / ㅇㅇ번(면접번호)은 좌우명이 어떻게 되나요? / 학교생활 중에 가장 인상 깊었던 일은 뭐가 있었나요? / 본인의 장점과 단점을 이야기해 주세요. / 그럼 방금 흥미가 없는 분야에는 열정이 떨어진다고 했는데, 그 분야는 어떤 게 있었을까요? / (두 분 다 웃으셨다) 학교공부가 흥미가 없으면 어떡해.. 하하하하하 / 그 단점을 보완하기 위해서는 어떻게 할 건가요? / 네~ 그럼 우리 학과에서 배우고자 하는 분야는 어떻게 되나요? / 입학하고 계획은 어떻게 세웠나요? / 입학 후에 자격증을 취득하게 된다면 어떤 자격증을 취득하고 싶나요? / 본인이 생각하는 대표 관광기업은 무엇이 있나요? / 최근에 본 관광 관련 뉴스가 있나요? / 네, 면접 준비 하느라 긴장 많이 하셨을 건데 수고하셨고요, 이제 나가주시면 되겠습니다."
충남대학교,간호학과,"네, 안녕하세요. 면접은 10분 내외로 진행할게요. / 먼저 자기소개랑 지원동기 이야기 해 주세요. / 간호학과는 전국적으로 많은데, 충남대학교 간호학과에 지원한 이유가 있다면 알려 주세요. / 어떤 간호사가 되고 싶어요? 인성적인 부분이나 어떤 분야에서 일하고 싶은지 말해 주세요. / 오, 아까 남을 도와주는 걸 좋아한다고 말씀해주셨는데(위의 답변중에 이 말을 2-3번 언급했던 걸로 / 음.(생기부를 확인하시고) 3학년때 노화 관련 탐구를 믾이 했네요. 현재 진행하고 있는 노화 관련 연 / 오 그럼 그 윤리적 문제를 어떻게 해결할 수 있을까요? / 마지막으로 하고 싶은말이나 못했던 말 있으면 해 주세요."
충남대학교,간호학과,"안녕하세요. 면접 번호 말씀해 주시고 앉아 주세요. / 네. 긴장하지 마시고 편안하게 답변해 주세요. 먼저 자기소개와 지원동기 말씀해 주세요. / 3년 동안 학급 임원 활동을 하셨네요. 투표를 통해 당선되었을 텐데, 친구들이 왜 본인을 뽑았다고 / 언제부터 간호사를 희망하게 되었나요? / 네. 이제 생기부 활동 질문을 드리겠습니다. 아동의 구강 불평등 문제를 탐구하셨는데 어떤 내용을 / 나이팅게일의 간호환경 혁신에 대해 탐구하셨는데, 대중에게 잘 알려지지 않은 사례는 무엇인가요? / 학생은 간호학과 진학 후 구체적으로 공부하고 싶은 분야가‘아동 간호’쪽인가요? / 생기부에 보니까‘학령전기 아동의 정맥주사 시 통증과 공포 반응을 감소시키기 위한 시각적 관심전 / 그렇다면 학생은 간호와 의학의 차이를 어떻게 보나요? / 간호 환경에 대한 탐구를 진행했는데, 탐구 동기와 탐구 내용을 말씀해 주세요. / 그럼 학생이 직접 소아병동 간호사와 인터뷰를 진행한 건가요? / 시간이 거의 다 되어서요, 준비했는데 못 한 말이나 마지막으로 하고 싶은 말 해 주세요. / 네, 수고하셨습니다."
충남대학교,건설공학교육과,간단한 자기소개와 지원동기 말해 보세요. / 교사로서의 역량은 무엇이 있나요? / 수업에 관심이 없는 학생이 있으면 어떻게 할 것인가요? / 최근 관심있게 본 기사가 있나요? / 그렇다면 그러한 사고를 막기 위해서는 어떤 방법이 필요한가요? / 사교육비가 많이 든다는데 이것에 대해서는 어떻게 생각하나요? / 마지막으로 할 말이 있나요?
충남대학교,건설공학교육과,학과 지원동기 말씀해 주세요. / 건설공학에 관심을 갖게 된 계기가 무엇인가요? / 우리 학과 졸업 후 진로를 알고 있나요? / 만약에 수업 중에 학생이 엎드려 자고 있으면 어떻게 할 것인가요? / 자신이 만났던 선생님 중 좋은 선생님과 나쁜 선생님이 있었다면 어땠는지 구체적으로 설명해주세요. / 토목 공학과 건축 공학의 차이를 아시나요? / 다른 친구들이 건설 공학의 매력에 빠져들도록 끌어드리려면(?) 어떻게 친구들에게 말해줄 것인가요? / 준비한 질문은 다 했고 마지막으로 하실 말씀 있으신가요?
충남대학교,건축학과(5),자기소개 해볼까요? / 그러면 건축학과로 다 지원한 건가? / 건축학과 오면 5년 동안 힘들 텐데 알고 있나요? / 건축이 하고 싶다고 생각했던 계기는 무엇인가요? / 언제부터 건축이 하고 싶었나요? / 건축에 관심이 있다고 했잖아요. 그러면 좋아하는 건축가 있어요? / 그러면 국내 건축가 중에서는 있나요? / 생각이 안 나면 안 난다고 이야기해도 돼요. / 건축과 관련해서 가장 재미있었던 과목이 무엇인가요? / 그러면 주변에 볼 수 있는 건축물이나 가 본 적 있는 건축물 중에서 좋아하는 건축물 있어요? / 창문이 뚫려 있다는 사실을 언제 인지하게 되었어요? / 건축학과 오면 팀 프로젝트라던가 많이 할 텐데 고등학교 때 협력한 활동 예시를 구체적으로 들어줄 / 마지막으로 할 말이라던가 준비했는데 미처 이야기하지 못한 거 있나요? / 수고하셨습니다.
충남대학교,경제학과,"안녕하세요. 저희 앞쪽 자리에 앉으시면 됩니다. / 네. 오시느라 수고하셨습니다. 우선 우리 충남대학교에 지원해 주셔서 감사합니다. 지원동기 부탁드려요. / 그렇군요. 학생부를 보니까 1학년 때부터 경제에 관심이 많은 것이 보여요. 혹시 언제부터 경제에 관 / 중학교 때부터 경제에 관심을 가지고 계셨다면 경제 뉴스도 많이 보셨을 것 같아요. 최근에 가장 인 / 그렇군요. 그렇다면 경제 기사 읽는 것 이외에 취미가 있나요? / 국내의 소설을 읽는 편인가요, 외국 소설을 읽는 편인가요? / 그렇군요. 미스터리는 흥미 있는 주제죠. 그렇다면 교우 관계는 어떻게 되는 편인가요? 좁고 깊게 친 / 3학년 때 부반장을 하고 계시는데, 리더의 역할은 무엇이라고 생각하나요? / 우리 학교에 입학하게 된다면 배우고 싶거나 하고 싶은 것이 있을까요? / 이제 거의 시간이 다 되어 마지막으로 준비한 말 듣고 마무리하겠습니다. / 수고하셨습니다."
충남대학교,경제학과,"충남대학교에 지원해 주셔서 감사합니다. 충남대에 지원하게 된 동기가 무엇인가요? / 브레튼우즈체제와 트리핀 딜레마가 어려운 개념인데, 어떤 것인지 설명해 볼 수 있을까요? / 네, 너무 잘 알고 있는 것 같아서 그만해도 될 것 같아요. 충남대학교에 오게 되면 어떤 것을 공부하 / 네, 생기부에 보면 애널리스트가 되고 싶다고 되어 있습니다. 물론 애널리스트만이 되어야 하는 것은 / 본인의 장점과 단점이 무엇이라고 생각하시나요? / 성격을 바꾸는 것이 쉽지 않았을 거 같은데, 왜 그런 결정을 하게 되었나요? / 네, 지금까지 말해본 걸 보면 경제에 대해 관심이 많고 많이 알고 있는 것 같아요. 고3 이어서 경제 / 이야기하다 보니 주식에 흥미가 많은 거 같아요? 실제로 주식투자를 하고 있나요? / (크게 웃음) 그러면 투자에 있어서 본인의 투자법이 있을까요? / 네 그러면 이제 읽었던 책에 관해 물어볼까요? 공부하느라 책 읽은 시간이 없었겠지만 읽었던 책에 / 네, 저는 이거 읽었을 때 세상이 이렇게 어렵게 유도한다고 생각이 들었습니다. 다른 인상깊은 책이 / 네, 어머니가 추천하신 책은 없나요? / 네, 이제 2분 남았는데, 마지막으로 하고 싶지만 못한 말이 있을까요?"
충남대학교,국어교육과,"들어오세요!! 안녕하세요~ / 네 여기 앉으세요. 충남대는 처음인가요? 올 때 괜찮았나요? / 오 헤맸어요? 놀랐겠네요. 자 그럼 지금 떨림도가 어느 정도인가요? / 네~ 자 그럼 지금부터 3가지 묻겠습니다. 자기소개와 지원동기 그리고 왜 충남대학교 국어교육과이어 / 지금부터 교육 문제에 대해 한 가지를 꼽고, 국어교육과가 그 문제에 대해 어떤 기여를 할 수 있을까요? / 네~! 교육 문제인 것은 다양한 범위로 있을 수 있습니다~!! 그 문제에 대해 국어교육과가 어떤 기여를 / 이제는 개념에 대해 질문하도록 하겠습니다. 화법과 작문, 언어와 매체 중의 하나 골라주세요. / 2가지 제시할 건데 둘 중 자신 있는 것 골라주시면 질문하겠습니다. 첫 번째는 합성어와 파생어의 / 네~ / ‘아버지가 내게 말씀하셨다’에서 주체높임이 실현되었다고 했는데, ‘가’에서는 실현이 안 됐고, / 네~ 선어말어미도 학교에서 배웠죠~ / (이후에 객체 높임 예문과 상대 높임 예문에서도 제가 들은 예문으로 질문하셨음) / 네~ 그런 것들도 배웠었죠~ (문법 설명할 때마다 이렇게 말하셨음) / 네! 준비한 질문은 여기서 끝입니다. 이제부터 마지막으로 할 말을 할 기회를 줄 것인데, 필요할까요? / 네 그럼 해주세요."
충남대학교,국어교육과,"네 들어오세요. / 네 자리에 앉아주세요. / 충남대는 처음이에요? / 오 그러면 익숙하겠네요? / 여기까지 긴장 풀기 위한 질문이었어요. 긴장은 좀 풀렸어요? / 그럼 이제부터 본격적으로 면접 시작할게요. 일단 자기소개를 하는데, 지원동기랑 층남대를 선택한 / 네, 잘 들었어요. 다음 질문할게요. 현재 국어교육 시안 중 관심 있는 것과 그것에 대해 말해 주세요. / 잘 들었어요. 그러면 비유법의 종류가 뭐가 있는지 말해 주세요. / 네 그러면 대중가요 속 비유법 예시를 하나 들어볼래요? / 네. 괜찮아요. 나중에 해보면 되죠. 그럼 이번엔 두 가지 중에 골라야 하는데요, 언어와 매체와 화법 / 좋아요, 그럼 ‘나 전달법’과 그 효능 또는 설득하는 글에서 효과적으로 설득하는 법 둘 중에 하나 / 오, 좋아요, 시작하세요. / 그럼 상황에 적용해 볼래요? 약속 시간에 친구가 늦은 상황으로 / 네, 잘 들었습니다. 저희가 면접 시간이 다 됐는데 마지막으로 하고 싶은 말 있으면 해도 되고 안 하 / 네, 해 보세요. / 네 잘 들었어요."
충남대학교,국어교육과,"어떻게 왔어요? (정확히 이렇게 물어보셨는지 모르겠지만 어떻게 왔냐는 식으로 물어보심. 남자 면접관 / 와보니까 어때요? 더 긴장되나요? / 아~ 그랬구나 그럼 이제 질문을 시작할게요. (면접관분은 남자분, 여자분 있으셨는데 남자분께서만 말씀을 하심) / 간단한 자기소개를 해볼 건데 간단한 자기소개랑 국어교사를 희망하는 이유, 왜 충남대학교 국어교육 / 다음 질문할게요. (여기 질문이 잘 기억이 안 나는데 뭐 최근이랑 관련된 이슈..? 같은 걸 어떻게 국어 / (약간 흥미롭게 들으시는 거 같았음) 음 이건 직접 해 본 거예요? / 아~ 직접 해본 적 있는 것처럼 말을 하길래 물어봤어요. 교육동아리였구나~ / 그럼 이제 교과지식과 관련돼서 질문을 할 거예요. (화법과 작문이랑 언어와 매체 중에서 선택하라고 / 그럼 두 가지를 말씀드릴 건데 이 두 가지 중에서 하나만 선택해서 답변하면 돼요. (‘나 전달법’을 활 / 네, 해 보세요. / 음 아니 그게 아니고~ (‘나 전달법’에 관한 걸 제대로 답변해야 된다고 말씀해주심. 잘 모르냐고 그 / 아~ ‘나 전달법’이 화법과 작문 교육과정에 있거든요. 수업 때 안 배웠어요? / 그랬구나. 그러면 (두번째 선택지 말해보라고 하셨음) / (뭐 예상되는~? 이렇게 말씀하시면서 대답을 유도하심) / 네~ 그거! (그 뒤에 하나 더 질문하심) / 그럼 그 근거를 준비할 때 유의해야 할 점은 뭐예요?(이렇게 말씀하셨던 건지 잘 모르겠는데 의도는 같음) / 이걸로 답변하지 그랬어요. (왜 나 전달법을 했냐고 하셨는지는 기억이 흐릿함) / 네, 질문은 다 끝났는데 마지막 한마디 하고 싶으시면 하셔도 되고 없으시면 그냥 인사하고 가셔도 돼요~ / 네~ 해 보세요. / 네 잘 들었어요, 나가시면 돼요."
충남대학교,국토안보학전공(남),"네, 안녕하십니까. 복장을 엄청 멋지게 입고 오셨네요. / 좋아요, 일단 자기소개랑 지원동기 말씀해 주세요. / 할아버지의 영향을 많이 받으셨군요. 그럼 솔선수범했던 경험 한 번 얘기해 주세요. / 희생정신이 아주 좋습니다. 그렇다면 생기부 관련해서 질문 드리겠습니다. 본인이 ‘전쟁학계론’이 / 좋은데요? 그럼 그 내용 말고 다른 내용, 기억에 남는 내용 말씀해 주세요, 시간 충분히 드리겠습니다. / 기억 안 나시나요? / 아 네, 좋습니다. 그렇다면 학생이 읽기 힘든 내용인데 대단하네요. 여기 공유 리더십과 소명 의식이 / 좋습니다. 훌륭합니다. 여기에 보면 축구 동아리에서 활약했다고 되어 있는데, 축구 잘하실 거 같은 / 여기 음악반장으로 봉사하며 음악적 감각이 뛰어나다고 되어 있네요? / 좋습니다. 마지막으로 하고 싶으신 말 짧게 30초 안 넘어가게 해 주세요. / 네, 수고하셨습니다. / 네, 나가셔도 됩니다."
충남대학교,국토안보학전공(남),"안녕하세요, 어제도 보고 오늘도 보네요. 반갑습니다. / 어제도 보긴 했지만, 그래도 간단하게 자기소개랑 지원동기 말씀해 주세요. / 좋습니다. 할아버지의 말씀에 영향을 많이 받은 거 같은데, 어떤 말씀을 해주시던 가요? / 조금 암울한 이야기지만 거기서 오히려 긍정적으로 부대원들을 지키겠다고 하시다니, 멋지네요. / 본인이 생각하기에 자신의 장점과 단점은 무엇입니까? / 좋습니다. 본인이 반장으로서 리더십을 보였던 경험이 있습니까? / 반항하는 친구도 있었을 것 같은데 음료수 같은 거라도 돌렸나요? / 쉽지 않았을 텐데, 멋집니다. 학생, 최저는 맞추셨습니까? / 좋아요. 학생 내신은 몇 등급이었죠? / 맞아요. 저도 어제 그렇게 봤던 것 같아요. 그럼 대학교는 군사학과 많이 썼습니까? / 그렇군요. 어제도 오고 오늘도 오고. 왔다 갔다 하셨을거 같은데. 혹시 학교가 기숙사이십니까? / 아, 그렇군요. 알겠습니다. 질문은 여기까지 하겠습니다. 꼭 좋은 결과가 있기를 바라겠습니다."
충남대학교,기술교육과,학과에 지원하게 된 동기가 무엇인가요? / 어떤 선생님이 되고 싶나요? / 학교생활 중 가장 어려웠던 순간은 무엇이었나요? / 학생이 생각하는 가장 이상적인 선생님은 무엇인가요? / 가장 관심 있는 기술이 무엇인가요? / 마지막으로 하고 싶은 말 있나요?
충남대학교,기술교육과,"기술교육과에 지원하게 된 이유가 무엇인가요? / 기술교사가 되면 어떤 수업을 하고 싶나요? / 좋은 교사란 무엇이고, 자신의 부족한 점은 무엇이라고 생각하는지 말해주세요. / 기술교육과에서 무엇을 배우는지 알고 있나요? / 기술 관련하여 관심이 있는 이슈가 있나요? / 마지막으로 하고 싶은 말이 있으면 해주세요."
충남대학교,기술교육과,"학교 출신이나 이름 언급하면 안 되니까 조심하세요.(따로 긴장을 푸는 멘트나 이런 건 없었습니다) / 기술교육과 왜 지원했어요? / 우리 학교 홈페이지 들어와 봤어요? / 그럼 기술교육과에서 뭐 가르치는지 알아요? / (말이 끝나자마자 바로) 그러면 배우는 과목은 알아요? / 선택과목 뭐 골랐어요? 미적분 했어요? / 선택과목 뭐 골랐어요? 미적분 했어요? / 미적분 들었다는거죠? 오케이. 그러면 탐구는 뭐 했어요? 과학 탐구 과목 했어요? / 음 오케이, 요즘 기술이 많이 발전하잖아요? 기술이 발전하면 좋은 부분이 많겠네요? / (약간 당황하시면서) 그러니까, 기술이 발전하면 항상 좋은 점만 있겠네요? / 방금 언급한 것처럼 chat gpt같이 AI가 발전하고 있는데, 앞으로 어떤 능력이 중요하게 평가될까요? / 오케이, 마지막으로 하고 싶은 말 있어요? / 그건 걱정 하지 마. 너가 일단 여기 들어오면 그 부분은 내가 책임지고 키워줄게. (끝마무리에서 긴"
충남대학교,농생명융합학부,"자기소개나 지원동기는 준비해 왔을 거 같은데 한 번 해 보세요. / (꼬리 질문)생물자원이라는 건 식물을 생각하고 있는 건가요? / 연구원이 꿈이면 어느 곳에 취업해야 하는지 알고 있나요? / 한 번 얘기해 주세요. / 3학년 때 상추 생장 실험으로 생활 폐수로 인한 상추의 생장 결과에 대한 실험을 진행하였다고 하였는데 / 실험을 진행하면서 잘 이뤄지지 않는다는 것을 알게 되었을 거 같은데 그 이유와 해결책을 말씀해 주세요. / 원래 성적 질문 잘 안 물어보는데 3학년 1학기의 성적이 저하된 이유가 있을까요? / 이공계 계열은 미적분이 중요한 거 알고 계시죠? 성적이 안 좋은데 어떻게 보완하실 건가요? / 우리 학부에 들어오면 2학년 때 학과를 선택하잖아요, 만약 원하지 않는 학과에 들어가게 된다면 / 친구와 다툼이 있던 사례와 해결책을 말씀해 주세요. / 학창 생활 열심히 했던 것과 아쉬웠던 것에 대해 말씀해 주세요. / 이건 대답하기 어려울 수도 있는데 농업이 현대 사회에 어떤 영향을 미칠 수 있다고 생각하는지 / 마지막으로 하실 말씀 있으면 해주세요,"
충남대학교,농생명융합학부,"면접순서가 뒷번호라 긴장은 다 풀리셨죠? 기본정보만 확인하고 바로 시작할게요.(면접번호랑 기본정 / 생활기록부를 확인해 보니까 생활기록부가 1, 2, 3학년 때 다 이 학과랑 좀 다르게 진로를 생각하고 / 어휴 준비를 굉장히 열심히 해오셨네요? 말을 굉장히 잘하시네! 질문 2개 했는데 벌써 시간이…. 아 / 학교 생활하면서 가장 인상 깊었던 경험과 가장 힘들었던 경험 말씀해 주세요. / 네~ 천천히 대답하셔도 됩니다. 허허 / 학업 말고도 학교에 입학하면 하고 싶은 활동이 있나요? / 마지막으로 하나 질문하고 마칠게요~ 이거는 제가 다른 지원자분들에게도 똑같이 물어본 건데 생활 / 마지막으로 할 말 짧게 해 볼까요? / (웃으면서) 네~ (두 분 동시에 운을 띄워주심) / 네 수고하셨습니다."
충남대학교,도시자치융합학과,"안녕하세요, 자기소개와 자신의 약점과 강점 말씀해 보세요. / 강점과 약점은요? / 대전시의 문제 중 가장 창의적으로 해결한 경험은 어떤 것이 있나요? / 학생이 우리 과목에 관심이 있는 것 같은데, 어떤 과목을 듣고 싶나요? (예상 못함) / 인구 감소 중 축소 도시 관련 탐구를 했는데, 어떤 탐구였나요? / 도시 사상가를 많이 탐구했는데, 르페브르의 공간 사회학에 대해 자세히 설명해 줄 수 있나요? / 도시에 외국인 노동자를 이주시켜 저출산 노동력 부족을 해결하고자 했는데 어떻게 하였나요? / 마지막으로 하고 싶은 말은?"
충남대학교,독어독문학과,"네~ 10번. 앞에서 기다렸죠? 뭐 했어요? / 그래요. 자기소개 해 볼래요? / 오~ 그럼요~. 네, 해 보세요. / (초반부에 잘 들으려 측면으로 트셨다가 들으며 곧 정자세 하심) 오~ 네. 잘 들었어요. 모두 잘 알아 / 관심 분야가 많은 것 같아요. 독어독문학과에 지원하게 된 이유가 뭘까요? / 좋아하는 작가들 누가 있을까요? / 요즘 아이들이 책을 안 읽잖아요. 근데 괴테를 어떻게 접했어요? 학교 활동하면서 접했어요? / 아 몇 권만? / 아 그냥 집에 있어서 읽어봤구나? / 그럼 괴테의 작품 중 가장 인상 깊게 읽은 책이 뭐예요? / 오? 그거 분량이 꽤 되는데.. / 기록부를 보면 철학 얘기가 많은데, 집에 어떻게 철학 관련해서 누가.. / 아아~ 어쩐지. 미인정 지각이 좀 있네요..? 여기에 대해서 얘기해줄 수 있나요? / (생기부 보시며) 네~ 그래 보이네요. 본인의 장점과 그리고 단점 한 번 얘기해 볼까요? / 기록부에 선생님들이 엉뚱하다고 하는데, 이건 무엇 때문이라고 생각하나요? / 친구들에게 웃음을 주는 학생이라고 적혀 있는데, 이건? / 진학 후 학습 계획이나 해보고 싶은 활동이 있나요? / 아 ○○연극제? (기억나지 않음) / (질문이 기억나지 않음) / 오? 뭘까요? / 확실히 엉뚱한 면이 있네요.(웃음) 보통 면접에서 이런 말은 잘 안 하는데.. 취업이 목적이 아니라고 / 기록부 보면 인문학이 중요하다고 생각하는 것 같은데, 인문학이 왜 중요할까요? / 독일어 관련 말고 다른 교과에서, 맡았던 역할이나 가장 기억에 남는 활동이 있을까요? / 오, 네 둘에 대해 어떻게 생각하시나요? / 혹시 마지막으로 하고 싶은 말 있을까요? 뭐 없어도 돼요. 있으면 해 보라는 거지. / 네~ 수고했어요."
충남대학교,독어독문학과,"많이 기다리셨죠? 어떻게 부모님이랑 왔어요? / 용감하시네요. 일단 자기소개부터 시작해 볼까요? / 상관 없습니다. / 본인의 독일어 성적이 어떤 편이라고 생각하세요? / 독문과에 관심을 갖게 된 계기는 뭔가요? / 그럼 철학과 가지 왜 독문과에 지원하셨어요? / 생기부 내용 중에 독일 68세대에 대한 내용이 있던데, 68세대에 대해서 설명해보세요. / 그럼 68운동이 독일에서 시작된 건가요? / 사실 프랑스에서 시작되긴 했는데, 68운동에 대해 알고 있는 것만으로도 대단한 거죠. 봉사활동 시간 / 독어독문학과 졸업 후에 어떤 일을 하고 싶나요? / 충남대학교 독어독문학과 홈페이지에 들어가 봤나요? / 그럼 저희 학과의 커리큘럼도 보셨을까요? / 커리큘럼에서 가장 기억에 남는 건 뭐였나요? / 임원 활동 많이 했던데 학우들이 보는 나의 모습은 어떨 것 같나요? 그리고 본인은 리더인 본인에 / 아 혹시 T 이신가요? / 시간이 거의 다 되어서 마지막으로 하고 싶은 말 해보세요."
충남대학교,무역학과,자기소개 및 지원동기 간단하게 말해 보세요. / 생기부 관련 질문 할게요. 3학년 동아리 활동시간에 에듀테크 관련 발표를 했다고 적혀있는데 이거 / 그렇다면 에듀테크를 할 때 생기는 문제점은 무엇이 있을까요? / 이번에는 생기부 외의 질문을 할게요. 미국 트럼프 대통령이 재당선이 되었는데 미국 국민들은 원래 / (질문을 다시 정리해서 알려주심) / 지원자의 말을 정리하면 미국 시민들은 본인의 이익 때문에 트럼프를 다시 뽑았다는 거잖아요? (꼬 / (답변하느라 애썼다는 표정을 지으면서 괜찮다고 웃으심) 다시 생기부 관련 질문 간단한 거 하나만 / 소외된 친구들을 구체적으로 어떻게 도와줬어요? / 면접은 여기서 마무리할게요. 나가셔도 됩니다. / (끄덕끄덕 빵긋) / (기억상 완전 빵긋 웃으셨던 것 같음 ㅎ)
충남대학교,불어불문학과,"안녕하세요. / 충남대학교까지 오느라 수고했어요. / 네, 그럼 면접을 시작하겠습니다. 먼저 지원동기 말해 줄래요? / 아 네, 좋습니다. 특이한 점이, 생기부에 프랑스어 발음체계를 조사해 보고서를 썼다는 내용이 있는 / r 발음 말고 다른 것에 대하여도 조사했네요? / 그때, 비강모음에 대해서 탐구했나요? / 어떤? / (비강 모음의 예시를 들어 설명해주심.) / 프랑스 이민자 통합 정책에 대해 탐구하였는데 그것에 대해 설명해 주세요. / 오, 알겠습니다. ‘자기 앞의 생’이라는 책 읽었네요? / 지원자가 통역사를 희망한다고 되어있는데 아직도 통역사 희망하나요? / 봉사요?(잘못 알아들으심) / 그렇다면 AI가 통역사의 자리를 위협 할텐데 어떻게 생각하는지? / 나중에 국제기구나 회의 같은 데에서도 번역할 생각이 있을거 같아요. / 저는 이 지원자에게 왜 관심이 있었냐면 공용어에 대해 활동을 했더라고요. 보통 공용어같은건 보기 / 음~빅토르 위고의 ‘웃는 남자’ 읽었는데 주제가 뭔 것 같아요? / 반장을 오래 하신 걸로 보이는데 등 떠밀려서 반장을 했다던가, 본인이 하고 싶어서 한 건가요? 그 / 훌륭하네요, 방해된 점은 없었습니까? / 네, 알겠습니다. 프랑스어도 배우셨는데 이름, 학교, 출신지 등을 제외하고 블라인드로 간단하게 자 / 아, 괜찮아요 잘했어요! 저는 이제 질문 다 한 것 같습니다. 면접관님 추가로 질문 있으신가요? / 음…지원자 마지막으로 하고 싶은 말 있으면 지금 하셔도 됩니다."
충남대학교,사회복지학과,"저희 학과에 들어오게 된 동기는 무엇인가요? / 디지털 소외계층 문제를 해결하기 위해 해결방안을 구상하였다 했는데, 구체적으로 설명해 주세요. / 덴마크의 복지정책을 다른 나라에 적용시켜 실행가능성을 선보였다 하는데, 자세히 설명해 주세요. / 마지막으로 하실 말씀이 있으면 해 주세요"
충남대학교,생물과학과,자기소개 해 주세요. / 엑소좀이 몸에서 어떤 역할을 하나요? / 근데 세포와 세포는 붙어 있는데 왜 굳이 엑소좀이 필요한 걸까요? / 그러면 엑소좀이 필요한 이유가 무엇일까요? / (고개를 끄덕거리심. 알겠다는 느낌이었고 다음 질문으로 넘어감.) 아 그런 방식으로? / 00동아리는 무슨 동아리인가요? / 동아리에서 어떤 역할을 하셨나요? / 어떤 강의..? / 학교에서 실험을 진행했네요? 쉽지 않았을텐데 어떻게 실험했어요? / 학교에서 한 실험의 결과가 어떻게 나왔나요? / 동아리에 비협조적인 친구들이 한 두명 있었을 텐데 그 상황에서 어떻게 대처했나요? / 자율탐구 프로젝트를 진행했네요? 설명해주세요. / 마지막으로 할 말 해 주세요.
충남대학교,생물과학과,"예 안녕하세요. / 자기소개 부탁드립니다. / 3학년 동아리는 어떤 동아리고 무슨 활동을 진행했는지 말씀해 주세요. / 선택적 스플라이싱은 뭐죠? / 심리학에도 관심이 있나봐요? BDNF유전자가 진짜 성격에 영향을 미쳐요? / 호오..(정적) 그럼 흑인, 백인, 황인 중에 어떤 인종의 지능이 가장 우월하다고 생각하시나요? / 아니, 그렇게 고민할 것 없이 그냥 면접이니까 떠오르는 대로 말해 보세요. 면접이니까 이건 답이 없 / 아뇨. 황인종이 가장 머리가 좋아요.(옆에 있던 면접관이 당황하심) 이건 신경과학적으로 검증이 된 / 제임스 왓슨... 이중나선 구조 밝히셨고. 최근에 돌아가셨고. 계속해서 유전자와 지능의 관계에 대해서 / 학생 운동 잘해요? / GMO탐구했네요. 그죠? GMO 사례에는 무엇이 있죠? / 사람들이 GMO를 꺼리는 이유가 뭐라고 생각해요? / GMO에 심각한 문제가 발생하면 어떻게 대처할 것입니까? / 그럼 상사에겐 어떻게 보고...어떻게 상사를 설득할겁니까? / 네 이제 시간이 다 되었네요. 마지막으로 하실 말씀해 주세요."
충남대학교,생물환경화학과,"안녕하세요. (아이스브레이킹 질문) / 자기소개 먼저 해 주세요. / (영농창업전형에 대해 설명해주심) / 생기부를 보니 기존 희망하던 분야와 지원한 학과와는 다른 분야인데 바뀌게 된 계기가 있나요? / 혹시 생각해 본 영농계획이 있으신가요? / (영농계획에 대한 꼬리 질문을 하심) / 본인 성격의 장단점은 무엇이라고 생각하나요? / 생기부에서의 행동 특성 및 종합 의견에 작성되어져 있는 내용에 질문하심. / 이제 면접 시간이 다 되었는데, 혹시 마지막으로 하고 싶었는데 못한 말이 있으면 해 주세요. / 아닙니다. 충분한 답변 잘 들었습니다. 수고하셨습니다."
충남대학교,소비자학과,"자기 소개 한 번 해 볼까요? / 불매운동과 관련된 동아리 활동을 진행한 것이 있던데 이 활동에 대해 설명해 주세요. / 동아리 활동에서 어려웠던 점은 없었나요? / 최근 청소년들이 인터넷에서 접한 정보들을 그대로 믿고 섣불리 투자해 손해를 보는 사례들이 / 우리 학과 홈페이지에 방문해 본 적이 있나요? 특히 배우고 싶은 과목이나 분야를 말해 주세요. / 진로활동에서 전통문화에 관해 탐구활동을 했는데, 조사 내용을 바탕으로 도출한 결론이나 느낀 점이 / 통합사회에서 기업과 소비자의 바람직한 방향을 네 컷 만화로 표현했다고 하는데 이 활동에 대해 / ESG경영에 관심이 많은 것 같은데 이를 바탕으로 팀 프로젝트를 진행한다면 구체적으로 어떤 활동을 / 마지막으로 할 말 있으시면 말해 보세요."
충남대학교,소비자학과,"학교를 둘러보니 어떤가요? / 청소년들도 비트코인을 많이 하던데, 비트코인에 대한 사회적 문제에 대해 생각을 말해 봐요. / 고등학교 팀 활동에서 주로 어떤 역할을 맡았나요? / 생활기록부에 감성마게팅과 정보마케팅에 대해 설문조사를 했던데요? / 면접자는 어떤 입장인지 궁금합니다. / 친환경 소비에 대해 주제로 팀플을 할 때 어떻게 할 건가요? / 마지막으로 하고 싶은 말 있나요?"
충남대학교,소비자학과,"먼저 충남대에 지원해줘서 감사합니다. 출신 고교, 이름, 사는 지역 (유의사항 가볍게 말해주심) 그럼 / 충남대 지원하게 된 동기를 말씀해 주세요. / 3학년때 주4일제와 관련된 토론을 했는데 반대 일원으로 참가했네요, 어떤 입장이었는지 말해줄래요? / 토론 결과가 어땠나요? / 오! 그렇군요. 학생들이 주 4일제에 반대하다니... 되게 새로웠어요(웃음) 3학년때 지역경제 살리기 프 / 네. / 환경과 관련해서 본인이 관심 있는 주제가 있으면 프로젝트를 가볍게 구상해보면 됩니다. / 좀만 더 자세히 얘기해 줄래요? / 네 알겠습니다. 충남대 홈페이지 봤나요? 충남대에 와서 어떤 걸 배우고 싶은지 말해 주세요. / 네. / 마지막으로 하고 싶은 말이나 질문 하고 싶은 거 있으면 편하게 해 주세요. / 안 그래도 3학년 성적이 많이 올라서 유심히 봤어요. 3학년때 성적 올리기 쉽지 않은데 열심히 했나보네요."
충남대학교,소비자학과,"안녕하세요. 자리에 앉으셔도 됩니다. / 오는 길은 좀 괜찮았나요? / 충남대학교 어떤 것 같아요? / (흥미로워하심) 좋네요. (면접 유의사항 말씀해주심.) 바로 시작하겠습니다. / 우선 자기소개랑 지원동기 먼저 들어 볼게요. / 네. 최근 들어 청소년들이 코인 투자, 주식 투자를 많이 하고 있어요. 이렇게 투자를 할 때 사람들이 / 구체적인 이유를 들어서 말씀해 주세요. / 네, 그러면 이제 교수님께서 생기부 활동 기반으로 질문할게요. / 경제 글쓰기 활동에서 공매도 문제의 시사점을 제시한 글의 내용이 매우 우수하다고 했는데, 이 내용 / 아까 지원 동기에서 교내 팝업스토어 프로젝트를 진행했다고 했는데, 이 활동에서 본인의 역할은 무 / 그 빙수는 직접 만든 건가요? / 오우, 시간이 빨리 가네요. (약간 놀라심) 여기 보면 활동에서 팀장으로서 중심 역할을 수행했다고 해 / (토핑경제 개념과 관련하여 학생들이 이러한 소비 문화에 실제로 관심이 있는지, 왜 이 개념을 설정 / 만약 충남대학교에서 친환경 소비를 알리기 위한 팀 프로젝트 활동을 진행한다고 할 때, 참여하는 / 공정무역 제품이 좋은 건 맞는데, 사람들이 왜 공정무역 제품을 소비하지 않는 걸까요? / 시간이 다 되어서 혹시 준비했는데 하지 못했던 말이 있거나 마지막으로 하고 싶었던 말이 있으면"
충남대학교,수학과,"충남대학교 이곳까지 찾아오는데 어려움은 없었나요?(웃으시며) / 잘 찾아왔다니 다행이네요.(흐믓해 하시면서) / 충남대학교 수학과에 오게된 이유가 뭔가요? / 고등학교 생활 중 했던 활동 중에 가장 기억에 남는 활동이 있나요? / 여기 보면 중학교 수준의 개념이 부족한 또래에게 일대일 튜터링 활동을 했다는데 어떻게 했나요? / 3학년 진로활동 시간에 파이썬을 이용한 사다리 타기 코드를 직접 작성했다고 했는데 어떻게 했나요? / 파이썬 코드를 직접 작성하여 탐구했다고 했는데 어떻게 했나요? / Chat gpt인가요? / 혼자 하는 활동 말고 다 같이 하는 팀 프로젝트 활동을 한 적이 있나요? / 그 과정에서 어떤 어려움이 있었나요? / 본인은 2학년 때 반장 선거와 3학년 때 전교 부회장을 했는데 어려움은 없었나요? / 1학년 2학년 3학년 동안 진로활동 부분에서 수학교육에 대해 관심이 있는거 같던데 왜 수학교육과가 / 0.999...와 1이 같은 이유를 설명 해볼래요? / 방학 때 지역아동센터에서 중학생들을 상대로 수학 공부를 도와줬다고 하는데 어떻게 했나요? / 칠판 같은 곳에서 가르쳤나요? 아니면 옆에서 가르쳤나요? / 마지막으로 하고 싶은 말 있나요? / 네, 해도 됩니다. / 네, 당연히 있습니다."
충남대학교,수학과,"마지막 차례라 힘들었을 텐데 괜찮았나요? / 간단한 질문부터 할게요. 지원동기가 무엇인가요? / 고등학교 생활 동안 탐구한 활동 중 가장 기억에 남는 활동에 대해 소개해 주세요. / 로피탈 정리의 증명은 본인이 직접 한 것인가요? 아니면 증명 과정을 검색해본 건가요? / 로피탈을 사용할 수 있는 조건이 무엇인가요? / 동아리에서 등비수열을 이용한 드림캐처를 만드는 수학 부스를 운영하였는데 이에 대해 자세히 말해 / 학생회에서 홍보부 부장 역할을 해왔네요. 학생회 활동 중 가장 기억에 남는 활동이 무엇인가요? / 수학과에 온다면 어떤 숏츠를 만들고 싶나요? / 2학년 진로 시간에 수학교육에서 인공지능 활용에 관한 예비 수학 교사의 인식 분석에 대한 문헌을 / 요즘 학생들이 과제를 할 때 인공지능을 많이 활용하는데 이에 대해 어떻게 생각하나요? / 2학년, 3학년 진로에서 수학교육에 관한 활동들을 많이 해왔는데, 왜 수학교육과가 아닌 수학과를 지 / 어떤 방식으로 학생들에게 수학을 가르쳐줬나요? / 친구들에게 수학을 알려주고 기분이 어땠나요? / 마지막으로 하고 싶은 말 있나요?"
충남대학교,스마트시티건축공학과,면접하러 오는데 괜찮았나요? / 대학교 캠퍼스 돌아 다녀보았나요? / 긴장 푸시고 천천히 시작하셔도 됩니다. 자기소개와 이 학교에 지원하게 된 동기 이야기해 주세요. / 발생하는 에너지와 건축 폐기물 관련 질문(질문이 정확히 기억이 안남) / 학교 생활 중 힘들었던 경험이 있나요? / 그 친구들과는 친하게 지내나요? / 자신의 장·단점을 이야기해 보세요. / 단점이 없을 수도 있습니다. / 자신과 안 맞다고 생각하는 유형의 사람이 있나요 그리고 본인은 남들에게 어떻게 보이려고 노력하 / 건축공학과에 진학하기 위해 노력한 점이 있나요? / 제가 알기로는 CLT라는 기술이 우리나라에 보편화되어 있지는 않은 것으로 알고 있는데 이를 도입 / 우리 학과 사이트에 들어가 보셨나요? / 거기 커리큘럼을 보셨을 텐데 어떤 부분에 관심이 있나요? / 이 학과의 전망에 대해서 어떻게 생각하시나요? / AI를 활용한다고 하셨는데 무엇이 있을까요? / 시간이 얼마 남지 않았는데 마지막으로 하고 싶은 이야기가 있을까요?
충남대학교,신소재공학과,밥은 먹고 왔어요? / 네~ 면접 시작하겠습니다. 먼저 자기소개 해 주세요. / 네 그럼 지원동기가 어떻게 되세요? / 태양전지에 대해 탐구활동을 하셨네요. 태양전지의 문제를 해결하는 이유가 뭐라고 생각하세요? / 그럼 태양전지가 아직까지 비효율적이라고 생각합니까? / 3학년 동아리에서 아스피린 전달을 위한 나노 기반 약물 전달 플랫폼 비교로 발표를 하셨다고 하는 데 / 네~ 그러면 충남대학교에 입학을 한다면 뭐에대해 연구를 하고 싶은신가요? / 네. 알겠습니다. 면접은 끝났습니다. 수고 하셨습니다.
충남대학교,신소재공학과,자기소개 해 주세요. / 제일 좋았던 봉사활동 말해 주세요. / 제일 좋았던 동아리 활동 말해 주세요. / 탄소가 원자번호 몇 번인가요? / 물리학Ⅱ를 수강하지 않았는데 그 이유가 뭔지 말해 보세요. / 열역학 법칙이 뭔지 알아요? / 뉴턴 3법칙 말해 보세요. / 만유인력법칙이 뉴턴 3법칙에 포함되나요? 만유인력법칙이 뭔가요? / 제일 좋아하는 과목이 화학인가요? / 마지막으로 하고 싶은말 해 주세요.
충남대학교,신소재공학과,"자리에 앉으시고 면접 시작하겠습니다. / 친구와 갈등이 생겼을 때 어떻게 해결하고자 합니까? / 뉴턴 법칙 3가지를 아십니까? / 뉴턴 제 2법칙, F=ma에서 a는 무엇을 의미합니까? / 가속도는 무엇을 미분한 값입니까? / 읽었던 책 중 가장 기억에 남는 것은 무엇입니까? / 수고하셨습니다. 마지막으로 하실 말씀 있으면 이야기 해 주세요."
충남대학교,심리학과,"학과에 들어온 후 목표를 말해 주세요. / 영어 좋아해요? 심리학과는 영어를 잘해야 하는데. / MMPI 검사에 대해 탐구했다고 적혀있는데 이 검사가 뭔지 설명해 볼래요? / 동기요인에 대해서도 탐구했는데 동기요인이 뭔지 알아요? / 심리학과는 수학이랑 프로그래밍도 중요한데 좋아해요? 수학 성적을 보니 높지 않은데요 / 학원이요? 대학에 와서 배우면 되지 학원을 간다는 말은 안 맞지 않나요? 그렇죠? / 마지막으로 하고 싶은 말 있을까요? / 그런 거 말고 다른 하고 싶은 말은 없어요? / 네, 나가셔도 좋습니다."
충남대학교,심리학과,"심리학과에서 무엇을 하고 싶은지, 심리학과 졸업 이후 어떤 계획을 가지고 있는지? / 인터넷, IT 분야에서 인지심리가 어떻게 활용되는지 아시나요? (꼬리질문) / 2,3학년에 부반장으로 활동했는데 부반장으로서 어떤 사람인지 대답해 주세요. / 영어 성적이 낮은데 어떻게 공부했어요? / 그럼 수학은 어떻게 공부했어요? (꼬리질문) / 대표성 휴리스틱 실험을 설명해 주세요. (3학년 동아리 활동) / 그렇다면 추론이 무엇인지? (꼬리질문) / (말 끊으면서) 수학적으로 설명해 주세요. / 네, 제가 그걸 물어보고 싶었어요. / 만약 대학원을 가지 않는다면 무엇을 하고 싶습니까? / 그렇다면 인공지능에서 필요한 역량을 무엇일까요? (꼬리질문) / 다학제적 사고를 인공지능에 적용한 예시를 들어주세요. (꼬리질문) / 자신이 생각하는 자신은 어떤 사람인가요? / 하고 싶은 말 있으신가요? (마지막으로 할 말을 정했으면 말하라는 의미)"
충남대학교,심리학과,"네 그럼 바로 면접 시작하겠습니다. 우리 학교에 지원한 동기나 이유에 대해 말씀해 주시겠어요? / 그렇군요. 그렇다면 심리학도 많은 분야가 있는데, 심리학에서 어떤 분야 하고 싶은가요? / 알겠습니다. 생기부를 보니 상담심리학과 관련된 활동은 많은데, 다른 심리학 중에 또 어떤 분야에 / 좋습니다. 생기부 활동 중에 동아리 활동에서 2학년 때 또래 상담 동아리 부장을 맡으셨던데, 동아리 / 그렇다면 부장 선거에서 내세운 공약은 무엇이 있었나요? / 알겠습니다. 상담심리학에 대해 어느정 도 알고 있는 것 같은데요. 그렇다면 임상심리학에 대해서는 / 알겠습니다. 혹시 좋아하는 심리학 관련 도서가 있나요? / 알겠습니다. 3학년 때 생명과학2를 수강하셨던데, 수강한 이유가 있나요? / 그래서 나왔나요? / 허허. 다음으로 요즘A.I가 화제가 되고 있는데, 심리학이나 상담에 대한A.I의 활용에 대한 개인의 견 / 알겠습니다. 마지막으로 하고 싶은 말이 있다면 해 보세요."
충남대학교,심리학과,"네, 안녕하세요. 역량이 뛰어나신 것 같아 불러 봤어요. / 네, 그럼 학업 계획과 진로 계획 말해 보세요. / 마케터요? 마케터면 경영 쪽으로 가도 될 텐데 왜 심리학과를 희망한 거예요? / 1학년 때 정보 수업을 들었는데 기억나는 거 있어요? / 고3 때 경제수학을 배웠는데 일반수학과 다른 점이 있었나요? / 동아리가 전반적으로 심리학과 연관이 있지는 않네요? / 심리학 수업 수강했는데 기억 나는 심리학 이론 말해 보세요. / 설명한 이론이 마케팅과 연관이 있지는 않네요. 아까 심리학이 마케팅에 효과적으로 활용된다고 말 / 컴퓨터 잘 다뤄요? / 자격증이 중요한 게 아니고요. 앞으로 많이 쓸 거예요. / 마케터 말고 염두에 두고 있는 직업 있어요? / 대학원 진학할 계획 있다고 했는데 어느 쪽으로 진학할 거예요? / (다른 면접관에게 질문함) 더 질문할 거 있으신가요? / 다 했습니다. / 네. 마지막으로 하고 싶은 말 있나요? / 네. 나가도 좋습니다."
충남대학교,심리학과,"반갑습니다. 이 자리에 오신 것부터 서류 검토 후 충분한 자격을 가져서 오신 거니까 너무 부담 마 / 먼저 저희 학과에 들어와서 학업 계획에 대해 이야기해 주세요. / 심리학과 연계 전공에 무슨 과목이 있는지 알고 있나요? / 졸업 후에 생각해 본 진로가 있나요? / 심리학 연구원이 되면 어디에서 일할 수 있어요? / 국가에서 운영하는 심리학 연구소가 있어요? / 사립연구소는 구체적으로 어떤 곳이 있어요? / 만약에 심리학 연구원이 되지 못한다면 어떤 진로로 갈 생각이에요? / 임상심리사는 어떻게 하면 될 수 있어요? / 그러면 임상심리사 얘기는 왜 나온 거에요? / 생기부를 보니까 3년동안 학급 반장을 했네요? 자신의 리더십에 대해서 스스로 평가해 주세요. / 생기부를 보니까 수학 쪽 성적이 다른 과목에 비해 낮은데 특별한 이유가 있을까요? / 2학년 때 뉴로모픽과 SNN시스템에 대해서 탐구를 했다고 하는데, 뉴로모픽과 SNN시스템이 뭐죠? / 정보시간에 했었던 활동들에 대해서 설명 좀 해 주세요. / 머신러닝. (질문형으로 얘기하지 않고 진짜 딱 이렇게만 얘기하심) / 그냥 회귀 분석에 대해서도 아나요? 로지스틱 회귀 분석이“로지스틱”회귀 분석이니까 그냥 회귀 / 심리학 연구를 진행한다면 심리학의 어떤 분야를 연구하고 싶어요? / 인지심리학을 연구하려면 가장 중요한 역량이 뭘까요? / 그렇게 애매하게 얘기하지 말고 구체적으로 얘기해 주세요. / 알고 있는 인지심리학 이론이 있나요? / 해당 이론을 어디서 알았어요? 책? 논문? / 해당 이론을 학습한 경로가 어딘가요? 책이라거나 인터넷 검색이라거나 등등. / 마지막으로 저희가 들어야 될 말이 있을까요?"
충남대학교,심리학과,"네 생활기록부 관련 검토는 저희가 면밀히 검토를 끝냈고 뛰어난 역량을 가지고 있어 이 자리에 모 / 생각해본 향후 진로 계획이 있나요? / 혹시 컴퓨터는 좋아하나요? / 어떤 것을 좋아하는데요? 좀 구체적으로요. / 코딩은 할 줄 아시나요? / 1학년 때 정보 수업을 수강했던 것을 알고 2학년 떄 인공지능의 기초라는 수업이 개설되었던 것으로 / 생활기록부를 보면 ~~~~ 활동을 했는데 00000 강연에 대해서 설명해 줄 수 있나요? / 2, 3학년 때 학급 반장으로서 일을 하면서 자신이 보여준 리더십은 어떤 것이었나요? / 아까 교수가 되고 싶다고 했는데 만약 안된다면 어떻게 할 건가요? / 네 실제로 교수를 중도에 포기하는 학생이 많이 있어 하는 말입니다. / 이러한 상황에 대해서도 좀 더 고민해보는 게 좋을 거예요. / 마지막으로 하고 싶은 말이 있나요?"
충남대학교,심리학과,"여기 와서 앉으세요. / 네. 우리가 학생 생기부를 봤는데, 우리 심리학과에 들어올 자질이 있는 것 같아서 이렇게 면접을 진 / 네, 그럼 면접 시작하겠습니다. 우리 학과에 입학 후 학업 계획이 어떻게 되나요? / 어떤 직업이요? / 프로파일러는 어떻게 해야 될 수 있는 직업인데요? / 네, 그럼 프로파일러 말고 다른 직업은 없나요? / 어떤 과목을 가르칠 건데요? / (노트북으로 생기부 내용을 찾아보며) 심리학 과목을 들었었네요. 심리학 시간에 했던 활동 중 가장 / 깨진 유리창 이론에 대해 설명해 보세요. / 깨진 유리창 이론을 청소년 범죄와 관련지어 청소년의 도박과 마약 중독 문제에 적용시켰네요. 어떻 / (다시 노트북으로 생기부 내용을 보며) 정보 시간에 발표를 했었네요. 어떤 내용인지 설명해 보세요. / 네, 그러세요. / 데이터 뭐 이런 것과 관련된 내용 아니었나요? / 네. (노트북으로 생기부 내용을 보며) 사회 과목의 성적들은 좋게 나왔는데, 국어나 수학 과목의 성적 / 왜요? 어떤 것을 근거로 다르다고 생각하나요? / 네, 마지막으로 하고 싶은 말 있으면 해 보세요. / 그렇다면 왜 AI가 인간과 같아질 수 없다고 생각하나요? / 네, 수고하셨습니다."
충남대학교,언론정보학과,"(웃으시며) 네 면접 시작하겠습니다. 저희 학과에 지원하시게 된 동기를 이야기 해 주세요. / 그렇군요. 반장이나 부반장은 해 보셨나요? / 그러면 기억에 남는 일이 있었나요? / 본인의 장단점은 뭐라고 생각하나요? / (소리 내어 웃으시며) 친구들이 많이 서운해하겠네. 그렇죠? / (처음으로 오른쪽 면접관께서 질문하심) 아까, 지원 동기에서 초등학교와 중학교 때 방송부를 해왔다고 / (다시 왼쪽 분이 입을 떼시며) 3학년 때 동아리는 몇 명 정도인가요? (제가 너무 떨어 긴장을 풀어주 / 아, 그래요? 동아리가 몇 종류 정도 되나요? / 10명 정도 되는구나. 인원수가 많이 적네요? / 아, 그렇군요. 혹시 언론 관련된 학과 중 어떤 것이 더 끌립니까? / 여긴 면접이니까 그렇게 단답형으로 말하면 좋은 점수를 드리기가 어렵죠. / 2학년 때 동아리에서 토론했네요? / (두 분 다 당황하시며) 아, 네. 그러면 혹시 이것만은 내가 말하고 싶다 싶거나 준비해오신 활동이 있 / (웃으시며) 네 수고하셨습니다."
충남대학교,언론정보학과,"본인이 이 학과에 지원한 동기를 포함해 자기소개를 해 주세요. / 장점이나 단점과 같이 본인에 대해 조금 더 구체적으로 소개할 수 있나요? / 본격적으로 질문 시작하겠습니다. 영상 부분과 관련해서 어떤 경험을 했나요? / 온라인에 영상을 게시한다는 건 유튜브 같은 곳을 말하는 건가요? / 그러면 구독자 수나 영상 콘텐츠 등 본인의 유튜브 채널을 소개해 보세요. / 아까 자기소개에서는 미디어의 문제를 해결하고 싶다고 하셨는데, 그렇다면 본인은 영상을 제작하는 / 그러면 본인이 경험한 가짜 뉴스는 무엇인가요? / 마지막으로, 나올 줄 알고 준비했는데 안 나온 질문이 있으면 말해 보세요. / 그 질문에 대해 답해 보세요."
충남대학교,언론정보학과,"점심은 드셨어요? / 그럼, 자기소개와 함께 이 학과에 지원하게 된 동기를 말씀해 주세요. / 예능 프로그램을 만들고 싶다고 하셨는데, 구체적으로 어떤 예능 프로그램을 만들고 싶나요? / 진로활동에 5분 드라마 제작 활동이 있던데, 이에 대해 소개해 주세요. / 영상 편집 같은 건 배운 적 있나요? / 생활기록부에 선생님께서 ‘성실함을 인간으로 표현하면 이 학생이다’라고 하셨던데, 그 이유가 뭐 / 생활기록부에서 본인의 장점과 아쉬운 점은 무엇이라고 생각하나요? / 가장 인상 깊었던 활동은 무엇인가요? / 마지막으로 하고 싶은 말이 있다면 해 주세요."
충남대학교,언어학과,"안녕하세요. 앉으시면 됩니다. / 충남대학교 언어학과에 지원해 주셔서 감사합니다. 오는 길에 힘들지는 않았나요? / 네. 블라인드 면접이기 때문에, 면접에서 본인의 성명과 부모님의 직업, 출신 고교, 출신 지역 등을 / 그럼 자기소개와 지원동기부터 들어볼게요. / 네. 그럼 졸업 후에 목표가 어떻게 될까요? 직업이나, 혹은 어떤 사람이 되고 싶어요? / 음... 좋은 사람이 되고 좋은 세상을 만들고 싶다고 했는데 우리 언어학과가 아니라 언론 쪽에서도 / 네. 언어학에 대해 알고 계시는가요? / 그럼 우리 언어학과에서 배우고 싶은 과목은 뭔가요? / 네. 정책을 잘 아는 것 같은데, 그래도 언어학과니까.. 현실에서 언어학과 관련된 이런 정책이 / 네. 봉사활동에서 학생 주도 봉사 프로젝트? 이건 학생들이 하는 건가요? / 음. 봉사활동을 보니까 여러 차시에 걸쳐서 엄청 많은 활동을 했는데 왜 이렇게 여러 활동으로 / 네. 수학 시간에 정보 확산의 메커니즘과 그 사회적 파장을 분석했다고 쓰여 있는데, 이 활동에 대 / 네. 1, 2학년 때 개근했는데 학교를 빠지지 않은 본인만의 특별한 이유가 있나요? / 네. 그런데 학생은 지각도 하나도 없는데, 지각을 안한 이유가 있나요? / (웃으시며) 학생만의 공부법이 있나요? / 네. 학생이 가장 좋아하는 과목과 싫어하는 과목은 뭐예요? / 읽는 것을 좋아한다? (흥미로워하심) / 네. 좋은 사람이 되고 싶다고 했는데, 그럼 왜 좋은 사람이 되고 싶나요? / 네. 그럼 마지막으로 하고 싶은 말 해 볼까요? / 수고하셨어요."
충남대학교,영어교육과,"네, 앉으세요 (웃으면서 맞이해주셨음). 오면서 학교 보니까 어땠어요? / 하하 충남대가 크죠? 대한민국에서도 큰 편일 거예요. 그럼 질문 해 볼게요. / 일단 영어교육과다 보니까 영어로 자신있는 말 해볼래요? 자기소개나 포부같은 거 준비한 거요. / (웃으시면서) 준비 열심히 했네요. / 그럼 준비한 거 말고, 생기부 보니까 영어I 활동에서 식당 후기 말하기 활동을 했는데, 좋아하는 식 / 보니까 2학년 때부터 성적이 되게 좋아졌어요. 어떤 계기가 있을까요? / 그렇군요. 지금은 많이 나아진 거죠? 다행이네요. / 그럼 다음 질문 할게요. 재밌었던 게 햄릿을 읽었다고 하는데, 읽으면서 느낀 점 있나요? 어려움 같 / (고개를 끄덕이시며) 네, 다음 질문 할게요. 심리학과 영어교육을 연계하여 긍정적 영향을 주는 교육 / (고개를 끄덕이시며) 그리고 또 재밌었던 게 한국과 미국의 재난 대처 매뉴얼과 픽토그램을 비교 분 / 네. 좋아요. 그러면 학생은 왜 다른 학교도 있는데 충남대 영어교육과에 지원했어요? / 출석을 보니까 1학년때 질병 결석이나 조퇴가 많은데 특별한 이유가 있나요? 아까 그... / 그렇군요, 특이 사항이 있으면 보통 생기부에 적혀있는데, 따로 적힌 게 없어서 물어봤어요. 질문할 / 학생은 정말 이쪽 진로로 가면 좋을 것 같아요. 충남대 말고 다른 곳에도 어플라이 했을텐데 여기 / 그러면 학생은 자신이 그리는 이상적인 영어 교사상이 있어요? 어떤 교사가 되고 싶다던가 / 시간이 이제 얼마 남지 않아서, 혹시 우리가 하는 질문 말고 더 하고 싶은 말 있어요? 물어보고 싶 / 영문학을 되게 좋아하나봐요 / 지금 얘기를 들어보니까 영문학에 대해서도 되게 관심이 많은 것 같은데, 영문학과를 고려해 본 적 / (웃으시면서) 그렇군요, 정말 꼭 영어교육 쪽으로 갔으면 좋겠어요. 진짜 마지막으로 하고 싶은 말 / (다른 면접관님을 가리키며) 이 선생님이 그쪽 담당 선생님이세요. 충남대 입학하면 이 선생님에게 수"
충남대학교,의류학과,"예, 앉으세요. / 면접을 시작하기 전에 면접관이 부탁드리고 싶은 것은 정답을 말하려 하지 마세요. 저희는 면접자의 / 자기소개 준비 해 오셨나요? / 예, 안 물어 볼 거고요. / 자신을 의류로 표현한다면 무엇입니까? / 떨지 마시고 편하시게 하시면 됩니다. / 예, 좋습니다. 본인이 생각했을 때 패션이란 무엇입니까? / 아뇨 아뇨 그런 것을 물어본게 아니라 본인의 생각을 물어 본 것입니다. 다른 질문드리겠습니다. / 생활기록부를 보니 패션에 대해서 많이 탐구하셨던데 본인이 아는 패션계의 이슈 같은 것이 있습니까? / AI 모델이라는 게 뭡니까? AI 아바타를 이야기하는 건가요? / 그럼 이렇게 AI를 사용하는 것이 미래 패션 산업에 영향을 줄 것 같습니까? / 예, 그리고 다른 것들도 많이 탐구하셨네요. 자신이 자신 있는 탐구 내용에 대해서 말씀해 주세요. / 패션이라는 것이 유행이라는 뜻 그 자체인데 유행을 타지 않는 유행이라니 모순적이지 않습니까? / 동아리 활동도 하셨던데 동아리 활동 가운데 발생한 문제상황을 어떻게 해결했는지 알려주실 수 있 / 전체적인 활동 가운데 기억에 남는 것이 있나요? / 아까 환경 문제로 돌아와서요 의류 산업이 환경에 문제를 줄 수 있다는 말을 본인이 하셨습니다. / 면 소재로 만들면 비싸지지 않을까요? 이 비용적 측면은 어떻게 할 것입니까? 또한 본인도 옷을 살 / 예 그러면 마지막으로 하려고 했는데 하지 못했던 말 한번 해보세요. / 옙 수고 하셨습니다."
충남대학교,의예과,올 때 안 힘들었어요? / 자기 소개 해 주세요. / 고등학교에서 가장 기억에 남는 활동? / 고등학교에서 가장 기억에 남는 동아리 활동? / AI가 의료에 활용된다면 의사의 역할은 어때야 할까? / 진학 후 어떤 의사가 되고 싶나요? / 마지막으로 하고 싶은 말은?
충남대학교,의예과,"간단하게 자기소개 해 주세요. / 동아리에서 맡았던 역할이랑 했던 활동 소개해 볼까요? / 의사로서 앞으로 올 인공지능 시대에 어떻게 대비하고 싶으신가요? / 롤모델이 누군가요? / 해외 의료 봉사활동이 다양하게 있는데, 알고 있는 활동이 있으면 말해 보세요. 그리고 그 활동에 참 / 학교생활 하면서 남을 도운 경험이 있으면 말해 보고, 어떤 계기로 했는지 말해보세요. / 고등학교 생활하면서 감사했던 선생님은 누군가요? / 아까 자기소개에서 정밀의학에 관심있 다고 했는데, 학생이 생각하는 정밀의학은 뭔지 간단하게 설명 / 마지막으로 하고 싶은 말 있으면 해 보세요."
충남대학교,의예과,"행동특성 및 발달사항 읽어 보셨나요? / 모범 학생이며 조용하고 차분한 성격이라는 말이 있는데, 이거에 대해 어떻게 생각하시나요? / (의사로서 의견을 잘 피력할 수 있는 것이 중요한 이유에 대해 설명하심.‘극복해서 좋다. 조용하고 / 반장, 부반장 활동을 하셨다고 했는데, 어려운 점은 없었나요? / 가장 기억에 남는 봉사활동은 무엇이었나요? / 시간이 1분 조금 넘게 남았는데, 마지막으로 자기 pr 해 보세요."
충남대학교,의예과,"오늘 비가 오는데 오는 길에 불편함은 없으셨나요? / 충남대학교 의예과에 지원한 동기가 무엇인가요? / 생기부에 동아리 활동이나 실험 활동 등이 많이 기재되어 있는데, 가장 기억에 남는 활동 하나 소개 / 의사들 중에 자선 단체 등에서 봉사 활동을 하는 이들이 있는데, 이와 관련하여 알고 있는 예시가 / AI가 발전하는 가운데, 의학 분야에 AI를 활용하는 것에 대해 어떻게 생각하는지 말씀해 보세요. / 마지막으로 하고 싶은 말이 있다면?"
충남대학교,의예과,오시느라 수고 많으셨습니다. 긴장되거나 떨리진 않으셨나요? / 자기소개와 함께 지원동기 간단하게 말해 보세요. / 고등학교에서 했던 동아리 활동 중 가장 기억나는 활동은 무엇이며 그 활동에서의 자신의 역할은 무 / AI가 의학 분야에 미치는 영향에 대한 자신의 생각과 이러한 변화에 본인은 어떤 준비를 할 것인지 / 자신이 생각하는 좋은 의사란 무엇인지 말해 보세요. / 자신의 롤모델은 누구이며 그 사람의 어떠한 점을 본받고 싶고 그렇게 되기 위해 어떠한 노력을 하고 / 마지막으로 하고 싶은 말이 있으면 해 보세요.
충남대학교,의예과,(긴장을 푸는 간단한 질문 후) 자기 소개부터 부탁드립니다. / 학교생활 중 동아리에서 실험을 많이 진행하셨던데 가장 인상 깊었던 실험과 그 실험에서 맡은 역할 / 본받고 싶은 인물과 그 이유가 무엇인가요? / 좋은 의사는 어떤 의사라고 생각하시나요? / 학교 생활 중에 재미있었던 일이 있다면 어떤 일이 있나요? / 학교 생활 중 부반장을 많이 맡으셨는데 혹시 힘든 점은 없었나요? / 혹시 본인이 친구들을 도운 구체적인 사례가 있나요? / 생활기록부를 보니 AI와 관련한 이야기가 많던데 AI와 의사의 미래에 대해 어떻게 생각하시나요? / (이전 답변을 진행하는 동안 시간이 1분 남았다는 노크가 들려옴.) 마지막으로 하고 싶은 말 있으신가요? / 수고하셨습니다.
충남대학교,의예과,날씨가 비 왔는데 오는데 딱히 어려움은 없었나요? / 간단히 자기소개? / 의료 AI에 대해 어떻게 생각하나요? / 고교시절 동안 인상 깊었던 활동은 무엇인가요? / 가장 인상 깊었던 동아리 활동은? / 마지막으로 하고 싶은 말?
충남대학교,의예과,"밖에 비 오는데 올 때 힘들지는 않으셨어요? / (인상이 좋아 보인다고 칭찬하신 후) 생활기록부에 신경과 의사가 되고 싶다고 나와 있는데, 그 이유 / 저희 학교에 대해 많이 조사해 보셨나 보네요? / 봉사활동 중에 힘들었던 경험 있나요? 아니면 가장 기억에 남는 봉사활동 있나요? / 정기적으로 하는 활동인 건가요? / 생기부 보니까 봉사활동에서 브레인 다운로드 활동 하셨고... 2학년과 3학년 임원 활동을 했고 세 학 / 이제 1분 정도밖에 안 남았네요. 그러면 마지막으로 자기를 소개해 보세요. 왜 학생을 뽑아야 하는지 / 수고하셨습니다. 이제 나가셔도 좋아요."
충남대학교,의예과,"오늘 많이 춥던데 오는 거 안 힘들었나요? / 1학년 생기부를 보면 평소 메모장을 들고 다녔다고 나와 있는데 그 메모장에는 어떤 내용이 적혀있 / 학업 성적도 좋고 부반장을 해 왔는데 어떻게 두 개를 잘 할 수 있었나요? / 생기부에 항상 밝게 웃는 학생이라고 되어있는데, 원래 잘 웃나요? 오늘 면접이라고 잘 웃는 표정을 / 수능은 잘 봤나요? / 1분 남았는데 자기 어필해 보세요."
충남대학교,의예과,"비 오는데 오시는 길 괜찮으셨나요? / 네, 그럼 시작해 보겠습니다. 생기부 읽어 보셨나요? / 내신도 좋고 학교 생활도 굉장히 성실하게 한 것 같은데, 학년장을 3년을 했네요? 이게 뭔가요? 학교 / 내신을 보면 공부도 매우 치열하게 했을 텐데, 왜 굳이 공부 시간을 빼면서까지 학년장을 했나요? / 기억에 남는 봉사활동 있나요? / 의대에 오면 어떤 과에 가고 싶나요? / 1분 남았는데, 마무리로 하고 싶은 말 있나요?"
충남대학교,자율운항시스템공학과,지원자 지원동기를 말해 보세요. / 저희 학과가 선박을 다룬다는 것을 알고 있나요? / 선박이 물 위에 떠 있는 힘이 무엇인지 아나요? / 파도나 주변 환경의 영향으로 배가 크고 작게 흔들리는데 이것을 어떻게 다룰 수 있나요? / c언어의 컴파일러에 대해서 설명해 주세요. / 고층 건물에서 철공과 유리공이 떨어질 때 관찰자의 시점에선 어떻게 보일까요? 공기저항은 없어요. / 공기저항의 현상이 일어나려면 무엇이 필요할까요? / (답변 중간에) 표면적 그리고요. °학생: ... 나머지는 잘 모르겠습니다. / 지원자 마지막으로 하실 말씀이 있나요?
충남대학교,자율운항시스템공학과,"우리 학과 지원 동기가 어떻게 되세요? / 우리 학과는 주로 배에 대해 공부하는데요, 배가 어떤 힘으로 나아가는지 아시나요? / 우리 학과는 주로 수학과 과학이 중요한데 성적을 보니 반대네요? / (일본어로) 일본어 수업은 학교에서 들은 것인가요? / 일본어 수업을 학교에서 따로 한 것이냐 질문하였습니다. / 고등학교가 위에 위치해 있나요, 아래에 위치해 있나요? / 잘했습니다. / 물리를 들었다고... 아, 안 들었다고요? 그럼 물리를 안 들었으니까 쉽게 문제를 내 볼게요. 김연아 선수가 / 이 학과에 지원한 것은 본인의 의지입니까, 아니면 취업이 잘 된다며 지원하라 한 부모님의 의지입니까? / 다른 곳은 어디 지원하셨습니까? / 학과를 물어본 것입니다. / 충남대는 또 어디 지원하였습니까? / 아, 이 학과만 전형을 바꿔서 4개를 쓰셨다고요? 알겠습니다. / 시간이 다 되어서 그런데 마지막으로 하고 싶은 말 있나요?"
충남대학교,전자공학과,"많이 긴장한 것 같은데 긴장 좀 풀고 시작할게요. / 우선 지원동기 먼저 들어 볼게요. / 네, 여기 2학년 때 자율 활동 보면 옴의 법칙, 키르히호프 법칙 등에 대해 탐구했다고 나와있는데 키르히 / pn 접합 다이오드의 원리에 대해 설명해주세요. / pn 접합 다이오드는 어떻게 활용되죠? / 2학년 때 수학 멘토로 활동을 했다고 나와있는데, 이건 내가 생각해도 설명을 잘했다 하는 개념이 / 페로브스카이트나 표면 플라스몬 공명 같은 개념들은.. 학생 수준에서 어떻게 알게 되고 탐구했어요? / 이런 거 자료 조사는 어떻게 진행했어요? / 시간이 거의 다 됐는데 마지막으로 하고 싶은 말 있으면 하세요."
충남대학교,전자공학과,자기소개 및 지원동기 말해 주세요. / fet와 bjt 트랜지스터에 대해서 조사했는데 설명해 주세요. / 어떤 소자 때문에 각각의 특징이 왜 그런거에요? / 반도체 공정에 대해서 조사했다고 했는데 아는 대로 설명해주세요. / 그 공정 중에서 뭐가 가장 중요하다고 생각이 들어요? / 패키징 공정은 그냥 반도체를 싸고 포장하는 기술 아닌가요? / 기하 성적이 좋은데 개념 아는거 말해보세요. / (끄덕) / 이 학과에 진학한 후 진로 계획이 뭔가요? / 장점과 단점 설명해주세요. / 양자컴퓨터에 대해서 조사했는데 아는 대로 설명해 주세요. / 빠르면 왜 좋은거에요? / 마지막 말 해 주세요.
충남대학교,정보통신융합학부,"학과에 지원하게 된 계기에 대해 이야기 해 주세요. / 긴장이 많이 되시나요? / 긴장을 풀어드려야겠네요. 자율, 동아리 활동 중 기억에 남는게 있나요? / 자율, 동아리 활동 중 팀 활동에 대해 이야기 해달라는 것이었는데 다시 답변해 주세요. / 생기부에 굉장히 어려운 내용들이 많네요. 맥스웰 방정식 관련된 내용을 물Ⅱ에서 찾아서 이야기해주 / 자기장이요?? 자기장 맞아요? / 전기장 확실한가요? (2, 3번 더 질문하심) / 맥스웰 방정식에 대해서는 잘 몰라도 됩니다. 대학교에서 배우면 됩니다. / 세특에서 여러 활동에 대해 하셨네요. 확률과 통계에서 독립시행과 종속시행에 대해서 설명해줄 수 / 로또는 독립시행이라고 하셨는데 로또 추첨에서 공을 뽑을 때는 독립시행인가요? 종속시행인가요? / 물리학에서 코일 관련 내용이 있는데 이 부분에 대해 설명해 주세요. / 그것보다는 그냥 코일 관련만 설명해 주세요. / 더 구체적으로 설명해 주세요. / 시간이 다 되었네요. 마지막으로 할 말 있나요?"
충남대학교,중어중문학과,"아침에 몇 시쯤 도착했어요? / 그럼 이제 공통질문 할게요. 지원동기 및 자기소개 해 주세요. / 생기부 보면... 은유적 표현과 정치적 메세지가 번역될 수 있는가에 대해서 탐구했다고 나와있는데 / 오... 그럼 뭐 진로는 어디 쪽으로 가고 싶어요? 꿈이 있나? / 현재 임용고시가 어떤 줄은 알고 있나? 쉽지 않을 텐데... / 중국어 1, 2를 다 들었는데 그러면 HSK 자격증도 있어요? / 그럼 중국어 할 수 있는 거 아무거나 해봐요. 뭐 자기소개 라던가... 이름은 홍길동이라고 말하고... / 하하하 땡땡땡... (크게 웃으심) 오빠가 두 명이나 있네요? 좋아요. 1학년 때부터 반장 부반장을 계속 / 오 그럼 수화 할 줄 아는 거 해봐요! 우리는 해도 모르니까 아무거나 해도 좋아요. 허허 / 아뇨 아뇨. 그만 해도 돼요. 허허(손사례를 치시며) / 반장 부반장을 계속 해온 거 보니 인기쟁인가봐? 반장선거는 보통 인기 투표 아닌가? / 오...(계속 웃어주심) 부반장이 보통 인기가 더 많지 않나? 1등 반장이고 2등이 부반장인 거예요? / 그래요. 그럼 주변에 시간 관리를 못 하는 친구들 있잖아요? 시간 관리 못 하고 성적이 잘 안 나오는 / 1, 2학년 때 무슨 동아리 했었어요? 자세히 설명해줘요. / 운동 좋아하나 보네요? 가장 기억에 남는 운동 설명해 줘요. / 오 좋네요. 그럼 이제 마지막으로 하고 싶은 말 있으면 해 봐요."
충남대학교,지질환경과학과,"네, 먼저 자기소개 해 주세요. / 저희 학과에 지원하게 된 지원동기 알려 주세요. / 지구과학Ⅱ를 수강하지 않았던데 그 이유가 있나요? / 그렇군요. 그럼 혹시 지진파가 무엇인가요? / 아, 지진파요 지진‘파’ / 네, 그럼 다음 질문하겠습니다. 학생이 소속되어있던 동아리 알려줄래요? / 음... 의료보건 동아리에서 어떤 활동을 했죠? / 인체실험을 하면 안 되지 않나요? / 지원 동기에서 폭우로 인한 피해 얘기를 하면서 지질학적 관점으로 자연현상을 이해하고 싶다라고 / 암석을 세 가지 종류로 구분할 수 있어요. 그 세 가지 말해 주세요. / 각각 암석에 해당되는 예시 암석 1가지 이상 말해 주세요. / 마지막으로 할 말 있으면 해 주세요."
충남대학교,지질환경과학과,"자기소개와 지원동기 말해 주세요. / 방금 말한 내용이 지질과 무슨 관련이 있다는 건가요? / 음... 그러니까 지질학과의 관련성이 어디에 있는지 구체적으로 말해주세요. 잘 이해가 안가네요. / 네 알겠습니다. 3학년 때, 지구과학실험을 수강했네요. 수강하면서 제일 기억에 남는 활동이 있었나 / 좋습니다. 더 질문할 거 있으신가요? (면접관2에게) / 음... 암석이나 광물을 현미경으로 관찰하기 위해 만든 시료를 뭐라고 하는지 아나요? / 네, 박편입니다. 박편은 어디서 난 것일까요? / 아니요. 지구과학실험 환경에서요. 선생님께서 구해주신 걸 사용한 건가요? / 그럼 구체적으로 박편에서 관찰된 광물의 종류나... 좀 구체적으로 활동 내용을 설명해주세요. / 아 그러면 광물을 보고‘아름답다’만 느낀 거네요. 하하하 / 우리는 암석을 총 3가지로 나눕니다. 뭘로 나눌까요? / 네, 각각의 암석 1가지 이상씩 말해볼까요? / 그러면 지질학적 분류( 못 알아들음 )를 하는 기준이 뭔가요? / 지질학적 분류 체계가 뭔가요? / 하하 알겠습니다. 마지막으로 하고 싶은 말 있으면 하세요."
충남대학교,철학과,기다리느라 고생하셨어요~ (당시 면접 마지막 순서였음) 기다리는 동안 어떤 생각이 들었어요? / 그렇군요. 이제 면접을 시작해 볼게요? 학생이 우리 충남대학교 철학과에 지원한 동기를 앞으로의 진 / 그렇군요. 앞서 윤리 교사를 희망하고 있다고 했는데 혹시 학생이 제일 배우고 싶은 과목이 있나요? / 오~ 커리큘럼을 찾아봤나 보네요? 그럼 앞서 말한 것을 종합해보면 학생은 동양철학에 대해 관심이 / 그렇군요. 다음 질문을 마저할게요? 3학년 때‘무지의 베일’에 대해 발표를 한 것 같은데 구체적으 / 그렇군요. 앞서 학생은 윤리교사를 꿈꾼다고 말해줬는데 만약 교직이수가 안된다고 하더라도 철학과 / 그렇군요. 이제 마지막 순서네요. 혹시 마지막으로 하고 싶은 말이나 시정하고 싶은 말이 있다면 말
충남대학교,컴퓨터인공지능학부,"간단히 자기소개 해 주세요. / 네, 보니까 미적분을 안 배운 것 같아요? 미적분을 안 배운 이유가 있었나요? / 확통에서 혹시 ~~를 배우나요? / 그럼, 혹시 큰 수의 법칙은 배우나요? / 사례를 들면서 간단히 설명해 보겠어요? / 확률 분포도 혹시 배웠나요. 배웠다면 간단히 설명해 보세요. / 네, 혹시 함수가 뭐라고 생각하시나요. / 네, 미디어랑 언론에 관심이 많았다고 했는데 그럼 진로가 바뀐 건가요? / 미디어랑 컴퓨터랑 연관이 있는 게 있을까요? / 3학년 때 보니까 반장을 했다고 나와있는데요. 1~2학년 때는 안 한 것 같아요. 3학년 때 특별히 반장 / 반장을 하고 싶으면 바로 할 수 있었나 보네요. 이미지가 좋았나 봐요? / 보니까, 파이썬을 배웠다고 나와있어요. 뭘 배웠었나요? / 기호로 그림 그리는 거면 ~~를 사용한 건가요? / 파이썬을 독학으로 배운 건가요? / 정보 시간에 파이썬만 주된 내용이였나요? / 컴퓨터도 배운 건가요? / 컴공과 들어오고 나면 미디어랑도 같이 융합할 생각이 있는 건가요? / 알겠습니다. 마지막으로 하고 싶은 말 있나요? / 네, 수고하셨습니다."
충남대학교,컴퓨터인공지능학부,"학과 지원동기 및 자기소개 부탁드립니다. / 1학년 정보 시간에 여러 프로그램들을 만들었다고 나와 있는데 어떤 프로그램을 만들었죠? / 타자 연습 프로그램에서 특별히 넣은 자신만의 기능이 있습니까? 있다면 그게 무엇인가요? / 2학년 동아리 활동에서 조별 활동을 했던 것 같은데 활동을 하면서 생긴 갈등이나 어려웠던 점들을 / 네, 그러면 다음 질문으로, 프롬프트 엔지니어링을 통해 생성형 AI를 사용했을 때와 사용하지 않았을 / 고등학교 생활 중 가장 기억에 남는 책과 그 이유를 말해 주세요. / AI를 통해 생체신호를 분석하는 활동을 하셨던거 같은데, 잡음이 많은 데이터를 분석할 때 AI가 이점 / 머신러닝과 딥러닝에 대해 말씀해주셨는데, 머신러닝과 딥러닝의 차이점은 무엇인가요? / 생활기록부를 봤을 때 예의 바르고 성실한 학생이라고 적혀있던데, 그렇게 적힌 이유가 무엇이라고 / 마지막으로 하고 싶은 말 있으면 자유롭게 말해 주세요."
충남대학교,컴퓨터인공지능학부,"네 반갑습니다. 면접 바로 시작하겠습니다. 자기소개 부탁드립니다. / 다국적 LLM이라는게 다소 모호하게 들릴 수 있는데, 어떤 존재인지 말씀해주실 수 있을까요? / 네 알겠습니다. 생기부를 보니, 인공지능과 컴퓨터 쪽에 관심이 많은 것 같은데, 이와 관련하여 가장 / 네, 알겠습니다. 코딩 동아리 생기부를 확인해보니 코드 검증 및 수정 프로그램을 제작했다고 나와있 / 총 몇 명이서 활동을 진행하였나요? / 네 알겠습니다. 생기부 확인해보니, 여러 서비스 개발도 시도해보신 것 같네요. 이 과정에서 갈등 상 / 네, 알겠습니다. 행동 특성 및 종합의견을 보니, 예의가 바르다고 적혀 있는데, 본인의 어떤 점 때문 / 네, 또 교복을 잘 입었다고 적혀있는데, 이와 관련해서 특별한 이유가 있었던 것일까요? / 네 알겠습니다. 면접 거의 끝나가는데요, 마지막으로 하고 싶은 말씀 해 주세요. / 네, 수고 많으셨습니다. 감사합니다."
충남대학교,컴퓨터인공지능학부,"자기소개랑 지원동기 말해 보실래요? / 그럼 이제 생기부 기반 질문을 해 볼게요. 복소수 암호학이 어디 쓰이는지 아시나요? / 아 생기부에는 동형암호 알고리즘에 쓰인다고 적혀 있어서요. / 코사인 유사도가 뭔지 아시나요? / 값이 정수 같은 걸로 나와서 계산하는거 아닌가요? 그거에 관해 알고 있는 건 없나요? / 공식은 기억이 안 나나요? / 생기부를 보니까 웹사이트 만드는 활동도 하셨는데 이때 직접 배워서 하신 건가요? / 그때 무슨 언어를 사용하셨죠? / 그때 썼던 함수 중에 기억나는 거 있나요? / 수학 관련 간단한 질문 해 볼게요. 미분가능한 함수의 닫힌 구간 a, b에서 최솟값을 구하는 방법이 / 봉사활동이나 친구들에게 정보를 전달했던 활동 중에 기억에 남는 활동 있나요? / 그중에 친구들에게 가장 반응이 좋았던 건 뭐죠? / 마지막으로 할 말 있나요?"
충남대학교,컴퓨터인공지능학부,"간단한 자기소개와 이 과에 지원한 동기도 함께 말해 보세요. / 본인이 가장 흥미 있고 좋아했던 과목과 가장 어려웠던 과목은 무엇이었나요? / 가장 기억에 남는 봉사활동 있나요? / 2학년 동아리 활동과 3학년 동아리 활동 때 이런 활동을 했는데 이 활동이 뭔가요? / 마지막으로 하고 싶은 말이 있나요? / 네, 고생 많으셨습니다."
충남대학교,컴퓨터인공지능학부,"네, 간단하게 자기소개 부탁드립니다. / 그럼 활동했던 것 중에 기억에 남는 거 말해 주시면 좋을 거 같아요. / 서버는 어디에 저장했어요? / 그럼 여기(생기부)에는 빅데이터도 관심이 있다고 적혀 있는데, 빅데이터 쪽 활동도 말씀해 주세요. / 이게 빅데이터 활동의 전부라면... 조금 아쉽네요. 그럼 저희 학교에 와서 어떤 거 하고 싶으세요? / 포부 잘 들었습니다. 그럼 마지막으로 하고 싶은 말해 주시고 나가면 되겠습니다. / 나가셔도 좋습니다."
충남대학교,한문학과,우리 학과에 지원한 동기를 얘기해 주세요. / 꼭 우리 학과에 와야 하는 일은 아닌 것 같은데 한문학과가 무슨 학문이라고 생각하세요? / (생기부 질문) 한유의 사설을 읽은 적이 있던데 지금 현대 사회에서 문제가 되는 공교육과 연결 지어 / 학생은 갈등을 겪었을 때 어떻게 해결했나요? / 마지막으로 준비한 것 중에 묻지 않아서 말하지 못한 게 있으면 말해 보세요.
충남대학교,항공우주공학과,"안녕하세요. / 네 앉으시면 됩니다. 긴장 많이 되죠? / 면접 처음은 아니죠? / 너무 긴장하지 마시고 편하게 하시면 됩니다. 그럼 시작할까요? / 자기소개 준비해 왔을 거니까 안 시키면 좀 그렇죠? 자기소개 해 주세요. / 끝인가요? 되게 짧게 준비했네. / 성적을 보니까 2점대 중반 정도면 좀 잘했네요? 근데 항공우주공학과에 올떄 가장 중요한 과목이 뭐 / 다른 과목은요? / 음.... 그렇긴한데 그냥 수학 자체가 중요하겠죠? / 그런데 성적을 보니까 수학 성적이 안 좋네요? 본인도 알고 있죠? / 수학을 못하면 우리 학과에서 많이 힘들텐데, 만약에 우리 학과에 붙어서 오게 된다면 수학 공부 열심히 / 일단 수학 성적이 안 좋아서 좀 테스트를 해봐야 할 것 같은데, 우리가 문제를 줄 거에요. 뒤에 칠판 / 네. / 아니요. 일단 그냥 쭉 풀어보세요. 중간에 필요하면 저희가 질문 할게요. / 잘하네요. 근데 뭔가 잘못됐는데? / 근데 저 정도는 틀렸다고 하긴 그렇지. / 그래도 정확하게 해야죠. / 긴장해서 실수를 좀 한 것 같은데 다시 잘 생각해 봐요. / 뭐라 하는건 아니고 도와주려고 자꾸 얘기 하는거에요. 이게 부정적분을 하는 거니까... / 그렇죠. 그럼 다음 문제 드릴게요. / 오 잘했네요. 앉으시면 됩니다. 다음은 물리에 관련된 질문을 드릴 건데요. 만약에 일정한 속력으로 / 아주 잘 답변해 주셨습니다. 면접 시간 10분 정도로 생각하고 오셨을거 같은데 이제 10분쯤 돼서 뭐 / 하하하하 아 그렇군요. 써놓을게요 하하 수고하셨습니다."
충남대학교,해양안보학전공,"의례 하는 질문이긴 한데, 지원동기를 말해 보시겠어요? / 제가 생각하기에 이 학과는 학생이 생각하는 군사 쪽에 관련된 연구보다 실질적으로 해군의 실무에 / 차후 해군 장교로 임관하게 되면 어떤 병과에 지원을 하고 싶고 그 이유를 말해 볼까요? / 해군 장교로 복무하는 중 각종 병사들의 범법 행위와 군기 위반에 대한 사항들을 많이 겪게 될 것인데 / 자신이 생각하는 나의 단점이 있다면 말해볼까요? / 학생이 그렇게까지 작은 키는 아닌거 같은데, 한 170 정도 되나요? / 제가 160 정도인데 학생 정도면 괜찮은게 아닌가 생각이 듭니다 / 마지막으로 하고자 한 말이 있으면 해보시길 바랍니다."
충남대학교,해양안보학전공,안녕하세요. 편하게 앉으세요. 오시느라 고생 많으셨습니다. 생기부 기반으로 몇 가지 물어 볼 거에 / 지원한 동기와 미래의 자신의 모습을 말해 보세요. / 만약 나중에 진급에 실패를 하거나 불미스러운 일로 군복을 벗어야 하는 상황이 생기면 향후 계획은 / 생기부 위주로 한번 질문을 해볼게요. 생기부에 현대전에 관해서 탐색을 하였다고 나와 있는데 자신이 / 우리나라가 현대전에 대비하여 우리나라가 발전해 나아가는 방향으로는 무엇이 있을까요? / (면접관이 남자로 바뀜) 군인 롤모델 또는 자신이 생각하는 장교의 모습은? / 왜 충남대학교 해양안보학과에 지원했나요? 다른 학교도 많은데... / 우리 학과에 오면 계획이 뭔가? / 잘 들었습니다. (다시 여자로 바뀜) 우리나라 해군의 문제점은 무엇일까요. / 1분 정도 시간이 남았는데 준비해 오신 말이나 하지 못했던 말 자유롭게 해 주세요.
충남대학교,해양안보학전공,"면접 시작하겠습니다. 우선 자기소개와 지원동기부터 말씀해 주실래요? / 생기부 보니까 육군과 공군 쪽 인거 같은데, 왜 해군을 선택했나요? / 리더십이랑 책임감 사례가 있을까요? / 현재 해군은 무슨 일을 하고 있나요? / 언제 창설했고, 누가 창설했는지 아십니까? / 어려웠던 상황과 대처 방안은? / 상관에게 부당한 지시를 받는다면 어떻게 할 것인가? / 대학교 다니면서 목표는? / 본인의 장단점은? / 우리의 주적은? / 마지막으로 하고 싶은 말은?"
충남대학교,해양환경과학과,"점심 먹었어요? / 네 그럼 시작 할까요? / 자기소개 해보고 해양학과에 지원하게 된 계기 말해 봐요. / 학생 본인은 어떤 사람이죠? / 그럼 학과 관련 이론을 질문해 보도록 하겠습니다, 학생은 생기부에 해양학에 관련한 다양한 것이 / 네 좋은 답변입니다. 아까 다이빙 이야기를 했었는데 다이빙은 어떻게 배우게 되었죠? / 아까 스쿠버 다이빙을 통해 해양이 아름다움을 잃어가고 있다고 하던데 더 설명해 주실 수 있을까요? / 네 잘 들었습니다, 마지막으로 할 말 있나요?"
충남대학교,행정학부,"안녕하세요, 12번 맞죠? / 자기소개 먼저 해 주세요. / 공정이라는 말을 했는데, 이게 행정에서 굉장히 중요한 말인거 같아요. 본인이 생각하는 공정의 의미 / 보통 행정학을 전공하면, 공무원 준비를 많이 해요. 공무원이 될 수 있는데 왜 행정학과에 왔어요? / 그럼 행정적 업무를 처리하며 지녀야 할 자세 중 가장 중요하다고 생각하는 것은 무엇이죠? / 생기부에 재범 방지를 위해 사회심리학을 통해 조사했다고 하는데 인상 깊네요, 사회심리학으로 / 지역 사회 내에서 발생하는 지역만의 문제가 있을 텐데, 본인이 사는 곳의 문제점이 있다면 문제점 / 이런 사례는 우리 사회에 관심이 없다면 알 수 없는 신선한 주제인 거 같아요. 근데 경찰이 꿈이었 / 아 그래서 법과 정책에 관심이 많다고 했군요. 그럼 혹시 우리 학교에서 배우고 싶은 것이 있나요? / 동아리 시간에 토론을 많이 한 거 같아요, 본인이 생각하기에 토론 활동 속에서 가장 중요한 역할은 / 시간이 다 됐네요, 마지막으로 하고 싶은 말 또는 준비해 온 포부에 대해 말하고 끝낼게요."
충남대학교,화학공학교육과,"네, 앉으세요. / 우리 과에 지원한 동기랑 간단한 자기소개, 해 주세요. / (3초 정도 있다가) 네 그럼 학교생활을 하면서 관련 활동을 한 경험이 있나요? / 음. 생명 관련 활동을 많이 하셨다고 그랬는데 뭐가 가장 기억에 남아요? / (눈을 계속 바라보며) 진짜 컵을 결과물로 낸 거예요? / 아~ 재료가 뭐예요? / (질문하신 면접관과 다른 분이 웃으시면서) 네 ㅎㅎ 천천히 생각하세요. / 오로지 생명 관련 활동만은 아닌 것 같네요. 화학 내용도 조금 들어가 있는 것 같아요. 그리고 효소 / (잠깐 침묵하다가) 선택과목은 어떤 거 이수했어요? / 아~ 수능 때도 그럼 과학탐구 봤어요? / (질문하신 분이 끄덕이며 잠시 뒤 다른 면접관분이 말씀하심) 아침에 여기까지 오느라 고생 많았어 / (노트북 화면을 계속 넘겨보며) 그... 학생부를 보니까 좀 다양한 활동을 많이 했더라고요. 1학년 땐 / 그럼 뇌과학 관련해서 어떤 활동이 가장 기억에 남아요? / ㅎㅎ 기억에 남는 동아리 활동 있어요? / 아~ 멘토멘티? 후배 가르친 거예요? / (말을 끊으셨어요..ㅠㅠ) 아 동급생끼리? / 어떤 거 가르친 게 가장 기억에 남아요? / 음~ 네. (마우스를 넘기며) 보니까, 3학년 진로 활동에 곰팡이 관련 탐구하고 곰팡이 감염 고위험군 / 네 ㅎㅎㅎ 천천히 생각하세요. 생각나는 대로 말해도 됩니다. / 아니 구체적인 사례를 말해줄 수 있어요? 제안했던 정책에 대한. / 자, 그럼 마지막으로 하고 싶은 말 있을까요? / 네, 끝났습니다. / 네, 나가시면 됩니다."
충남대학교,화학공학교육과,지원동기 말해 보세요. / 강화이론과 자기결정이론이 뭐에요? / 동아리 활동 중 기억에 남는 거 있어요? / 그럼 어려웠던 점은 있어요? / 수능 뭐봤어요? / 사회문화를 보셨네요? / 그럼 물리는 했어요? / 이제 시간이 거의 다 됐는데 마지막으로 하고 싶은 말 있나요? / 수고하셨습니다.
충남대학교,화학공학교육과,"간단하게 자기소개와 지원하게 된 동기에 대해 말해 주세요. / 고등학교 생활 중 지원 전공과 관련한 경험이 있다면 말해주세요. / 무슨 실험이었나요? (경험에 대한 구체적인 내용을 물어보셨습니다.) / 화학교육과가 아니고 화학공학교육과를 선택한 이유가 있나요? / 수능 때 탐구과목은 어떻게 선택했나요? / 화학Ⅱ이수했나요? / 싫어하는 교과는 무엇인가요? / 화학공학교육과에 지원하신 만큼 교사로서의 진로를 생각하고 계실 텐데, 본인이 생각하는 교사의 가 / 자신의 장·단점에 대해 말해 주세요. / 마지막으로 준비한 말이 있으면 해 보세요."
충남대학교,환경공학과,"아침부터 일찍 오느라 수고 많으셨습니다. 충남대에서 어떤 느낌을 받았나요? / 자기소개와 환경공학과에 대해 지원하게 된 계기를 간단히 말해 주세요. / 1, 2학년 둘 다 바이오켐랩이라는 동아리를 했네요. 좀 생명에 관련된 이름 같긴 한데... 이 동아리에 / 동아리를 친구들과 처음 만든 건가요? 동아리 이름이 왜 바이오켐랩인가요? / 그럼 동아리에서 한 시험 중에 가장 흥미로웠던 실험이 있나요? / 가장 중요한 시기인 3학년 때 학급 반장을 한 경험이 있던데 발생한 갈등 상황이 있다면 갈등 상황 / 학교에서 한 여러 실험 들이 대학교에서 도움이 될까요? / 학교에서 한 실험 중에 가장 기억에 남는 실험이 있나요? / 수질 오염을 눈으로 확인했다는 한 건가요? / 30초 정도 시간이 남았는데 마지막으로 하고 싶은 말이 있으면 해 주세요."
한남대학교,건축학과(5년제),질문은 모든 사람들이 공통으로 3개의 질문을 합니다. 먼저 첫 번째 질문입니다. 요즘 기후변화로 . / 네 좋습니다. 바로 두 번째 질문입니다. 요즘에 인공지능이 발전을 많이 했습니다. 이러한 인공지능
한남대학교,문헌정보학과,우리 학교에 지원하게 된 계기가 무엇인가요? / 그렇다면 만약 교직이수 과정을 밟지 못하게 된다면 다른 진로는 어떤 것을 생각해 보셨나요? / 3학년 때 학급 활동으로 에너지 지킴이라는 역할을 맡았다는데 어떤 활동이었나요? / 학교에서 갈등 상황이 발생하였을 때 어떤 해결 방법을 썼나요? / 도서부 활동을 열심히 한 것 같은데 도서부 활동을 하면서 생긴 문헌정보학에 대한 궁금증이 있나요? / 3학년 때 멋진 신세계를 읽었는데 이 책에서 어떤 점이 인상 깊었나요? / 마지막 30초 동안 하고 싶은 말이 있으신가요?
한남대학교,수학교육과,"지원동기와 졸업 후 계획과 학업 계획도 알려 주세요. / 왜 기하학을 전공하고 싶나요? / 그러니까 왜 도형에 관심이 있었죠? / 생명과학이랑 화학이랑 물리학에 관심이 많이 있나요? / 동아리를 수학 쪽 말고 다른 분야로 한 거 같은데 이건 이유가 있나요? / 봉사 시간이 77시간이네요. 다른 학생에 비해 많은 거 같나요, 적은 거 같나요, 평범한 거 같나요? / 봉사 시간이 2학년보다 3학년 때 줄어든 거 같은데 이유가 있나요? / 마지막으로 하고 싶은 말 있나요?"
한남대학교,전기전자공학과,점심 드셨나요? / 진로 활동 중에 코일 간의 자기장 결합을 통해 전력을 전달하는 원리와 함께 거리와 정렬 주파수 동 / 동아리 활동 중에 아두이노를 이용한 내용이 있는데 이 아두이노로 어떤 활동을 했고 설계를 어떻게 / 출결이 굉장히 좋은데 이유나 동기가 있나요? / 좋아하는 과목이 있나요? / 오~ 이유는? / 3학년 때 수학 관련 동아리에서 활동을 했는데 이유가 있나요? / 마지막으로 하고 싶은 말이 있나요?
한남대학교,패션디자인학과,"지원 계기를 말해 보세요. / 마르지엘라의 브랜드와 디자이너 중 무엇을 좋아하는 건가요? / 이유가 있을까요? / 본인이 소비하고 싶은 브랜드는 무엇인가요? / 스투시를 언급했는데, 힙합을 좋아하나요? / 래퍼 중 어떤 사람이 옷을 가장 잘 입는다고 생각하나요? / 10년 후의 본인의 모습을 상상하여 말해보세요. / 자신만의 브랜드를 론칭한다면 장차 CEO가 되고, 더 높은 자리에 서는 건데, 그 자리에 서서 사회에 / 긴장을 잘 안 하는 편인가요? / 프로젝트를 진행하는 과정에서 팀 내에 갈등이 발생하면 어떻게 해결한 건가요? / 마지막으로, 우리가 지원자를 뽑아야 하는 이유는 무엇일까요?"
가톨릭꽃동네대학교,간호학과,자기소개나 간호학과 지원동기에 대해 말해 주시겠어요 / 대학에 들어와서 전공 관련하여 가장 해보고 싶은 일은 무엇인가요? / 자신이 가장 중요하다고 생각하는 가치와 이유는 무엇인가요? / 10년 후에는 본인이 무엇을 하고 있을 것 같나요? / 지원한 학과에서 자신을 반드시 선발해야 할 이유는 무엇인가요?
건국대학교(글로컬),신문방송학과,지원동기 말씀해 주세요 / 사회적 메시지를 전달하고 싶다고 하셨는데 구체적으로 어떤 점을 말하고 싶나요? / 성적이 꾸준하게 올라갔어요. 특히 영어가 3학년에 2등급까지 올라갔는데 공부법에 변화가 있었을까요? / 친구 관계는 어떤가요? / 사례나 예시 있나요?
건국대학교(글로컬),의예과,"제시문의 상황에서 본인이 의사라면 어떤 선택을 하실 건가요? / 생기부를 보니 봉사활동을 많이 했는데 구체적으로 어떤 봉사를 했나요? / 생명과학 시간에 최신 항암제 개발의 한계와 가능성을 탐구했다고 되어있는데, 최신 항암제의 한계 / 안락사 허용에 찬성하는 입장의 글을 작성했다고 되어있는데, 안락사 허용에 반대하는 입장의 친구 / 유세포 분석에 대한 탐구를 했는데, 이 원리에 대해 설명해줄 수 있어요? / 고등학교 생활을 하면서 배운 점이 있다면 뭔지 설명해 주세요. / 네, 나가셔도 됩니다."
건국대학교(글로컬),의예과,"네, 앞에 제시문 1분 동안 읽어 주세요. / 제시된 문제 상황을 어떻게 대처할 것인가요? / 그렇게 대처한 이유를 ‘다양한 측면’에서 설명해 주세요. / 법적, 윤리적 관점으로도 설명해 주실 수 있나요? / 네, 이제 생활기록부 기반 질문하겠습니다. (제시문 질문하시던 면접관 말고 다른 면접관이 질문) 학 / ‘두려움을 이겨내는 힘’을 주제로 스피치를 하셨는데, 이는 구체적으로 어떤 내용인가요? / 맞춤 아기 찬반 토론에서 찬성 측으로 지명되셨는데, 현재 본인의 입장은 어떤가요? / 조금 더 자세히 말씀해주실 수 있나요? / ‘백신 접종을 개인의 책임이다.’라는 입장을 밝히셨는데, 만약 본인이 covid 초기 감염자라면, 본인 / 면역항암제에 대해 많이 탐구하셨는데, 면역항암제의 의의는 무엇인가요? / 더 하고 싶은 말 있으신가요?"
건국대학교(글로컬),의예과,"안녕하십니까. 학생분 책상에 놓여있는 제시문 3개를 1분 내에 읽으시기 바랍니다. 시작하세요. / 시간이 다 되었습니다. 제가 하는 질문에 답변하시기 바랍니다. 현재 이러한 상황에 놓인 환자가 있 / 우선 가까운 병원에 가시는 선택을 하셨는데, 그러한 선택을 하게 된 계기를 의료인 관점 말고 윤 / 네, 그러면 환자 보호자께서 자기는 전문의에게 가서 치료와 수술을 받고 싶다고 반박한다면 이러한 / 네 알겠습니다. / (생활기록부 면접관께서 질문) 같은 동아리에서 3년간 활동하셨습니다. 동아리활동을 통해 얻은 경 / 네, 여기까지. 영미문학읽기 시간에 마틴루터킹의 연설문과 심폐소생술? 이거랑 연관지으셨는데 이 / 단순히 방관자가 아니라 대화를 통해서 문제를 해결할 것이라고 이야기하셨는데, 실제로 대화를 통 / 통합과학 시간에 학습한 돌연변이? 이것에 대해서 설명해 보세요. / 기억전달자와 안락사? 이게 무슨 관련이 있나요? / 그럼 안락사에 반대하는 입장이신 건가요? / 네, 시간상 여기서 마무리 하겠습니다. (인사)"
국립공주대학교,게임디자인학과,"안녕하세요. 뭐 타고 왔어요? / 차 많이 막히진 않았죠? / 학교가 공사하느라 위치 찾기 어렵진 않았어요? / (내년에 공사 완료된다는 뉘앙스로 말씀) 게임 업계에 오면 다양한 일이 있는데 무슨 일하고 싶어요? / 오, 게임을 제작해 본 경험이 있네요. 어떤 게임 만들었는지 설명 좀 해 주세요. / 몇 명이 진행했나요? / 판타지 몬스터 디자인 북이라는 책을 읽어보셨던데 이건 나도 안 읽어본 책인데 어떤 책인지 설명 / 좋아하는 게임이 뭐에요? / 툴은 뭐를 사용하시나요? / 3D툴은 사용할 수 있는 거 없으세요? / 왜 하필 블렌더 사용하시나요? / 그럼 산나비 말고 다른 좋아하는 게임 있어요? / 그럼 학교생활 중 협업해보신 경험은 … 아, 아까 있다고 했었죠.(게임 협업) 요즘 게임 업계에서는 / 어떤 AI를 사용해 보았나요? 사용해 보니까 어떠셨어요? / (옆 면접관께 자신은 질문 이제 다 했으니, 옆 면접관이 질문을 하면 될 것 같다고 말씀하심) / (생기부를 보시다가) 3년 동안 동아리 활동했던 거 설명해 주세요. / 음미하다? (동아리 활동명) / 커버송 제작 활동을 하면서 감독 활동도 하시고 리더십이 있다고 생기부에 쓰여 있는데 어떤 면에서 / 개근하셨네요? 본인이 성실하신 편이라고 생각하세요? / 그럼 지금까지 하고 싶은 말이 있었는데 못한 말 있으시면 해주시고 마무리하시면 될 것 같습니다. / 오, 라쿠카라챠 어땠어요? 바퀴벌레 소녀를 주인공으로 한 게임이었는데 재미 있었어요? / 마지막으로 질문 하나만 더 할게요. 게임 제작 과정을 아시는 대로 말씀해주세요. / 그럼 정말 마지막으로 질문 하나만 할게요. 이번 고티(GOTY)에서 제일 기대되는 후보작이 무엇이에 / 결과가 어제 나왔다 했던 것 같은데…. 그럼 ○○○○ 게임은 해보셨어요? / 그럼 마무리하겠습니다. 수고하셨어요."
국립공주대학교,경영·금융교육과,"(면접 시 유의사항 안내) 면접 시작하겠습니다. 먼저 우리 학과를 지원한 동기를 말씀해 주세요. / 경영, 경제를 가르치는 상업 교사로서 필요한 역량이 무엇이라고 생각하시나요? / 생활기록부에 미국과 한국의 교육제도를 비교하였다고 나와 있는데, 그 차이에 대해 설명하고 미래의 / 네, 미래의 기술 혁신에 대응하기 위해 어떤 것이 필요하다고 생각하나요? / 최근 경제에 관련된 것이나 자신이 관심 있는 주제에 대해 이야기해 줄 수 있나요? / 수학과 관련하여 경영이나 경제에 대해 탐구를 해 보았던 경험이 있나요? / 학생의 성격과 관련한 단점은 무엇인가요? / 많이 긴장됐을 텐데 답변하느라 수고 많았습니다. 마지막으로 본인이 하고 싶은 말을 간단히 하고"
국립공주대학교,교육학과,"면접 시간은 10분이고, 마무리하기 1분 전 마지막으로 하고 싶은 말 할 수 있는 시간 드리겠습니다. / 교육자라면 구체적으로 교사를 희망하는 건가요? 생활기록부 내용이 교육학보다는 국어교육에 더 가 / 안된다는 게 아니니까 긴장하지 말고 답변해도 돼요. 그러면 사회문화 시간에 청소년의 일탈 문제에 / 음... 그러면 회복적 정의와 공감 기반 교육을 아주 비슷하게 보는 거네요? 그런데 청소년 일탈은 한 / 네, 그러면 기후 위기 대응을 위한 탄소중립 실천 교육에 대해 인포그래픽을 제작한 경험이 있는데 / 직접 인포그래픽을 제작한 건가요? 구체적으로 어떤 내용인가요? / 네, 생기부에서 AI 디지털 교과서 관련한 내용이 눈에 띄는데... AI 디지털 교과서의 장단점과 다른 / 기술격차 문제를 어떤 부분에서 문제라고 보는 건가요? 또 우리나라도 AI 디지털 교과서를 보조도구 / 네, 그러면 질문은 여기까지 하고, 마지막으로 1분 남았는데 하고 싶은 말 있으면 하세요."
국립공주대학교,국어교육과,"자기 소개해 주세요. / 발문으로 학생의 이해를 도운 경험이 있다고 하는데 발문이란 표현을 사용하셨어요, 어떤 경험이었는 / 대단한데요? 고등학교에서 발문이란 단어를 원래 쓰나요? / 왜 국어교육과를 선택했나요? / 이후에 교사가 되었을 때 좀 피하고 싶은 교사상이 있다면? / 교과데이 활동이 무엇인가요? / 교과데이 활동이 무엇인가요? 이건 신청하는 사람은 다 할 수 있는 건가요? / 그럼 부스 운영을 안 한 친구들은 생기부 작성이 안되나요? / 일단 학생은 그럼 3학년 동안 다 성공을 한거네요? / 이제 우리 공주대학교 국어교육과에 합격해서 입학을 하면 가장 배우고 싶은 게 있을까요? / 마지막으로 하고 싶은 말 있으신가요?"
국립공주대학교,물리교육과,안녕하세요. / (웃음) 긴장하지 마세요. 어려운 내용은 물어보지 않으니 생기부와 관련해서 몇 가지 사실만 확인합니다. / 교육 관련 동아리에서 활동했었네요? / 동아리 활동 중에 가장 기억에 남는 활동은 뭔가요? / 학생들의 반응은 어떻던가요? / 그럼 등가속도 운동 방정식을 수업했을 때에는 학생들이 이해를 잘 하던가요? / 물리학Ⅰ을 이수하셨죠? / 물리학Ⅰ을 이수하면서 제일 어려웠던 내용은 뭐에요? / 오개념이라면? / 동아리 시간에 한 수업에 내용은 뭐였나요? / 수업 구성은 어땠어요? / 물리학Ⅱ 수업은 끝까지 들으신거에요? / 그 뒤로 따로 공부하신게 있나요? / 물리학 실험을 이수하셨네요. / 무슨 실험들을 하셨나요? / 거긴 인원이 어떻게 됐나요? / 네 이제 면접 끝났는데 뭐 따로 하시고 싶은 말씀 있으세요? / 예 수고하셨습니다.
국립공주대학교,사회복지학과,"블라인드 면접이라 가번호 ○○학생으로 부를게요. 어떻게 왔어요? / 부모님은 밖에서 기다리고 계세요? / 너무 긴장하지 말고, 준비한 거 편안하게 말해 주세요. 지원동기와 자기소개 각각 말해 주세요. / 네, 됩니다. / 우리 학교 홈페이지도 들어가 봤나 봐요? / 봉사활동이나 재밌던 활동 중 기억에 남는 봉사활동이 있나요? / 책 읽는 거 좋아하나요? / 그럼 인상 깊은 책이나 재밌게 읽는 책 말해 볼래요? / 들어보면 별로 재밌지는 않을 거 같은데, 이유가 있나요? / 아 그래요? (웃음) 그럼 어느 분야에서 일하고 싶어요? 관심있는 분야라던지? / MBTI가 E인가 봐요, 가번호 ○○학생은? / 하나만 더 물어볼게요. 팀 활동 중에 지원자 말고 팀원들이 갈등이 생기면 어떻게 할 건가요? / 시간이 거의 다 되어서 혹시 마지막으로 하고 싶은 말 있을까요? / 수고했습니다. 이제 나가셔도 돼요!"
국립공주대학교,생물교육과,"안녕하세요~ 뭐 여기까지 오는데 힘들지는 않았나요? / 오, 그럼 오전에 왔나요, 오후에 왔나요? / 비가 오는데... 그쵸? / 먼저, 간단하게 면접에 대해서 얘기할게요. 학생에 대해 유추할 수 있는 성명, 수험번호, 부모 직업 / 멸종동물 복원 기술과 그 기술에 대한 사례에 대해서 보고서를 작성한 적이 있다고 하는데, 멸종동 / 하지만 멸종동물을 복원시켜 생태계에 투입시킨다면, 오히려 생태계가 파괴되지 않을까요? 이미 안정 / 3학년 동아리 활동에서, 이 광저해 현상에 주목하여 탐구 활동을 진행했었다는데 설명해주시겠어요? / 캐나다 교육제도에 대해서 탐구를 진행했는데, 이를 조사하고 느낀 점에 대해서 얘기해주겠어요? / 혹시 그럼 나중에, 해외로 교사로서 갈 생각이 있나요? / 교사로서 가져야 할 덕목은 무엇이라고 생각하나요? / 이 생물학의 여러 가지 분야 중에서 가장 관심 있는 분야가 있나요? / 오, 유전학이라. 이유가 무엇이죠? / 네, 이제 저희가 준비한 질문은 다 했는데, 혹시 마지막으로 하고 싶은 말 있으신가요? / 네, 수고하셨습니다."
국립공주대학교,수학교육과,"네, 자리에 앉아주세요. (자리에 앉은 후 바로) 먼저 자신이 생각하는 최고의 교사는 어떤 교사인 / 음~(끄덕끄덕 거리심). 그럼 수학교육과에 들어왔으니 교사가 되고 싶어서 들어온 거잖아요? 그럼 / 네 잘 들었습니다. 자신의 주관이 뚜렷하시네요. 그럼 일단 수학 교사가 되려면 기본적으로 설명은 / 네, 미분계수의 정의를 통해 미분계수의 값이 4 맞고요. 그럼 그 값이 또 다른 말로는 그 점에서의 / 그러니까요 그걸 다른 말로는? / 네, 너무 긴장하지 마시고 천천히 생각하세요. 뒤에 그래프가 있으니 먼저 표시하며 생각해 보세요. / 네, 방금 학생이 먼저 말해 줬네요. 접선의 기울기죠. / 다시 자리에 앉아주세요. 그럼 만약에 수학교육과에 합격했을 때 이 학과에서 자신의 학업 계획이나 / 오...(하면서 조금 웃으심) 그럼 마지막으로 자신의 기질이나 특징들을 교사로서 어떻게 살릴 수 있고, / 네, 수고 많았어요."
국립공주대학교,역사교육과,공공재로서의 역사는 무엇이라 생각하는지 그리고 교사는 공공재로서의 역사가라고 생각하는지 만약 / 한국사에 관심이 많은 것 같던데 세종대왕과 선덕여왕을 비교해서 공통점과 차이점에 대해 말해 주 / 세종대왕과 선덕여왕의 삶을 통해 무엇을 배우고 싶나요? / 동아리 시간에 미국과 우리나라의 교육 제도를 비교하며 탐구했다고 했는데 미국과 우리나라의 교육 / 국가 폭력에 대해 생각나는 사례가 있으면 답하고 국가 폭력과 같은 역사는 교육에서 어떻게 다뤄야 / 마지막으로 준비한 말이 있으면 해 보세요.
국립공주대학교,영상학과,영상 제작에 관심을 갖게 된 계기가 궁금합니다. / 만든 작품 중 가장 기억에 남는 건 무엇인가요? / 촬영이나 편집에서 본인이 잘한다고 생각하는 부분은? / 영상 제작 과정에서 어려웠던 점과 극복한 경험이 있나요? / 본인이 생각하는 좋은 영상은 무엇인가요? / 마지막으로 하고 싶은 말 있나요?
국립공주대학교,영상학과,"날씨가 상당히 추운데 옷을 얇게 입고 오셨네요. 밖에 겉옷은 있으시죠? / 네 그럼 바로 시작하겠습니다. 생활기록부를 보니 동아리 활동을 다양하게 하셨더군요. 이렇게 변화 / 2학년 때 동아리를 보니 어려운 책들만 읽으셨는데 책을 많이 읽지 않은 상태인데 큰 부담이었겠 / 그렇군요. 그럼, 다음으로 질문하겠습니다. 학생부 기록을 보니 다양한 영상들을 제작하였는데 구체 / 그러면 3년 동안 계속해서 영상 제작 활동을 이어 나가셨고, 친구들에게 좋은 반응을 얻어 내셨던 / 미디어 관련한 다양한 학과들 예를 들어 미디어커뮤니케이션학과, 언론정보학과 등이 있는데 꼭 영 / 시간이 오버되었는데, 마지막으로 하실 말씀하고 끝내겠습니다. / 네 수고 많았습니다."
국립공주대학교,영어교육과,"안녕하세요. 자리에 앉으시면 됩니다. 오늘 많이 춥진 않으셨죠? / 지금 한, 중간 순서쯤 되시는 거 같은데 많이 떨리진 않아요? / 그럼 바로 시작할게요. 생기부를 보니까 2학년 때 국어교육과에서 영어교육과로 진로가 바뀌었는데 / 다문화 관련된 탐구를 많이 하셨던 거 같은데 만약 본인이 가르치는 학급에 다문화 가정 학생이 있 / 음, 특히 영어는 다양한 문화권을 포괄할 수 있고 범교과이기 때문에 다문화 교육에 있어서 더 이점이 / 2학년 동아리 활동 내용을 보니까 존 듀이의 실용주의적 교육 사상을 지지하고 계신 거 같은데 맞나 / 그럼 존 듀이의 교육 사상을 수업에 어떻게 적용할 수 있을까요? / 음. 존 듀이의 교육 사상의 핵심 키워드가 무엇이라고 생각하세요? (교수님도 약간 의아해하셨던 거 / 보니까 AI를 긍정적으로 활용할 수 있는 방안에 대해서도 탐색하셨던 거 같은데 영어를 학습할 때 / 그렇게 많은 부분에서 AI가 활용된다면 교사의 필요성은 많이 줄어들지 않을까요? / 만약 저희 학교에 진학한다면 어떤 부분을 중점적으로 학습하고 싶으신가요? / 네, 마지막으로 하고 싶은 말 있으면 해 주세요. / 네, 수고하셨습니다. 나가셔도 좋아요."
국립공주대학교,유아교육과,"왜 공주대학교 유아교육과에 지원했나요? / 답변한 거 외에 우리 학교에 대해 아는 내용이 있나요? / 생기부에 몬테소리 교육 관련 내용이 있는데, 몬테소리 교육에서 어떤 점이 가장 인상 깊었나요? / 전통 놀이에 대해 조사했는데, 어떤 전통 놀이를 조사했고 전통 놀이의 효과는 무엇이 있는지 말해 / 마지막으로 하고 싶은 말이 있으면 해 보세요."
국립공주대학교,유아교육과,"학급 반장과 부반장을 했는데, 이때 어려웠던 점과 극복한 방법 알려 주세요. / AI 기술이 유아교육에 영향을 미칠 수 있음을 탐구했는데, AI는 어떤 역할을 해야 하나요? / 본인은 AI를 사용한 적이 있나요? / Chat GPT 사용한거 맞죠? / 3년간 유아교육에 관련된 것을 탐구한 걸 보니, 유아교육에 관심이 많은 것 같아요. 본인이 교사가 / 이제 시간이 다 되어서 마무리해야 하는데, 이 말 못하면 안된다! 꼭 해야 한다! 싶은 이야기 있으"
국립공주대학교,윤리교육과,면접 보러 오는 길이 힘들지는 않았나요? / 면접은 어떠한 답을 요구하는 것이 아니라 학생의 생각을 궁금해하는 것이니 긴장하지 말고 학생의 / 먼저 우리 학교 윤리교육과에 지원한 동기를 말해주시면서 자연스럽게 자기소개를 해 주세요. / 방금 답변에서 정의에 대해 말했습니다. 정의관에 대한 철학자들의 생각을 시대에 따라 설명하고 그 / 학생이 생각하는 윤리 교사에게 필요한 역량은 무엇이고 학생은 그 역량을 얻기 위해 어떤 노력을 / 오늘날 친구들이 통일에 관심이 없고 부정적인 반응을 보이는데 그 이유와 윤리 교사로서 해결 방법 / 생기부에 윤리 멘토를 진행하며 철학 사상을 이해하기 쉽게 가르친다는 내용이 있어요. (웃으면서) / 공주대학교 윤리교육과에 진학한다면 무엇을 배우고 싶나요? / 마지막으로 하고 싶은 말이 있나요?
국립공주대학교,일반사회교육과,"먼저 저희 공주대학교에 관심을 가져주시고 일반사회교육과에 지원해주셔서 진심으로 감사드립니다. / 원래 국어 교사를 희망하다가 사회 교사를 희망하게 된 것도... 뭐 그런 이유 때문인 건가요? / 이제 생기부에서 여쭤볼게요. 3학년 정치와 법 과목에서 이주 배경 학생 맞춤형 교육지원 확대를 주 / 네, 3학년 때 진로활동 주제 탐구 활동에서‘청소년이 중요하게 생각하는 인생 속 가치는 무엇인가’ / 학생들은 보통 어떤 가치관이 있던가요? / 네, 2학년 사회문화 시간에 윤리적 딜레마를 주제로 수업을 진행했다고 하는데 이 수업을 선정한 이 / 어떤 윤리적 딜레마 상황을 제시했나요? / 아, 그럼 이 수업은 사회문화 과목과 꼭 연관 짓지 않아도 되었던 거에요? / (끄덕거리심) 지금까지 질문에 대한 답변을 차분히 잘 해주셨는데요. 마지막으로 하고 싶은 말이나"
국립공주대학교,일반사회교육과,"(웃으며) 식사는 했나요? / 인공지능이 발달하면서 미래에는 어떻게 윤리교육이 이루어져야 할까요? / 3학년 동아리 시간에‘IB교육을 하면 사교육이 사라질까?’를 주제로 토론했다고 했는데, 사교육이 / 1학년 한국사 시간에 토론 수업에서 ‘위안부’문제에 대해 토론했다고 했는데, 본인의 의견과 반대 / (웃음) / 왜 사회교육과를 선택했나요? / 3학년 진로활동 시간에‘교사의 피드백 언어가 학습 태도에 미치는 영향’활동을 했다고 적혀있는데, / 마지막으로 하고 싶은 말 있나요?"
국립공주대학교,지리교육과,"네 자리에 착석해 주세요. / 아침은 먹고 왔어요? / 오는 길이 힘들진 않았어요? / (웃으며) 그래요. 면접도 행복하게 잘 봐 주세요. / 저희 학교에 지원해 주셔서 대단히 감사합니다. 이제부터 면접을 시작할 텐데요, 면접 시간은 10분 / 네 필요하다면 가능합니다. / 추가 질문은 없으신 거죠? 그럼 질문 시작하겠습니다. / 3학년 동아리 활동에서 지리동아리를 만들고 활동을 했네요? 동아리를 만들게 된 취지와 활동에 대 / 되게 많은 활동을 했네요. 게임 속의 지리 요소 찾아보기 활동이 흥미로운데 자세히 설명해 줄래요? / 네 해도 됩니다, / 생활기록부를 보니까 국민신문고에 정책 제안서를 제출하는 활동을 했네요? 이 활동에 대해 설명해 / 혹시 어디 부서에 제출했나요? / 리퀴드폴리탄이 뭐예요? / 좀 더 자세히 얘기해 줄래요? / 좀 더 물어보고 싶지만 안타깝게도 시간이 거의 다 됐네요. 혹시 준비했는데 못한 말이 있으면 해볼"
국립공주대학교,컴퓨터교육과,"네 들어오세요. / 학생의 교내 내신 성적을 보니까 1학년 초반에는 2.5 후반에는 2점 초반까지 줄였었다가 2학년 이후 / 저희 컴퓨터교육과에서는 특히 수학 교과를 더 중요히 생각하는데 학생의 수학 성적은 다른 교과에 / 학생에 생기부를 보면 여러 가지 한 활동들이 많아요. 규칙 기반 모델과 머신러닝 모델의 차이점 비 / 슈팅 게임, 타워 디펜스, 언데드 서바이벌. 이 중에서 가장 기억에 남는 활동은 무엇이고 그 활동 중 / 생기부를 보면 3D 크래픽스에서 기하학을 접목시켜서 발표를 진행했다고 나오는데 3D 그래픽스에서 / 학생이 인공지능을 만들거나 게임을 만들 때 접목시켰던 수학적인 측면을 하나 설명해 주세요. / 그러면 컴퓨터공학에 지원하는 것이 더 좋았을 텐데 왜 저희 컴퓨터교육과에 지원하셨나요? / 마지막으로 하실 말이나 준비해 온 말 있으면 해 주세요."
국립공주대학교,화학교육과,반갑습니다. 앉으세요. / 면접은 10분간 진행됩니다. 너무 긴장하지 마시고 모르겠으면 모르겠다고 말해도 되니 편하게 답해 / 네 먼저 지원동기와 자기소개 말씀해 주세요. / 화학 관련 활동을 많이 하신 거 같은데 기억에 남는 활동이 있나요? / 생기부에 흥미로운 내용이 있어요. 삭발 후 머리에 대해 무언가 탐구하셨다는데 이게 뭔가요? / 잘 어울려요. 짧은 머리 / 그리고 여러 과학 과목에 관심이 있는 것 처럼 말했는데... 특히 낮은 과목이 있어요. 이유가 있나요? / 마지막으로 하실 말씀 있으신가요?
나사렛대학교,응급구조학과,"안녕하세요. / (웃으시면서) 올 때 기차 타고 오셨어요? 학교 좋죠? 일단 먼저 응급구조학과에 지원하게 된 이유에 / 좋아요. 다음 질문할게요. 만약 내가 소속된 그룹에서 갈등이 발생하면 팀원들에게 어떻게 설득할 건 / 응급구조사는 어떤 직종인 거 같아요? / 알겠습니다. 그러면 학생은 10년 뒤에 어떤 사람이 되어 있을 것 같나요? / 네, 좋습니다. 알고 있는 응급처치 방법이나 직접 응급처치를 시행해 본 경험을 말해 보세요. / (웃으면서) 앞에서 말하지 못했던 것이나 마지막으로 하고 싶은 말 있으시면 자유롭게 말해봐요. / 수고하셨어요. 나중에 우리 꼭 볼 수 있었으면 좋겠습니다. 조심히 가세요."
백석대학교,관광학부,우리 학과에서 가장 필요한 역량은 무엇이라고 생각하나요? / 본인이 인생의 지표로 삼은 명언이 있나요?
서원대학교,패션의류학과,우리 대학 패션의류학과에 지원하게 된 동기를 말해 주세요. / 성공적인 대학 생활을 위해 가장 필요한 것은 무엇이라고 생각하시나요? / 그럼 창의적으로 문제를 해결해 본 경험이 있나요? / 우리 학교는 실무 수업이 많은데 학교에서 이것과 관련해서 배운 경험이 있나요? / 앞으로 어떤 디자이너로 성장하고 싶나요? / 마지막으로 하고 싶은 말이 있나요?
서원대학교,항공관광학과,"인사 먼저 할게요. / 안녕하세요. 긴장하지 말고 편하게 보세요. 1번부터 자기소개 해 주세요. / 입학 후 하고 싶은 활동이 뭔지 3번부터 말해 주세요. / 네, 수고했어요. 좋은 결과 있길 바라요. 인사하고 나갈게요."
순천향대학교,글로벌문화산업학과,지원동기가 어떻게 되세요? / 졸업 후에 어떤 분야에 진출하고 싶어요? / 콘텐츠 기획자라는 꿈을 언제부터 가졌어요? / 학과에서 기대되는 수강 과목이 있어요? / 교과 활동 중 기억에 남았던 활동 있어요?
순천향대학교,나노화학공학과,"안녕하세요. 간단한 자기소개 후 본인의 장단점을 말해 주세요. / 네, 잘 들었습니다. (면접 분위기가 풀어짐) 그럼 학창 시절 ○번 지원자분에게 깨달음을 준 실험이 / 고분자 소재를 이용한 이유가 있나요? / 음, 그렇군요. 고분자 소재와 나노화학은 어떤 연관이 있을까요? / 혹시, 자기조립 현상... (시간이 다 되었음) 아, 시간이 끝났네요. / ○번 지원자분 오늘 수고 많으셨어요. 집이 여기서 얼마나 걸려요? / 아이고 하하. 맘 편히 먹고 집 조심히 가세요. 고생했어요."
유원대학교 간호학과 학생부교과 지역인재Ⅰ전형,ㄱ,"오시느라 고생하셨어요. 밖에 많이 춥죠? / 현재와 같이 치열한 사회에서 진정한 성공이란 무엇이라고 생각해요? / 인생에서 가장 중요한 것이 무엇이라고 생각해요? / 이번에는 돌발질문, 비공개 질문인데요. 인생에서의 좌우명이 무엇일까요? / 먼 길 오시느라 수고하셨어요. 좋은 결과 있길 바랄게요."
유원대학교,간호학과,전공과목을 공부하며 어려움과 힘든 점이 분명히 생길 텐데 이를 어떻게 대처하시겠습니까? (공개) / 인생을 살아가며 가장 중요한 것은 무엇이라 생각하십니까? (공개) / 자신의 좌우명이 있다면 무엇인가요? (비공개)
유원대학교,간호학과,자신의 강점과 약점을 말씀해 주세요. / 인상 깊게 읽었던 책이나 영화가 있다면 말씀해 주세요. / 부모님께서 본인을 키우시면서 특히 강조하신 교훈이나 가훈이 있다면 말씀해 주십시오.
유원대학교,물리치료학과,"본인의 강점과 약점을 말씀해 주십시오. / 대학에 입학하면 가장 먼저 해보고 싶은 일은 무엇입니까? / 고등학교 시절 아쉬웠던 점은 무엇이며, 대학 생활에서 이를 어떻게 보완할 계획입니까? / (비공개) 유원대학교를 어디서 알게 되었고, 유원대학교 물리치료학과의 어떤 점이 인상 깊었나요? / 저희 유원대학교 물리치료학과에 지원해 주셔서 감사드립니다. 마지막으로 하고 싶은 말은 있나요?"
유원대학교,물리치료학과,면접 시작하겠습니다. 지원동기에 대해 말씀해 주세요. / 물리치료 분야 중 어떤 분야에 가장 관심이 있나요? / 본인의 장점과 단점에 대해서 말씀해 주세요.
유원대학교,호텔조리베이커리학과,자신의 강점과 약점을 말해 보세요. / 자신이 실천해 본 봉사활동은? 그 봉사활동으로 인해서 얻은 점과 가치관은? / 인생에서 가장 중요하게 생각하는 것을 말해 보세요 / 유원대학교에 입학하게 된다면 학교생활은 어떻게 할 것인가요? / 마지막으로 물어보고 싶은 것이나 하고 싶은 말이 있다면 말씀해 주세요.
중부대학교,간호학과,공개된 문항 중에 웰다잉에 관한 질문을 선택하셨네요. 답변해 볼까요? / 체순환의 과정과 혈액의 기능에 대해 말해 보세요. / 활력 징후에 대해 아는 학생이 있다면 손을 들고 답변해 보세요. (추가 질문) / 다문화 시대에 간호사가 갖추어야 할 자질에 대해서 말해 보세요. / 마지막으로 하고 싶은 말이 있나요?
중부대학교,간호학과,공통 문항 1번 선택하셨어요? 답변해 보세요. / 다문화 시대의 간호사에게 필요한 역량은 무엇일지 이야기 해 보세요. / 생명과학에 대해 질문 할게요. (지원자마다 다른 질문을 주셨습니다.)
중부대학교,간호학과,"혈액이 우리 몸에서 무슨 역할을 하는지 말해보세요. (5명 다 질문이 달랐습니다.) / 고령화 사회가 지속되고 있는데, 이에 대해 간호 분야에서 어떻게 해야 하는지 말해보세요. / 질의 응답지에 적었던 예상 질문에 답해보세요. 인공지능(AI)은 건강복지 분야에서 많은 부분에 적용 / (질의 응답지 내용) 예상 질문 중 하나를 적으세요. (답변이 아닌 문제를 적어 내면 됐습니다. 답변은 / (질의 응답지 내용) 지원 동기가 무엇인가요? / (질의 응답지 내용) 자신의 성격 장단점(극복 사례)이 무엇인가요? / 대학 입학시 하고 싶은 일 목표가 무엇인가요?"
중부대학교,간호학과,"자기소개 짧게 20초 정도 해 주세요. / 다음 공개 질문 물어볼게요. 인공지능 관련 질문 선택하셨네요. 답변해 보세요. / 다음 비공개 질문으로 다문화 가족인 환자를 대할 때 필요한 간호사의 자세 말해보세요. / 네, 전공학과 질문으로 혈액순환의 원리에 대해 말해 보세요. / 면접 보느라 수고하셨습니다."
중부대학교,간호학과,"혈액의 기능에 대해 아는 대로 설명해 주세요. (비공개 학과 질문) / 고령화 현상이 심화되고 있는데, 이러한 상황에서 간호는 어떻게 변화해야 할까요? (비공개) / 현대 사회는 고독사라는 기존과는 다른 개념의 독거 죽음이라는 것이 일반적으로 되었다. 이러한 웰 / 중부대학교 유튜브 채널을 알고 있고, 영상을 본 적이 있나요? (비공개)"
중부대학교,경찰행정학전공,안녕하세요. 그럼 바로 질문 시작하겠습니다. 우선 공통질문입니다. 공통질문에 제시된 두 질문 중 / 그렇군요. (다른 수험생 답변도 다 듣고 난 후) 그럼 다음 질문으로 넘어가겠습니다. 경찰행정학과에 / (다른 수험생 답변도 다 듣고 난 후) 잘 들었습니다. 그럼 다음 질문하겠습니다. 중부대학교가 가지고 / 잘 들었습니다.(다른 수험생 답변도 다 듣고 난 후) 마지막 질문입니다. 이 질문은 답변하지 않으셔도
중부대학교,물리치료학과,면접 시작하겠습니다. 지원 동기에 대해 말씀해 주세요. / 공개 문항 중 선택한 문항에 대해서 말씀해 주세요. / 물리치료사에게 필요한 역량에 대해서 말씀해 주세요.
중부대학교,물리치료학과,자기소개와 지원동기 말씀해 주세요. / 자신의 경쟁력을 말씀해 주세요 / 물리치료사란 무엇일까요? / 공통 질문에 답변해 주세요.
중부대학교,항공서비스학전공,항공 서비스 직무는 안전과 신뢰를 바탕으로 한 빠른 판단력과 대처 능력이 중요합니다. 본인이 위기 / 항공서비스학전공 준비하면서 인상 깊게 읽은 책은 무엇인가요?
중부대학교,항공서비스학전공,멘토·멘티활동한 경험 있나요? / 가고싶은 항공사는?
청운대학교,항공서비스경영학과,자신의 단점은? / 자신만의 체력 관리법은?
청주대학교,간호학과,청주대에 대하여 아는 것이 있다면 한가지만 말해 주세요. / 간호사가 된다면 어떤 부서에서 일하고 싶은가요? / 사회 봉사한 경험을 말해 주세요.
청주대학교,간호학과,청주대학교에서 아는 거 있으면 간단하게 말해 보세요. / 대학 졸업 후 어떤 분야에서 일하는 간호사가 되고 싶나요? / 지역 사회에서 봉사활동을 한 경험이 있나요?
청주대학교,간호학과,"안녕하세요, 00지원자. 먼저 청주대학교 간호학과에 지원해주셔서 너무 감사드립니다. 면접 시작할 / 네. 먼저 청주대학교 간호학과에 대해서 아는 거 있으면 좀 말해 주세요. / 네. 이제 제가 질문 드릴게요. 간호학과 졸업 후에 일하고 싶은 분야가 있나요? / 네. 그럼 고등학교에서 간호 관련해서 활동한 거 있으면 말해 주세요. / 그럼 사회에서 간호 관련 봉사활동을 한 경험이 있나요? / 네 알겠습니다. 답변 잘 해주셨구요, 다시 한 번 청주대학교 간호학과에 지원해주셔서 감사합니다."
청주대학교,경찰행정학과,청주대학교에서 성장하고자 하는 인재상이 무엇인지 1분 이내로 대답해 주세요. / 나중에 경찰이 될 수도 있는데 경찰이 가져야 할 역량은 무엇이라고 생각합니까? / 자신의 성격의 장점과 단점이 뭐라고 생각하나요? / 마지막으로 꼭 하고싶은 일이 있으면 해 주세요.
청주대학교,무인항공기학과,"네, 안녕하세요. / 청주대 어떤 것 같아요? / 학업 외에 중요시하는 것은 무엇인가요? / 요즘 AI들이 많이 발전하고 있는데, 드론에 추가 되었으면 하는 기술이 있나요? / 자산의 장, 단점을 소개해 주세요. / 마지막으로 하고 싶은 말 있나요?"
청주대학교,방사선학과,면접은 4분동안 진행되며 타이머가 울릴 시 면접이 바로 종료됩니다. 앞의 면접관분들이 돌아가며 한 / 청주대에 지원한 이유는 무엇인가요? / 학교 제학 중 제일 잘했던 과목은 무엇인가요? / 방사선사는 어떤 종류가 있나요? / 마지막으로 하고 싶은 말이 있나요?
청주대학교,임상병리학과,임상병리학이 무엇이라고 생각하나요? / 대학 생활에서 가장 중요하게 생각하는 것이 무엇인지 말해 주세요. / 어느 지역에서 오셨나요?
청주대학교,항공서비스학과,청주대학교 입학 후 하고 싶은 활동이 뭔가요? / 내가 이 얘기는 무조건 해야겠다는 내용 포함하여 자기소개 해 주세요.
청주대학교,항공운항학과,"지금까지 기다려주셔서 너무 고생하셨습니다. 시간이 없으니 빨리 진행하겠습니다. (12시부터 2시 30 / 초등학교, 중학교, 고등학교 시절 때 리더로서의 경험이 있다면 말하세요. 구체적인 사례를 들어주세요. / 네 배려를 배우셨네요. (갑자기 말을 끊어서 당황함) 또 하실 말 있나요? 시간이 없으니 빠르게 마무리하세요. / 파일럿이 되기 위해 평소에 준비했던 것이나 노력한 점이 있나요? / 면접 볼 때 긴장하잖아요? 그럼 이런 긴장된 상황을 해결해 나가는 자신만의 방법이나 노하우 있나요? / 시간이 없는데 마지막으로 하고 싶은 말 있나요? 10초 드리겠습니다."
한국교원대학교,국어교육과,"제시문 발표 시작해 주세요. / 잘 들었습니다. 그러면 학교 수업 시간에 문자 자료와 영상 자료를 활용했던 경험이 있다면 말씀해 / 그렇게 말고, 어떤 수업 시간에 어떤 자료를 사용했는지 좀 더 구체적으로 말해 줄 수 있나요? / 국어 관련 과목에서 다양한 수행평가를 했을 텐데, 가장 기억에 남는 활동은 뭔가요? / 마지막으로 국어 교사가 되었을 때 가장 중요한 역량은 뭐라고 생각하나요?"
한국교원대학교,기술교육과,"네 첫 번째 문제부터 하나씩 물어볼 테니까 하나씩 답해 주세요. (1번 문제를 그대로 읽어주심) / 추가 질문드릴게요. 가장 자기관리를 잘한다고 생각했던 사람은 누구인가요? 연예인이나, 실제로 아 / (2번 문제를 그대로 읽어주심) / 학생이 가장 자신이 있는 역량은 무엇인가요? / 네. 알겠습니다. 학생이 가장 존경하는 선생님이 있었나요? 그분께 본받고 싶은 점이 있을까요? / 네.. 이전질문과 이어지는 느낌인데, 이전 답변과 관련하여 교사가 갖추어야 할 덕목은 무엇이라고"
한국교원대학교,기술교육과,"안녕하세요. 제시문에 대한 답변해 주시면 되겠습니다. (1번 질문 읽으심) / 본인이 생각하기에 제시문에 나온 역량 중 가장 자신이 뛰어난 역량은 무엇이라 생각하나요? / 원래부터 의사소통 능력이 뛰어났나요? 아님 특정 시기가 있었나요? / 학교를 다니면서 가장 좋아하는 선생님이 누구였습니까? / 본인은 어떤 선생님이 되고 싶으신가요? / 배려를 중요시하는 교사가 되고 싶은거 같은데 맞나요? / 대학교 와서 임용공부 아니더라도 하고 싶은 거 있으신가요? / 대학교 와서 임용 공부 아니더라도 하고 싶은 거 있으신가요? / 여러 자격증을 취득하고 싶은 거 같은데, 그 이유가 있을까요? / 시간이 조금 남았는데 마지막으로 하고 싶은 말이 있으실까요?"
한국교원대학교,독어교육과,간단하게 자기소개 하고 생각해 본 거(제시문) 편하게 답해주시면 됩니다. / 네 고등학교때 독일어 배웠어요? (생기부 기반 면접이 아니라 교수님들은 면접대상학생에 대한 정보 / 아까 문자자료의 단점에 시공간적 제약을 말했잖아요 그게 구체적으로 뭐죠? / 사실 영상자료로도 책은 읽을 수 있잖아요 근데 굳이 문자자료를 활용해야 할 이유가 있을까요? / 네 아까 20분씩 독서 활동 했다고 했잖아요 그 활동은 스스로 한건가요? / 2권 읽었다고 했는데 무슨 책이었나요? / 그럼 변신 간단한 내용이랑 느낀점 있으면 말해 주세요 / 아까 학교에서 독일어를 안배웠다고 했는데 자기소개를 독일어로 했잖아요 어떻게 독일어를 배운거에요? / 네 그럼 고등학교 생활중 교사가 되기위해 노력한 부분이 있으면 말해 주세요. / (웃으시며) 네 이제 시간이 끝나긴했는데 집에서부터 준비해 왔는데 못한 말 있죠? 하셔도 됩니다. / 하하 네 수고 많으셨어요 그럼 나가보셔도 됩니다.
한국교원대학교,물리교육과,"3년간 자기관리역량이 1위인데, 미래사회에서 자기관리역량이 강조되는 원인은 무엇일까요? 원인과 / 학생은 자기관리역량이 무엇이라고 생각하나요? / 자기관리역량을 제외한 다른 역량들 중에서, 본인이 가장 중요하다고 생각하는 역량은 무엇인가요? / 물리교사로서는 어떤 역량이 중요하다고 생각하나요? / 왜 교사를 희망하였나요? / 가장 기억에 남는 물리 개념이 있나요? / 왜 3, 4번 공식이 중요하게 작용하는걸까요? 무슨 특별한 이유가 있을까요? / 맥스웰 방정식의 내용을 굳이 공식으로 쓰지 않고 확인할 수 있는 방법은 없을까요?"
한국교원대학교,영어교육과,제시문 면접부터 시작하겠습니다. 1번 질문(문자 자료와 영상 자료의 각각의 장점과 단점)에 대해 말 / 교사가 되기 위해 필요한 자질 3가지 이상을 말해보고 이를 실현하기 위한 수업 방안을 말씀해 보세요. / 학생이 학교 생활 중 가장 기억에 남는 경험은 무엇인가요?(영어로) / 다른 경험은 없나요? (영어로) / 왜 하필 영어교사가 되고 싶으셨나요?
한국교원대학교,유아교육과,"자기관리 역량이 가장 중요한 역량으로 꼽히고 있는데, 그 이유를 본인의 경험과 연관 지어서 설명 / 위에 나타난 역량 중에 자기관리 역량을 제외하고 가장 중요하다고 생각하는 역량과, 그 역량을 기 / 왜 유치원 교사가 되고 싶나요? / 마지막으로 하고 싶은 말이 있으면 해 주세요."
한국교원대학교,일반사회교육과,"그럼 개방형 질문 시작하겠습니다. 교사가 되고 싶어서 면접을 보러 오신 거잖아요, 혹시 교사를 꿈 / 왜 꼭 교원대인가요? / 자신이 가진 특성 중에, 이건 고쳐야겠다 싶은 단점 같은 거 있어요? / (웃으며) 충분히 고쳤다고 생각하나요? / 마지막으로 우리한테 궁금한 점이나, 준비 열심히 했는데, 못한 말 같은 거 있으면 해 주세요. / 네. 수고하셨습니다."
한국교원대학교,지구과학교육과,제시문 답변 부탁드려요. / 자기관리 능력이 육체적 관리라고 생각하는 것이 맞냐? / 학과와 관련하여 학교생활때 했던 활동은? / 해당 활동을 하면서 느낀점은 무엇인가요? / AI의 등장으로 교사가 사라질수있다는 점이 대두되고있는데 이에 교사가 AI와 어떤 차별성을 가지 / 도덕과 사회정의의 차이점이 뭘까요? (이때 너무 당황했음) / 직소모형에 대해 탐구하셨다고 했죠? 직소가 뭘까? / 아니라고 알려주고 직소는 톱으로 자르고 다시 붙이는 것이다. 직소퍼즐 같은 것이다. 이랬음 / 그리고 과학이라는 것은 지식전달이 목적이기에 단순히 학습자의 상태보다는 전달이 우선시 되어야 / 마지막으로 하고싶은 말 있나요?
한국교원대학교,컴퓨터교육과,네 들어오세요. / 먼저 주어진 문제에 대한 본인의 답을 말씀해주시고 다음에 질문 이어나가겠습니다. 문제에 주어진 / 저희 컴퓨터교육과에 지원해주셔서 감사드리지만 학생을 보면 컴퓨터공학에 더 어울리는 것 같은데 / 게임을 제작하였다고 했는데 어떤 게임을 제작하신건가요? / 게임을 제작하는데 있어서 사용한 언어는 무엇이였나요? / 분명 이렇게 많은 활동들을 혼자서 한 것 같지는 않은데 팀에서는 어떤 역할을 수행했나요? / 파이썬 언어와 C#언어를 모두 사용해보았다고 했는데 두 언어간의 차이점은 무엇입니까? / 이런 게임 제작이나 인공지능 모델같은 개발 방법은 모두 동아리에서 배워서 활동하였나요? / 원클래스를 수강했다면 혹시 게임 제작 말고 다른 활동도 하였나요? / 웹 개발을 했다면 혹시 어떤 앱을 만드셨었나요? / 웹 개발을 하실 때 사용하신 언어는 무엇이 있을까요? / 웹 개발을 진행했다면 파이썬 언어이외에도 또 다른 웹 개발 전용 언어등을 사용했어야 했을텐데 혹
한국교원대학교,화학교육과,"네 면접 시작하겠습니다. 먼저 제시문 관련 답변 먼저 해 주세요. / (제시된 여러 능력 중 택1) 학교에서 이러한 능력을 기르기 위한 역할은 무엇이라고 생각하나요? / 다음은 개방형 질문입니다. 화학에서 몰 관련 개념을 배웠을 텐데, 몰이 무엇인가요? / 아보가도르 수에 대해 설명해 보세요. / 만약 직접 화학 교재를 만들게 된다면 단원명을 어떻게 할지 설명해 보세요. / 고등학교 생활 중 읽은 화학 관련 책 중 학생들에게 추천해주고 싶은 책이 있나요?"
한국기술교육대학교,건축공학과,자기소개 해 주세요. / 무슨 과목을 가장 좋아해요? / (입 모양으로 오~) / 고등학교 시절 힘들었던 시기가 있었나요? / (끄덕이심) / (통합 사회 생기부 내용에서) PC 주의에 대해 어떻게 생각하세요? / (끄덕이심) / 졸업 후 진로 계획이 뭔가요? / (웃으시며) 우리 대학교에 들어오면 빡셀텐데 어떤 마음가짐으로 생활할 건가요? / (웃으시며) 좋습니다. / (봉사 활동을 보며) 분리수거 좋아해요? / 다른 대학 어디 지원했나요? / (밖에서 노크함) 마지막으로 하고 싶은 말 있어요?
한국기술교육대학교,고용서비스정책학과,"네, 반가워요 앉아 주세요. / 준비되셨나요? / 우리 학과에 지원하게 된 동기 얘기해 주세요. / 전교회장 활동에서의 경험이 어떻게 안정적인 일자리와 공정한 고용환경에 대한 목표로 이어지게 / 고등학교를 3년동안 다니면서 학급임원,전교임원,동아리 부장,모둠 조장까지 모든 임원직 역할을 맡 / 미래에 노동시장정책을 담당하는 공공기관에서 활동하고 싶다고 하셨는데 정확히 어디서 일해보고 / 한국기술교육대학교도 고용노동부 산하기관이라는 사실을 알고 계신가요? / 네 관심이 많으신 것 같아서 알려드리고 싶었는데 알고 계시다니 좋습니다. / 진로계획이 있으신가요? / 마지막으로 하고 싶은 말 해주시면 감사하겠습니다."
한국기술교육대학교,기계공학부,"자기소개 해 보세요. / (좋은 인상을 보이며) 준비를 되게 잘해 오셨네요. / (고급수학1 생기부를 보고) 가우스 소거법이 뭔가요? / 동아리 활동에서 SLAM에 관해 실험 활동을 하셨는데 SLAM이 뭔지 아세요? / 네, 냉장고의 탄생이라는 책을 읽고 열역학적 사이클에 대해 알 수 있었다고 하는데 설명해주세요. / (면접관 두 분 모두 끄덕임) / (기하 심화탐구를 본 듯) 행렬이 로봇공학에서 어떻게 활용되나요? / (진로활동을 본 듯) 센서 드리프트가 뭔가요? / (스포츠 클럽에서 주장이었던 것을 본 듯) 축구 좋아하세요? / 포지션이 주로 어디에요? / 장점이 뭔가요? / 마지막으로 하고 싶은 말 있으면 해 주세요."
한국기술교육대학교,기계공학부,"B-○○○번 학생 맞으신가요? / 면접을 시작하겠습니다. 3학년 동아리 활동으로 진행한 MBL 장치를 활용한 등가속도 실험을 진행하 / 네, 다음 질문 드리겠습니다. 3년동안 학급 반장을 하셨는데, 자의로 하신건가요? 타의로 하신건가요? / 반장이 어쨌든 투표로 결정되는 건데, 반장으로 뽑힐 수 있었던 자신만의 노하우가 있었나요? / 가장 좋아하는 과목과 그 이유를 말해주세요. / 미분이 어렵나요, 적분이 어렵나요? / 그렇다면, 혹시 적분에도 정적분과 부정적분이 있는데 둘의 차이를 알고 있나요? / 아, 맞죠. 3학년 때 파이썬 공부를 진행하셨고, 기계 설계에 대한 발표도 진행하셨는데, 어떤 발표를 / 그런데, 1학년 때는 진로가 컴퓨터 공학 쪽이셨던 것 같은데, 뒤늦게 기계 공학으로 진로가 바뀐 이 / 네, 마침 시간이 딱 맞게 끝났네요. 이제 나가셔도 좋습니다. / 네. 빨리 해주세요. / 네, 지원자님도 수고 많으셨습니다."
한국기술교육대학교,기계공학부,자기소개 및 지원동기 말해 주세요. / 기계공학 관련해서 헀던 탐구가 있을까요? / 이 탐구한 그리퍼 특징을 설명해 주세요. / 그 생활과학 시간에 북극과 남극에서의 몸무게가 다른 이유와 관련된 탐구를 했던데 설명해 주세요. / 그럼 뭄무게는 질량인가요 무게인가요? / 그 미적분 시간에 스플라인 보간법에 대해 탐구했던데 설명해 주세요. / 보간이 뭔지 설명해 주세요. / 스플라인 보간법에 필요한 조건이 있나요? / 미적분 시간에 테일러 급수를 탐구했던데 설명해 주세요. / 그 영어 성적이 7등급으로 상당히 낮은 점수인데......... / ㅎㅎ 준비한 답변이 나왔나 보네요 ㅎㅎ / 그 생기부에는 없는 내용인데 토그에 대해 설명해 주세요. / 그 마지막으로 하고 싶은 말 있나요?
한국기술교육대학교,메카트로닉스공학부,"네. 자리에 앉아 주세요. / 많이 떨리죠? 그렇게 보이네요. 심호흡하고, 이제 시작할게요. / 먼저 자기 소개 준비해 왔을텐데, 해볼래요? / (웃음) 네에, 여기 생기부를 보면 스마트 그리드에 대해 조사했다고 되어 있는데 구체적으로 스마트 / 그럼 스마트 그리드가 환경에 왜 도움이 될까요? / 음... 스마트 그리드 외에도 생기부에서 `스마트’라는 단어가 자주 반복되던데 이와 관련해서 환경보 / 아, 네. 산불 감지 시스템도 좋죠. / 네. / 1학년 자율 활동에 저녁 시간에 도움반 친구를 도와줬다고 되어 있는데 구체적으로 상황 좀 설명해 / (똑똑 노크 소리가 들리고) 네. 마지막 한마디 있나요?"
한국기술교육대학교,메카트로닉스공학부,면접 시작하겠습니다. 자기소개 해 주세요. / 메카트로닉스공학부에 대해서 설명해 주세요. / 생활기록부가 컴퓨터공학과에 적성이 맞는 것 같은데 왜 메카트로닉스공학부에 지원하게 되었나요? / 마지막으로 하고 싶은 말 있으실까요?
한국기술교육대학교,반도체·디스플레이공학과,"점심은 드셨나요? (일상얘기로 긴장을 풀게 하신뒤) 긴장이 풀리신거 같으면 자기소개 해주세 / 우리 회사가 무엇을 만들거나 하는지 알고 계신가요? / 만약 입학을 하고 우리 회사에 오신다면 어떤 일을 하고 싶나요? (설계, 제조, 검사 등의 역할 / 입학을 한 후 10년 뒤 어떤 일을 우리 회사에서 하고 있을지 아님 하고 싶은가요? / 마지막으로 하고 싶은 말 있을까요? 아님 긴장해서 못한 말 있을 까요?"
한국기술교육대학교,반도체·디스플레이공학과,"자기소개 부탁드립니다. / 왜 저희 회사를 선택하셨나요? / 반도체 공정에 관심이 있으시다구요? 반도체 공정이 무엇인가요? / 아까 저희 회사가 워라밸이 좋다고 하셨는데, 워라밸에서 어떤 부분이 중요하다고 생각하시나요? / 저희 회사 특성상 연구나 개발직의 경우 초과근무를 해야하는 일이 자주 발생합니다. 물론 주 52시 / 근데 아까는 정시퇴근이 중요하다고 하셨는데 그러면 어느정도 선 까지는 괜찮다고 생각하시나요? / 네 알겠습니다. 저희 회사에 오신다면 어떤 일을 하고 싶으신가요? / 활동적인 것, 정적인 것 중에 어떤 것이 더 좋으시죠? / 네. 참고하겠습니다. 혹시 저희 회사가 어떤 업무를 하는지 아시나요? / 어떤 부품을 만들죠? / 그 부품 이름이 무엇인가요? / 저희 회사에 근무를해서 어떤 사람이 되고 싶으신가요? / 그럼 따로 진로 목표나 방향은 없으신가요? / 마지막으로 하고싶은 말 해 주십시요."
한국전통문화대학교,보존과학과,한국전통문화대학교와 보존과학과를 선택하게 된 동기는 무엇인지 말해 보세요. (1분) / 2.나무의 열화작용의 원인에 대해 설명하고 대응방법에 대해 설명하고 비접촉 국가유산 조사방법에 / 지진에는 어떤 종류가 있고 어떤 피해를 문화유산에 줄 수 있는가? (2분) / 산불로 인한 문화유산 피해와 예방 방법은 무엇인가? / 합격하면 자신의 진로를 위해 어떤 방향에서 학습하겠다는 계획을 말해 보세요.
한국전통문화대학교,융합고고학과,"한국전통문화대학교와 융합고고학과를 선택하게 된 동기는 무엇인지 말해보세요. 1분 드리겠습니다. / 선사시대와 역사시대를 구분 짓는 기준을 설명하고, 한반도의 선사시대(구석기시대, 신석기시대, 청동기 / 네. 그렇다면 공주와 부여에 있는 문화유산에 대해 아는 대로 나열하고 그 중 한 가지를 선택해 제작년도, / 백제 문화단지가 언제 지어졌는지와 백제 문화단지가 뭐하는 장소인지는 아나요? / 백제문화단지는 최근에 지어진 곳이에요. 제대로 알아보고 대답하셔야죠. / 네. 알겠습니다. 세계문화유산의 분류체계와 각각에 맞는 사례를 이야기하세요. 2분 드리겠습니다. / 네. 마지막 질문드리겠습니다. 합격하면 자신의 진로를 위해 어떤 방향으로 학습하겠다는 학습 계획에 / 네. 수고하셨습니다."
한국전통문화대학교,융합고고학과,"안녕하세요. 우리 학교는 어떻게 왔어요? / 네, 그럼 바로 질문하겠습니다. 우리 학교 융합고고학과에 지원한 동기를 말해 주세요. / 선사시대와 역사시대를 구분하는 기준을 제시하고, 한반도의 선사시대를 구성하는 시대별 주거 방식 / 다음 질문입니다. 지금까지 가 보았던 박물관의 전시실에서 가장 인상적이었던 유물에 대해 시대, 특 / 네, 이번에는 대한민국의 문화유산으로 유네스코에 등재된 세계유산을 아는 대로 나열하고, 그 중 한 / 마지막으로 합격하면 본인의 진로를 위해 어떤 방향에서 학습할 건지 계획을 말해 보세요. / 네, 수고하셨고 나가셔도 좋습니다."
한국전통문화대학교,전통건축학과,"한국전통문화대학교와 전통건축학과를 선택하게 된 동기는 무엇인지 말해 보세요. / 사진 속 익산 미륵사지 석탑이 세워진 배경과 이 건축물의 특징들, 재료에 대해 설명해 보세요. / 형태적 특징은요? / 여기 학과에 대해 공부 많이 안했나요? 유명한건데 왜 잘 모르지? / 앞에 문제지에 보이죠? 읽고 답해주세요. (K컨텐츠 확산에 관련된 의견을 묻는 문제였음.) / 마지막으로 합격하면 자신의 진로를 위해 어떤 방향에서 학습하겠다는 계획을 말해보세요. / 2, 3번 문제에 대답을 제대로 하지 못했는데 그러면 우리가 뭐 질문할 줄 알았어요? / 이제 마지막으로 하고 싶은 말 있나요?"
한국전통문화대학교,전통섬유공예과,착석해도 됩니다. / 이 학과를 지원하게 된 동기를 말해 주세요. / 여기 사진에 보이는 유물 중에서 하나를 골라 설명해 주세요. / 유물 중 하나를 선택하고 이를 현대적으로 전환한다면 어떻게 활용할 수 있을지 설명해 주세요. / 포트폴리오 심사하겠습니다. 제출하신 포트폴리오에서 한 작품을 선정하여 설명해주세요. / 이 학교에 와서 어떻게 학습하겠다는 계획을 말씀해 주세요. / 마지막으로 하고 싶으신 말씀 있으면 해 주세요. / 수고하셨습니다. 나가셔도 됩니다.
한서대학교,항공관광학과,(분위기 푸는 이야기) 이제 1번 지원자부터 우리 학교에 입학 후 가장 먼저 하고 싶은 일 한 가지 말 / 이번엔 5번 지원자부터 항공관광학과에서 공부하고 연구해야 하는 이유는 무엇인지 말해 보세요. / 다시 1번 지원자부터 본인의 장점에 관하여 이야기 해 보세요. / 네~ 다들 수고했어요. 이제 인사하고 마무리할까요?
한서대학교,항공관광학과,한서대학교에 와주셔서 감사합니다 첫번째 지원자부터 개별질문 드릴게요. (스몰토크도있을수있음) / 한서대학교에서 졸업 후 무슨 일을 하고 싶은지 구체적으로 말씀해주세요 (공통질문 학교생활영역) / 체험 진로 활동 중 항공관광학과와 연관된 활동이 있다면 무엇이 있을까요?
한서대학교,항공운항학과,다문화 가정의 자녀들이 또래들로부터 차별받거나 부당한 대우를 받는데 어떻게 생각하는지 말해 보세요. / 이 학과에 관심이 생긴 계기가 무엇인지 말해 주세요. / 진로 체험 활동 중 지원학과와 연관된 활동이 있나요?
한서대학교,항공운항학과,"네. 학생들 기준 오른쪽 학생부터 질문 시작하겠습니다. 다시 태어날 수 있다면, 어떤 사람으로 태어 / 항공운항학과 졸업 후 하고 싶은 일은 무엇인가요? / 동아리 활동 중에서 항공운항학과와 관련된 구체적인 활동이 있었나요?"
한서대학교,항공운항학과,입학 후 하고 싶은 활동은? / 동아리 활동 중에서 OO학과와 관련된 구체적인 활동이 있었나요?
한서대학교,항공운항학과,길을 가다가 전혀 모르는 사람이 오해해서 다짜고짜 본인에게 호통을 친다면 어떻게 하실 건가요? / 이 학교에서 공부하고 연구해야 하는 이유가 무엇인가요? / 진로 활동 중 연관된 활동이 있었나요? / 수고하셨습니다. 그럼 이제 나가시면 되겠습니다. / 아쉽지만 모든 학생분에게 공평하게 공통질문만 받고 있습니다.
한서대학교,헬리콥터조종학과,"면접 시작하겠습니다. 자신의 진로 계획을 위해 지금 준비하고 있는 일들에 대해 말해 주세요. / 헬리콥터조종학과에 지원한 동기는 무엇이며, 졸업 후 어떠한 일을 하고 싶은지 말해 보세요. / 동아리 활동 중에서 헬리콥터조종학과와 관련된 구체적인 활동이 있었나요?"
호서대학교,물리치료학과,"안녕하세요, 긴장하지 마시고 편하게 말씀해주세요, 오늘 어떻게 왔어요? / 그렇군요, 엄마가 뭐라고 하세요? / 그렇군요... 그럼 면접 질문 시작하겠습니다. 물리치료사와 간호사의 차이점이 뭐라고 생각하세요? / (다른 면접관) 대한민국 사회에서 물리치료 수요가 증가되는 이유가 무엇이라고 생각하시나요? / 네. 그러면 본인의 장단점은 무엇이라고 생각하세요? / 네. 그럼 다른 물리치료학과도 있는데 우리 호서대학교에 입학하고 싶은 이유가 있을까요? / 네 수고하셨고 나가시면됩니다. 엄마한테 잘했다고 말해 주세요."
홍익대학교(세종),디자인컨버전스학부,"네 안녕하세요. 오시느라 힘드셨죠. 많이 떨리세요? / 우린 무서운 사람이 아니니까 떨지 않아도 돼요. 그럼 우선 첫 번째 문제 먼저 해석해 주세요. / 아 그렇게도 추측을 하셨군요. 상관없는 질문일 수도 있는데요, <꽃 서다>라는 작품과 <자전거를 쓰다>라는 / 그렇군요. 그럼, 두 번째 그리신 작품 보여주시고, 설명해주세요 / 근데 그 목 부분에 줄자 같은 건 뭐예요? / 그리고 그 과정중에 creative라는 문자를 대문자로 바꿔본 것도 보이는데요? 그건 왜 그런건가요? / 그럼 대문자랑 소문자가 어떤 게 다르다고 생각해서 소문자로 표현했나요? / 아~ 그렇군요 근데 우리가 시간이 조금 남았는데 디자인컨버전스 학부의 가장 큰 장점은 뭐라고 생 / 네, 잘들었습니다. 이제 시간이 끝나서 문제지는 뒤집어서 오른쪽에 놔두시고 나가시면 됩니다. 수고"
강원대학교,의생명시스템과학과,"학생이 잘 확인해 줘서 우리가 다시 확인할 필요 없겠네요. 앉으시면 됩니다. / (블라인드 면접에 관한 유의 사항 안내) / 그럼 이제 10분 동안 면접 시작할게요. (면접 시작) 준비해 온 자기소개 들어볼까요? / (입학사정관) 잠깐만요. A.. 뭐라고요? / (교수님) 아~ ADC~ (발음이 굉장히 고급스러웠음) / (입학사정관) (앞에 놓고 계셨던 노트북으로 뭔가 검색하기 시작함) 네, 이어서 하세요. / (교수님) 실험에서 조건을 바꿔서 성공했다고 했는데, 어떤 조건을 바꿨는지 들어볼 수 있을까요? / (교수님) 그럼 그렇게 순서를 바꾼 게 왜 실험 성공률을 높였다고 생각하나요? / (교수님) 아까 ADC에 관해서 말씀하셨는데, ADC가 뭔지 설명해 볼래요? / (고개를 끄덕이심) 네. 그럼, 다른 학생들과 다르게 봉사활동 시간이 눈에 띄게 많은 편인데, 특별히 / (교수님이 입학사정관 분을 쳐다보심, 질문 하고 싶으신 거 있으면 하시라는 눈빛이었음.) / (입학사정관) 여기 저선량 방사선에 대한 실험쥐의 면역 사이토카인 활성을 측정하는 실험을 계획해 / (입학사정관) 이런 건 학생이 다 찾아보고 계획한 거예요? / (입학사정관) 아 그럼 선생님의 도움을 받았겠네요? / (입학사정관) (말할 틈을 주지 않고) 아니, 뭐 도움 받은 게 나쁜 건 아니니까. / (입학사정관이 교수님을 쳐다보심, 질문 하고 싶으신 거 있으면 하시라는 눈빛이었음. ) / (입학사정관) 네, 그럼 이제 면접 시간 10분 끝났어요. 생각보다 금방 지나갔죠? 마지막으로 하고싶은"
강원대학교,전기전자공학과,지원동기나 자기소개에 대해 말해 주세요. / 스마트그리드에 대해 탐구하였던데 설명할 수 있나요? / 고등학교에서 배웠던 내용 중에 기억나는 것이 있나요? / 마지막으로 하고 싶은 말이 있나요?
경상국립대학교,수의예과,"준비되면 말씀해 주세요. / 간단하게 자기소개 해 주세요. / 많은 수의과대학이 있는데, 그 중 경상국립대학교를 지원한 이유가 무엇이죠? / 우리 경상국립대학교가 학생을 뽑아야 하는 이유를 말해 주세요. / 이제 입학하면 수의학을 배우게 될텐데, 수의학에는 여러 가지 과목들이 있습니다. 수의학 과목의 계 / 2학년 생기부에서 ‘사교육의 도움을 거의 받지 않으며 자율학습을 빠지지 않고 실천하는 학생임’ / 이제 제가 질문을 할건데요, 조금 어려울겁니다. 최근에 수의사 처방권에 대해 논란이 있습니다. 들 / 수의사 처방권은 ‘~’. 이 정도면 이해가 되셨나요? / 그럼 생각할 동안 다음 질문에 대답을 해 주세요. / 인수공통감염병에 대해서 탐구를 많이 했던데, 인수공통감염병이 뭔지, 인수공통감염병의 종류, 치료 / (인수공통감염병의) 종류는? / 아까 질문드린 수의사 처방권 다 생각하셨나요? 아니면 면접 제일 마지막에 답변할래요? / 2학년 생기부에 부반장을 맡았다고 했는데 생각나는 공약 있나요? / 학급 물품은 어떻게 준비했나요? 사비로? / 이제 시간이 2분 정도 남았는데 아까 질문에 더 답변하고 싶은 부분이나 하고 싶은 말 있으면 해주 / 네, 면접 보시느라 고생했어요."
경운대학교,항공운항학과,우선 경운대학교에 지원해주셔서 감사합니다. 열정을 가지고 열심히 하셔서 꼭 꿈을 이루시길 바랍니 / 자신이 여기에 오기 위해 어떤 준비와 노력을 했나요? 그리고 자신의 목표가 무엇인가요? / 본인이 학교생활에서 참여한 봉사활동 말해보시고 자신의 어떤 변화가 있었나요? / 넵 / 본인의 장단점이 무엇인지 말하고 극복하기 위해 어떤 노력을 하였나요? / 마지막으로 하고 싶은 말 있나요? / 한번 말해보세요.
계명대학교,간호학과,왜 계명대 지원했나요? / 왜 간호사가 되고 싶나요? / 간호사에겐 뭐가 가장 중요하다고 생각하나요? / 간호사 되기 위해 학창시절 노력한점에 대해 말해 보세요. / 학업 계획에 대해 설명해 보세요. / 지구온난화가 미치는 영향에 대해 설명해 보세요. / 지구온난화를 해결하기 위한 해결책에 대해 말해 보세요.
고신대학교,응급구조학과,"질문으로 바로 시작해 볼게요. 응급구조학과에 지원하게 된 이유는 무엇인가요? 고신대에서 어떤 과 / 알겠습니다. 학업 과정에서 가장 성취감을 느낀 과목이나 경험은 무엇이며, 그 이유는 무엇인가요? / 다음 질문입니다. 다른 사람을 도와주기 위해 본인의 시간이나 노력을 기꺼이 희생했던 경험이 있다 / (면접관 두 분이 서로 작은 목소리로 이야기를 한 후) 봉사활동을 했다고 하면 어디서 어떤 활동을 / 모둠 인원은 몇몇이었습니까? / 어떻게 심폐소생술 방법을 배웠나요? / 오..(컴퓨터에 뭘 작성하심) 마지막으로 하고 싶은 말 있으시면 해주시면 됩니다. / 저희도 고신대에서 만날 수 있었으면 좋겠습니다. 수고하셨습니다. 이제 나가셔도 됩니다."
고신대학교,의예과,연세대학교 chat gpt 부정행위에 대해 어떻게 생각하는지 또 방지책은 무엇인지 말해 보세요. / (민감도와 특이도 자료 주고) 민감도와 특이도를 고려했을때 어떤 검사 방식을 선택할 것이고 그 이
김천대학교,간호학과,"네, 면접 시작하겠습니다. 먼저 자기소개 부탁드릴게요. / 김천대학교 간호학과에서 배우는 전공 분야 중 가장 흥미롭게 생각하는 분야는 무엇이고, 그 이유 / 하고 싶지 않은 일이 있을 때, 어떻게 해결하는지 말씀해 주세요. / 간호사가 갖추어야 할 역량은 무엇이라고 생각하시나요? / 여러분들이 인상 깊게 읽은 책이 궁금합니다. 인상 깊게 읽은 책을 말씀해 주세요. / 다들 긴장해서 하고 싶은 말을 못했을 것 같아요. 마지막으로 하고 싶은 말 있는 친구는 손 들어주세요."
동국대학교(WISE),가정교육과,"안녕하세요. 오시는 길에 추우시진 않으셨어요? / 너무 긴장하시지 마시고 편하게 답변하시면 돼요. 최근 자신이 도전하거나 새로운 일을 시도한 경험 / 네, 가정교육학과에 지원하셨는데 학교에서 가정 과목 시간에 한 것 중에서 가장 기억에 남는 건 무 / 타인과 협력하여 공동의 목표를 완성했던 경험을 이야기하며, 그 과정에서 본인이 중요하다고 생각한 / 네 가정교육학과에 지원하신 거면 선생님이 되고 싶으셔서 하셨을 텐데, 본인이 생각하는 좋은 선생 / 네 수고하셨고 마지막으로 하시고 싶은 말 있으시면 해 주세요."
부산대학교,경제학부,"안녕하세요. 오시는 길 힘들었지요. 부산대 경제학과에 지원해 주셔서 감사합니다. 간단하게 진행 방 / ‘국민연금의 고갈 문제’주제의 탐구 활동 과정에서 여러 어려움이 있고 이를 극복했다는데. 그 어려 / 그럼 실질적인 해결책을 찾지 못해서 그 점이 어려웠다는 것인가요? / 아, 그럼 다른 어려움은 없었던 것이지요? … 학생은 그럼 그때 소득 보장론과 재정 안정론 중 무엇 / 생활기록부에는 소득 보장론을 선택했다고 되어 있는데요? / 아 그렇군요. 동아리 활동에서 복지는 누구나 누릴 수 있는 권리임을 깨달았다고 적혀있는데 그 이 / 모두가 복지를 누리게 하려면 복지를 주는 사람들은 의무적으로 행해야 하나요? 그러면 그 사람들의 / 시간 없으니까 오래 고민할 필요 없어요. 바로 다음 질문으로 넘어갈게요. 2학년 때 학급 부반장을 / 어떤 갈등이고 어떻게 해결하셨지요? / 어떻게 이끌었는데요? / 면접 보시느라 수고하셨습니다. 이제 나가시면 되겠습니다."
부산대학교,응용생명융합학부,생기부에 미생물 관련한 내용이 많던데 그 중 하나를 설명해 주실 수 있나요? / 네. 미생물 연료전지에 대해서도 탐구를 하셨던데 핵심 원리와 장·단점을 설명해 주실 수 있으신가요? / 생기부에 마이크로바이옴과 관련하여 dna 추출실험과 pcr실험을 하였는데 이것에 관해 설명해 주세요. / 2학년때 반 친구들에게 투표로 모범학생으로 선정이 되었던데 왜 된 거 같으신가요?(인성관련 물어봐 / 자신이 할 것도 있는데 친구들을 위해 그런 희생을 한 이유가 있으신가요? / 마지막으로 하고 싶은 말 있으시면 하세요.
부산대학교,첨단융합학부,오느라 고생하셨습니다. 간단하게 자기소개와 지원 동기 말씀해 주세요. / 여러 신재생에너지에 대해서 많이 제작해보신 것 같네요. 그중에서도 태양전지 내용이 많은 것 같은데 / 그럼 직접 태양에 쪼인 건가요? 아니면 인공적으로? / 디지털 트윈 기술로 화재 예방을 어떻게 한다는 건가요? / AI가 많이 발전하고 있는데 생활기록부에 그런 내용이 가끔 있더라고요. AI가 나중에 에너지에 어떤 / 은거울 반응 실험을 화학Ⅰ과 연결 지었다는데 어떻게 한 건가요? / 화학Ⅱ에서 여인형의 화학 공부라는 책을 읽었다고 되어있는데 어느 부분이 특히 생각나나요? / 근데 제작은 염료감응형 태양전지를 해본 건가요? / 진학하면 관심 있는 분야나 이후 학업 계획이 어떻게 되나요? / 학교에서 친구들과 원만한 교우관계를 유지하기 위해 했던 게 있나요? / 그래서 탐구는 잘했나요? / 선생님이 맡은 역할을 완벽히 해낸다고 적혀 있던데 왜 그렇게 적어 주셨을까요? / 네 그럼 방금 답 바탕으로 마무리하고 싶은 말이 있으면 해 주세요.
우석대학교,간호학과,지원 동기와 대학에 와서 어떻게 공부할 것인지 1번 학생부터 대답해 주세요. / 입학 후 대학에 들어오면 어떤 분야에 관심을 가지고 노력할 것인지 4번부터 말해 주세요. / 가장 기억에 남는 봉사경험을 1번 학생부터 말해 주세요.
원광대학교,약학과(6년제),"네, 안녕하세요. 앉으시면 됩니다. / 3학년 유연화 활동에서 ‘000’만들기를 했던데, 무슨 활동이었나요? / 여러 통계자료를 사용했다고 하던데 통계자료는 어디서 구했나요? / 엑셀로 어떻게 프로그램하였나요? / 고등학교에서 여러 활동을 했을 텐데, 기억에 남는 봉사활동이 있나요? / 1학년 동아리 활동에서 PCR..., DNA 전기영동, 디스코확산법 이용 향균작용에 대한 실험을 진행했다 / 3학년 동아리활동에서 액성에 따른 약품의 흡수율을 분석하는 활동을 진행했는데, 위나 소장에서 약 / 3학년 동아리활동에서 액성에 따른 약물의 흡수율을 수학적으로 분석하는 활동을 진행했던데, 이 활 / 약물이 이온화되어 존재하는 비율이 높은 것과 약물의 용해도가 높은 것에는 무슨 상관관계가 있나요? / 네, 수고하셨습니다. 나가셔도 됩니다."
원광대학교,한약학과,한약학과를 지원하게 된 동기 먼저 말해 볼래요? / 그렇군요. 2학년 동아리 때 진행했던 실험 설명해 볼래요? / 3학년 진로활동에 (활동 관련된 내용 기억 잘 안남) 설명해 주실래요? / 이 활동은 누가 지도해서 하는 건가요? / 가장 기억에 남는 봉사활동 있으면 소개해 주세요. / 리더십이 무엇이라고 생각하는지와 리더십을 발휘한 사례 설명해 주세요. / 수고하셨습니다.
전남대학교,물리교육과,"안녕하세요. / 예. 우선 면접은 생기부 기반으로 사실확인만 물어보니까 긴장할 필요 없어요. / 물리학 시간에 라그랑지언을 배웠다고 나와있는데 이 부분 설명해 주세요. / 네 그러면 라그랑지언 개념에 관해서 설명해 주실 수 있나요? / 미적분 시간에 가가속도라는 걸 언급하셨는데 이 부분 설명해 주세요. / 아 그게 가가속도구나. (혼잣말로) / 네 이제 질문의 주제를 바꿔보겠습니다. 동아리를 1,2학년때 같은걸 하셨고 3학년 때 다른걸 하셨죠? / 아 그러네요 그러면 동아리 활동 중에 이부분은 가장 자랑할 만한 활동 말씀해 주시겠어요? / 어떤 점이 나아졌을까요? / 그러면 2학년 때 수업하면서 어려운 점은 없었나요? / 그러면 제가 어려운 상황을 하나 던져드리겠습니다. / 본인이 그렇게 열심히 수업을 해서 갔는데 학생들이 자요 그러면 어떻게 할 거에요? / 네 이제 학생이 물리교육과에 진학을 하는거잖아요? 물리교육과에 진학해서 난 이런걸 하고 싶다 / 네. 이제 질문할건 끝났는데요. 우리도 이제 뽑아야 하니까 혹시 뭐 마지막으로 저희가 왜 학생을 뽑 / 네. 그게 본인이 원하는 교육방향이다?"
전남대학교,문화인류고고학과,아침은 드시고 오셨어요? (블라인드 면접 주의사항 자세히 말씀해주신 후 “면접 시작하겠습니다” / 그럼 학예사가라는 진로를 위해 고교시절 노력했던 점이 있을까요? (독서활동이나 학교생활에서) / 문화민족주의와 문화국제주의가 뭔지 설명해 주세요. / 동아시아사 교과 시간에 ‘전쟁과 고고학’이라는 주제로 탐구하셨네요. 설명해 주세요. / 생활과 윤리 교과시간에 ‘불교유적으로 보는 불교윤리’라는 주제로 탐구를 하였네요? 탐구 유적 / 학교생활 중에 나눔과 배려를 실천한 경험이 있을까요? / 멘토·멘티 활동 중에 가장 기억에 남는 학생 있을까요? / 마지막 할 말 있을까요? / 네 저희 전남대학교에 지원해주셔서 감사드립니다. 조심히 가세요.
전남대학교,경영학부,"경영학과인데 수학 성적이 많이 낮네요? 본인도 아시죠? 이걸 해결하기 위해 어떤 노력을 했나요? / 수학 시간 탐구에 수학적 개념을 활용하여 총비용함수에 대해 탐구한 것이 있네요? / 여기 세계적인 가구 생산 기업의 리더십 모델에 대해 탐구했다고 나와 있네요? / 네. 여기에 적혀있는‘도마켓 프로젝트’에서는 무슨 활동을 했나요? / 그럼 물건을 만들고 판매함에 있어서 가장 중요한 것은 무엇이라고 생각하나요? / 영어에서 오픈 AI 서비스 기업의 마케팅 기법에서 탑구했네요? 오픈 AI 기업의 마케팅 기법에 대해서 / 그럼 지원자님은 전통적 마케팅과 현대 AI 마케팅의 차이가 뭐라고 생각하시나요? / 네. 저의 질문은 끝났습니다. 면접관2님 질문하세요. / 1학년 때 반장, 2학년 때 동아리 차장, 3학년 때 총무부 부장 등 리더 역할을 한 경험이 많네요. / 소비자를 대상으로 한 용돈 기입장 챌린지를 했네요? 이것을 어떻게 진행하였는지? / 네. / 그런데 충동구매는 기업의 입장에서 봤을 땐 이익을 창출할 수 있는 좋은 현상이거든요. 지금 탐구를 / 네. / 네. 시간 끝났습니다."
전남대학교,생명과학기술학부,"(웃으며)네. 앉으세요. 우선 저희 전남대학교 생명과학기술학부에 지원해주셔서 감사합니다. 이제부터 / 네. 답변 감사합니다. 기록을 보니 화학Ⅱ 과목을 이수하지 않으셨던데 혹시 어떤 이유가 있을까요? / 그럼 혹시 물리학이랑 생명공학이랑 엮어서 생각해 본 아이디어가 있을까요? / (웃으며) 아, 없으면 없다고 말해도 됩니다. 그냥 그런 분야가 있는데 궁금해서 물어봤어요. / 괜찮습니다. 현재 관심있는 분야가 무엇인지랑 관련해서 가장 기억에 남는 활동에 대해 말해 주세요. / 식물의 성장에 화학물질이 미치는 영향이나 식물 유래 성분의 약 등 식물 관련해서도 여러 활동을 / 봉사활동 기록에 보니까 분리수거만 3년을 했더라고요, 혹시 자발적으로 한건가요? 그렇다면 특별한 / (웃으며) 본인만의 노하우가 있을 것 같은데……. / 행동 특성 및 종합 의견란에 학급 친구들과 선생님의 두터운 신임을 얻었다고 적혀 있네요. 솔직히 / 정부반장을 오래 해오며 가장 기억에 남는 리더십을 발휘했던 사례가 있을까요? / 이제 준비한 질문이 끝났습니다. 진짜 열심히 준비했는데 이것은 물어보지 않아서 억울하다, 이거 지금 / (고민 중일 때 말씀하심) 지금 보니까 준비해 온 건 많은 것 같은데 그 중에 뭐 말할지 고민하는 것 / 오. 단점까지? 보통 단점은 잘 말하려고 하지 않는데 한번 말해 보세요. / 단점이 아니라 이건 장점 같은데요. 결국 보완하고자 하는 노력도 지속해 왔다는 말이니까요. / 마지막으로 하고 싶은 말 있으면 말해 볼래요?"
전남대학교,수의예과,"미래에 어떤 수의사가 되고 싶은지 말해 주세요. / 인공 광수용체 관련해서 탐구를 했는데 설명을 좀. / 정형행동에 대해 탐구했는데 여기에 대해 자세히 설명해 주세요. / 부반장, 동아리 반장 등 리더로서 활동을 많이 했는데, 여기에서 드러난 본인의 리더십 자질을 설명 / 본인이 볼 때 본인 성격은 어떤 것 같아요? / 생기부를 보니까 야생동물에 대한 관심이 되게 많은 것 같은데, 이에 대한 탐구 내용을 자세히 듣고 / 답변 잘 들었어요. 광견병 관련해서 탐구를 했다고 적혀있는데 좀 더 설명을.. / 그런거는 어떻게 아는거예요? / 그러니까.. 어떻게 조사를 했는지가 궁금해요. / 앞으로 수의대에 입학했을 때 진로 설계 같은게 있나요? / 영어 생기부에 동물 안락사에 대해 적혀 있는데, 동물 안락사에 대해 어떻게 생각하나요? / 마지막 하고 싶은 말 있으면 20초 정도 해 주세요."
전남대학교,지구환경과학부,"우리 전남대학교 지구환경과학부에 지원하게 된 지원동기 말해 주세요. / 답사를 다녀봤다고 했는데 지구과학과 관련된 장소들을 다녔던 건가요? 어디 가봤나요? / 다양한 환경문제들을 다뤘는데 활동 하나만 소개해볼래요? / 우리 학과 홈페이지를 찾아봤나요? 우리가 처음 보는, 이 학과에 대해 모르는 낯선 사람들이라고 생각 / 홈페이지를 제대로 보지 않은 것 같은데요? / 또? / 생기부를 보면 대기환경에 더 관심이 많은 것 같은데 우리는 지질환경이랑 해양 환경인거 알고 지원 / 지구과학 활동으로 유사 밀란코비치 사이클을 만들었다고 되어있는데 이 활동에 대해 설명해 보겠어요? / 해양 순환에 대해 설명해보세요. / 해수 염분이 계속 낮아지게 되면 해양 순환이 어떻게 바뀌게 될 것 같아요? / 그게 끝인가요? 이건 입학해서 배우면 되는 거긴 합니다. / 우리 학부 특성 상 조별 활동이 굉장히 많아요. 거기서 본인은 어떤 역할을 할 것 같나요? / 이제 시간이 거의 다 되어가서요, 생기부 준비 많이 했을 텐데 마지막으로 얘기하고 싶은 활동이나 한마"
전북대학교,경상계열,"일단 전북대학교 경상계열에 지원해주신 것에 감사드립니다. 그럼 이제 시작하겠습니다. 먼저 자기소 / 전북대학교가 지원자를 뽑아야 하는 이유를 말해주세요. / 생활기록부를 보니까 다양한 활동을 했는데 그럼 동아리활동 중에서 가장 흥미로웠던 활동은 무엇이 / 그럼요. 긴장하지 말고 심호흡 한 번 하세요. / 동아리활동도 하고 포럼활동도 하셨는데 이러한 활동을 할 때 팀원 간 어려움이 있었나요? / 다른 학생들이 의견에 동의하지 않는다면 어떻게 하실 건가요? / 그래도 의견이 좁혀지지 않는다면요? / 1학년 때 급식실 배식 봉사를 했는데 다른 봉사 말고 그 봉사를 한 이유가 있을까요? / 출결을 보면 무단지각이 하나 있는데 이게 뭔지 설명해 주시겠습니까? / 전체적으로도 봉사시간이 많지 않지만, 특히 1학년 때는 봉사를 많이 하고 그 후로는 거의 하지 않 / 짓궂은 질문일 수도 있고 트집을 잡는 것처럼 보일 수도 있는데 이게 두 가지 일을 한 번에 못하는 / 지역화페를 차등지급하는 정책에 대해 탐구했다고 적혀 있는데 정확히 뭘 탐구하셨나요? / 정확히 생산적인 결과가 뭐죠? 두루뭉술하게 결과를 포장하는 거 아닌가요? 구체적으로 대답해주세요. / 그럼 이 정책에 찬성하시나요? (당황하는 것을 보고) 정답은 없는 거니까 편하게 의견을 말해주세요. / 그게 생산적인 결과인가요? / 마지막으로 하고 싶은 말을 해 주세요 / 이상 면접이 끝났습니다. 이제 나가시면 됩니다"
전북대학교,공학계열1,공학계열1에 지원하게 된 이유가 무엇인가요? / 전반적으로 성적이 괜찮은데 수학성적이 유난히 높네요? 그 이유가 무엇이라고 생각하나요? / 만약 공학계열1에서 수업을 듣고 공부한다면 가장 중요하다고 생각하는 부분이 무엇인가요? / 2학년 행동특성 및 종합의견에서 동료와 대화할 떄 눈을 마주치며 소통하는 능력이 부족함을 인지하 / 저희 학교 말고 다른 학교는 어디 지원하셨나요? / 수능을 잘 본 거 같나요? / 1년동안 학교에서 종이 팩 및 우유팩 100kg을 수거하여 재활용품과 교환했다고 되어있는데 이걸 하 / 동아리 시간 때 영어 소설을 읽었다고 되어있는데 어떤 영어소설 제목이 무엇이었나요? / 마지막으로 하고 싶은 말 있을까요?
전북대학교,공학계열1,면접 시작하겠습니다. 이 학교에 지원하게 된 동기가 무엇인가요? / 그렇군요. 이과 계열 과목에 흥미가 많던데 어떤 과목을 가장 열심히 수강하였나요? / 그렇다면 화학에서 결합에 대한 개념을 알고 계시나요? / 이온결합 같은 건 잘 모르시나요? / 생기부에서 ‘성실’이라는 단어가 많이 언급되네요 무슨 이유가 있나요? / 생기부에 보면 봉사활동 관련 내용의 많이 생략되어 있는데 혹시 이유가 있나요? / 1학년때 동아리활동이 굉장히 특이하네요 춤을 좋아하시나 봐요? / 마지막으로 하고 싶은 말 있으신가요? / 네. 하셔도 됩니다. / 허허허 참신하네요.
전북대학교,공학계열,대학에 오면 팀 프로젝트를 많이 진행할 텐데 팀 프로젝트를 한 경험이 있습니까? / 팀 프로젝트를 할 때 당장 다음 날이 제출인데 조원과 의견이 맞지 않는다면 어떻게 할 것입니까? / 2학년 때부터는 전공을 선택할 수 있는데 어떤 학과를 선택하고 싶습니까? / 공학과를 희망하는데 과학 성적이 좀 낮은 것 같은데 어떤 이유입니까? / 대학에서 공부 말고 하고 싶은 일이 있습니까? / 어떤 동아리 하고 싶어요? / 어떤 운동 가장 좋아해요? / 배드민턴 동아리 있을텐데? 이 근처에 배드민턴장이 있어서 있을거에요 / 마지막으로 하고 싶었는데 못 한 말 있나요? / 네 저희도 노력할게요~ 수고하셨습니다.
전북대학교,공학계열1,공학계열1 을 선택하게 된 동기랑 2학년 되면 하는 과선택을 어떤 것을 할 지에 대해서 말해 주세요. / 2학년때 피스트리? 라는 동아리를 했는데 시대별로 등장한 신소재에서 그래핀이라는 내용을 배운것 / 2학년때 동아리차장을 하고 반장도 했네요? 그 과정에서 어려웠던 점이 있으면 말해 주세요. / Q. 3학년 때 화장품용기 리디자인활동을 했는데 어떤 활동이였고 그 활동을 하면서 느낀 점을 말해 / 그럼 본인이 마케팅을 하는 사람이라면 어떻게 할 것 같나요? / 성적을 보면 뒤로갈수록 떨어지는데 왜 이렇게 된건가요? / 시행착오를 겪은거네요? 1학년때와 3학년때의 공부방법의 차이는 무엇이 있나요? / 저희는 신소재공학부는 다양하게 있는데 그중에서 어떤 곳에 들어가고싶은건지? / 15초 남았는데 마지막으로 하고 싶은 말 있으면 해 주세요.
전북대학교,공학계열,생기부 내용을 보면 에너지쪽 공학에 많은 관심이 있는것 같은데 화학2를 선택하지 않은 이유가 뭔 / 생기부를 보면 리더십을 많이 발휘한 것 같은데 어떤식으로 발휘하셨나요? / 마지막으로 할 말 있으면 지금 해 주세요.
전북대학교,공학계열1,긴장하지말고 잘해봅시다. 밥은 먹고왔나요? / 밖에 춥던데 안추웠어요? / 전북대학교에 희망하는 이유 말해 줄 수 있을까요? / 전북대학교는 1학년때는 자율전공이고 원하는 학과에 못 갈 수도 있는데 자율전공이라는 것은 언 / 만약에 건축공학과에 못 간다면 어떻게 할꺼에요? / 동아리활동에서 조별로 과제를 한적이 있나요? 있다면 어떤 어려움이 있었나요? / 동아리에 생태 위주라는데 어떤것을 했나요? / 더 자세하게 부탁할께요. / 출결에서 조퇴가 조금 있던데 왜 그런가요? / 마지막으로 면접관에게 할말이나 질문할 것이 있나요? / 마지막으로 물어볼거나 말할게 없을까요? / 진짜 마지막으로 할말 없죠? / 면접 마치겠습니다 수고하셨습니다.
전북대학교,공학계열1,오는데 추웠죠? 대기 시간이 길어서 많이 떨렸겠네요. / 면접을 시작해보겠습니다. 지원동기에 대해서 말씀해 주세요. / 동아리에서 다양한 활동을 많이 했던데 가장 기억에 남는 활동이 무엇인가요? / 봉사활동을 많이 한 것 같은데 어떤 활동이 가장 기억에 남는지 말씀해주시겠어요? / 본인의 장점이 무엇이라고 생각하나요? / 학급 임원을 하면서 리더십을 발휘했던 경험이 있나요? / 마지막으로 하고 싶은 말이 있다면 신중하게 생각해 보시고 답변해 주세요.
전북대학교,공학계열2,"전북대학교, 그중에서도 공학계열2에 지원하게 된 동기가 무엇인가요? / 컴퓨터 공학 쪽으로 관심이 있다고 하고, 아두이노와 같은 활동을 진행했는데 구체적으로 말해 주세요. / 아두이노를 직접 만드는 활동을 한 거에요? / 전북대학교를 졸업한 후에 자신의 진로와 취업에 관련해서 계획한 것이 있으면 말해 보세요. / 자신의 진로, 전공과 관련한 강점은 무엇인가요? / 약점은 무엇인가요? / 고등학교 생활 중 자신이 가장 좋아했던 과목을 말하고, 그 과목과 진로의 연관성은 무엇인가요? / 1학년, 2학년 동안 수학 2등급을 맞고, 계속 성적이 상승하였는데 그 다음 학기에 수학성적이 떨어진 / 공동체 역량을 물어보겠습니다. 동아리에서 차장을 맡고, 영화제작프로그램에서 총괄을 맡았다고 / 구체적 사례는? / 본인은 책임자이고, 카메라는 따로 책임자가 있었을 텐데 두 분의 의견이 차이가 날 때 누구의 의견을 / 마지막 하고 싶은 말이 있으면 해 보세요?"
전북대학교,과학교육학부,"반갑습니다. 오래 기다리느라 힘들었죠? / 면접은 10분간 진행됩니다. 너무 긴장하지 마시고 모르겠으면 모르겠다고 말해도 되니 편하게 답해 / 네 먼저 지원동기 들어볼까요? / 지원동기가 잘 와닿지 않는것 같아요. 교사의 꿈을 가지게 된 계기가 있나요? / 보니까 3학년때 그러니까 이번년도죠? 봉사활동 많이 했는데 뭐 했는지 설명해 주실 수 있어요? / 그러면 어떤 효과를 보았죠? 어떤 효과를 봤는지 어떻게 알 수 있나요? / 그리고 여러 과학 과목에 관심이 있는것처럼 말했는데... 특히 낮은과목이 있어요. 이유가 있나요? / 지구과학에 관심이 많아서 2학년때는 지구과학 쪽으로 동아리를 했고.. 3학년 동아리에서는 뭐했죠? / 그래서 결과는요? / 네 재밌는 이야기 잘 들었습니다. / 면접은 여기까지고요, 혹시 마지막으로 할 말 있으세요? / 네 수고하셨습니다."
전북대학교,국제학부,"네, 안녕하세요. 의자에 앉아 주세요. / 지금 떨리시나요? / 너무 떨지 않으셔도 돼요, 지원자님 숨이라도 고르시면서 진정되시면 그때 면접 시작하겠습니다. / 네, 우리 학교에 지원하시게 된 동기에 대하여 말씀해 주세요. / 네, 영어로 말씀하셔도 됩니다. / (고개를 끄덕끄덕하며) (다른 면접관이 질문) 영어 회화는 잘하는데... 영어 성적은 왜 이렇게 낮아? / (고개를 끄덕끄덕하며) (다른 면접관이 질문) 유네스코 동아리 부장으로 활동하셨다고 들었는데, 동아 / 국제학부 중 하필 전북대를 선택하신 이유가 있을까요? / (다른 면접관이 질문) 진로는 무엇인가요? / 국가 전략 분석가? 어디에서 일하고 싶은 거죠? KOICA(국제 협력 개발 센터)?, 아니면 정부 기관? 답 / 마지막으로 하고 싶은 말 있으시면 말씀해 주세요. / 너무 좋아요."
전북대학교,국제학부,"국제학부에 지원하셨는데 자기소개를 영어로 해보실 수 있나요? / 모둠활동 중 다툼이나 갈등이 있었을 때 어떻게 해결했는지 경험이 있다면 말해볼 수 있나요? / 생기부가 국제 관련 활동으로 채워져 있는데 이 진로를 갖게 된 계기가 있었나요? / 3학년 동아리 시간에 난민 아동에 관한 책을 읽고, 신문 기사를 작성했다고 하는데 자신이 주장한 / 장애인 교통권 보고서를 작성한 내용이 있는데 제일 기억에 남는 정책이 있을까요? / 면접을 준비하면서 다양한 답변을 준비했을 것 같은데. 아직 물어보지 않아서 말하지 못한 거나 가 / 네. 수고하셨습니다. 나가셔도 좋아요."
전북대학교,농업생명과학계열,"네 반갑습니다. 점심 식사는 하셨나요? 뭐 드셨나요? / 음 맛있었겠네요. 이제부터 질문을 할 것인데 본인이 한 활동이니까 전부 대답할 것이라 생각하고, / 팀 프로젝트를 한 기억이 있다면 어떤 프로젝트가 가장 기억에 남고 거기서의 역할이 무엇이었나요? / 그럼 갈등을 중재했다고 하셨는데 어떻게 중재하셨나요? / 전북대학교 농업 생명 과학계열에 지원한 특별한 이유가 있을까요? / 혹시 구체적으로 어떤 활동이었는지 알 수 있을까요? (학술 포럼이나 연구에 대해 말하심.) / 네 알겠습니다. / 본인의 그런 식품공학이라는 진로를 위해 진행한 활동 중 기억에 남는 것이 있을까요? 동아리 활동 / 식품 첨가물의 과도한 사용과 불투명한 표기 방식이 소비자에게 미치는 영향을 분석하였다고 쓰여있 / 1학년 때 동아리는 어떤 동아리인가요? / 추가 질문들 없으시죠?(다른 면접관님들을 보며) 시간이 거의 다 돼서 질문은 여기까지 하고 좋은 결"
전북대학교,농업생명과학계열,"안녕하세요. / 네 먼저 전북대학교에 지원해주셔서 감사합니다. 우리 학교에 지원하게 된 동기가 무엇인가요? / 저희 전북대의 어떤 과를 희망하시나요? / 식물의학과에서 다루는 수업이 무엇인지 알고 오셨나요? / 팀플 활동에서 협력한 경험이 있나요? / 우리 학교에 오기 전에 무슨 과목을 공부해 올 예정인가요? / 과학 과목 중 가장 어려웠던 과목이 무엇이었나요? / 수학 성적에 비해 국어, 영어 성적이 낮네요? 이유가 있을까요? / 동아리 시간에 기억에 남는 실험이 무엇인가요? / 마지막으로 저희가 지원자를 뽑아야 하는 특별한 이유가 있을까요?"
전북대학교,사회과학계열,"안녕하세요. 오느라 고생 많았어요. 오는 길에 춥진 않았어요? / 그랬군요. 그럼 이제 질문 시작하도록 할게요. 우리 학교 사회과학계열에 지원하였는데, 지원 계 / 네. 우리 학교가 1학년 때 계열 중심으로 교양 과목들을 이수하는데, 이러한 점들이 사회복지학과와 / 학생부를 보니까 고등학교 때 동아리 활동을 하였는데, 자신이 한 동아리와 지원하려는 학과가 무슨 / 학급 임원으로 활동을 했는데 혹시 임원 활동을 하게 된 계기가 따로 있을까요? / 자신의 강점이 뭐라고 생각해요? 그 강점으로 갈등 상황을 극복한 경험이 있나요? / 네. 잘 들었어요. 혹시 질문 중 더 대답하지 못했거나 하고 싶은 말이 있으면 지금 말해도 좋아요."
전북대학교,자연과학계열1,"우리 학교까지 와주셔서 정말 감사합니다. 이 학과를 지원한 동기가 있을까요? / 그럼 이 학교에 지원한 이유가 있나요? / 봉사활동을 많이 했네요. 이 많은 봉사활동 중에 가장 기억에 남는 봉사활동이 있다면 설명해주시고, / 여기서 정확히 어떤 소통 능력을 배웠죠? / 지금 보니까 남들보다 봉사활동 시간이 월등히 많은데 남들보다 봉사활동을 더 많이 한 이유가 있나요? / 그럼 나중에 전공 선택할 때 지구환경과학과를 선택하겠네요? / 여기 학과에 오기까지 어떤 노력을 했나요? / 1학년 때는 학생이 원하는 지구과학뿐만 아니라 다양한 분야의 수업을 들을 텐데 만약 관심 없어 하 / 그런데 과목 간의 성적 차이가 좀 있네요? 좋아하는 과목은 무엇이고 싫어하는 과목은 무엇인지 설 / 벌써 8분이 되었네요. 그럼 마지막으로 하고 싶은 말이 있을까요?"
전북대학교,자연과학계열2,우리 학교에 지원한 이유를 말해볼까요? / 원자폭탄과 수소폭탄에 대해 설멍해주세요. / 보니까 창백한 푸른 점이라는 책을 읽은 것 같은데 창백한 푸른 점이 의미하는 것이 무엇인가요? / 어떤 과학자를 제일 존경하나요? / 했던 활동 중에서 가장 어려웠던 활동이 있었나요? 있었다면 어떻게 극복했나요? / 다른 친구들과 협력해서 했던 활동 중에서 어려웠던 과정은 없었을까요? 그리고 어떻게 해결했나요? / 시간이 30초 정도 남았는데 마지막으로 하고 싶은 말 있을까요?
전북대학교,중어중문학과,"늦게까지 기다리느라 고생했어요, 자 그럼 시작해볼게요. 생기부 보니까 하고 싶은 공부만 했네요? / 에이, 대학교 오면 하고 싶은 공부만 하니까 상관없어요. 오히려 좋지, 그럼 지원동기 한 번 말해볼까요? / 네, 괜찮아요, 계속하세요. / 어유, 하이브리드까지 알고 있네. 중국어 실력도 아주 뛰어나고, 근데 중국어는 왜 배우고 싶어요? / 그럼 중국은 왜 좋아해요? / 중국어 공부는 어떻게 했어요? / 고등학교 1학년 1학기보다 2학기가 더 떨어졌네요, 이유가 있나요? / 아 그래서 차이가 좀 나는구나. 그 동아리 활동한 것 맞죠? / 좀 의미 있어 보이는데 무슨 활동 했어요? / 그 동아리에서 갈등 상황 같은 거 해결한 적이 있나? 동아리에서 의견이 소외된 친구는 어떻게 헀죠? / 여기(생기부) 보니까 중국의 비자 면제가 나의 진로에 미치는 영향을 주제로 한중 양국의 득과 실, / 그래서 중국의 비자 면제가 진로에 미치는 득과 실이 뭐가 있어요? / 그럼 한국 경제에는 무슨 영향을 끼칠까요? / 그럼 최종 목표가 한국인들한테 중국의 문화를 좀 더 알리는 건가? / 음, 중국이랑 중국어에 대한 관심도 엄청나고 이 정도면 다 된 것 같네요. 뭐 더 물어볼 것이 없을"
전북대학교,환경생명자원계열,"네. 자리에 앉아주시고 면접 시작하겠습니다. 간단하게 자기소개와 왜 이 학교, 이 과에 지원하게 되 / 특별히 이 학교, 학과를 지원한 이유가 있나요? 집이랑 가까워서? 아니면 교수님들이 좋다고 하던가요? / 생명에 대한 관심이 많은 것 같은데 가장 기억에 남는 책은 무엇인가요? / 공부를 하면서 어떤 과목에 가장 흥미가 있었나요? / 그럼 반대로 가장 어려웠던 과목은 무엇인가요? / 동아리를 선택한 기준이 있을까요? / 마지막으로 하고 싶은 말 있을까요? / 네. 좋은 결과 있기를 바라요. 수고했어요."
제주대학교,수의예과,"수의사로 진로를 결정한 계기와 고등학교 때 이를 위해 노력한 점을 말해 주세요. / 3학년 동아리에서 동아리원과 연간 계획을 세우며 실험 진행했다는데 간략하게 실험 소개 하나만 해 / 3학년 진로 활동에서 정형행동과 행동 풍부화 프로그램에 대해 탐구했다고 하는데, 내용을 자세히 설 / 2학년 때 부반장을 했다고 적혀있는데, 기억에 남는 공약 한 가지 설명해주세요. / 3학년 때는 고급생명과학을 수강했는데, 수강한 이유가 있나요? / 지금 진행한 봉사활동이 그렇게 많지는 않은데, 공동체를 위해 진행한 봉사활동 하나만 소개해 주세요. / 광견병을 탐구했다고 적혀있는데, 광견병에 대해서 아는 대로 말해보세요. / 네 이제 시간이 다 되었는데요, 하고 싶은 말 있으면 20초 동안 짧게 해주세요."
포항공과대학교,단일계열,"천체물리학부터, 물리학과 화학, 환경 분야까지 많은 분야에 관심이 있으신 것 같은데, 관심이 변하 / 천체물리학은 왜 관심을 가지게 되었나요? / 더 이상 관심이 없는 건가요?, 그 관심에 대해 이어가지 않은 이유? / 그럼 과는 어느 쪽으로 생각 중이신가요? / 화학 분야에서 가장 재미있었던 것? / 학창 생활 중 가장 힘들었던 교과목은? / 이제 수학은 잘하시나요? / 네, 편하게 사용하세요. / 반장과 같이 리더십 활동을 많이 하신 것 같네요? / 시간이 따로 많이 필요하셨을 것 같은데, 공부를 하는데 방해되지는 않았나요? / 포스텍에 오고 싶게 된 계기? / 포스텍이 산뜻하다니... (피식 웃으심) / 혹시 포스텍에 아는 교수님이 있나요? / 수고하셨습니다. / 네, 앞에 자리에 앉거나, 일어서서 뒤에 보드 이용해서 편하게 설명해주세요. / 아까 학생이 말했던, 작동과정을 보이려면 초반 부분이 저렇게 되면 되나요? (건조하게 질문함.) / 시간을 보니 얼마 남지 않아서 빠르게 진행하겠습니다. 3번 문제 답변해 주세요. / 거기까지 하고 4번 문제 답변해 주세요. / 시간이 1~2분 정도 남아서요. 아까 2번 문제에서의 성공조건에서 가 아니라 다른 조건으로 조건을 / 시간이 다 되었네요. 뒤에 화이트 지우고 나가주시면 됩니다. 수고하셨습니다. / 보던 제시문은 안 치우셔도 됩니다. / (개인 질문) ○○○번 학생이 생각하는 이번 협상의 양상과 본인의 팀에서 생각하였을 때 나눠야 할"
한동대학교,전,"면접 시작하겠습니다. 면접은 10분이고 시간이 다 되면 타이머가 울릴 것입니다. 그럼 먼저 우리 학 / 그럼 이 한동대학교를 어떻게 알게 됐어요? / 입학 후 학업 계획이나 배우고 싶은 것이 있다면 말해 주세요. / 콘텐츠라면 어떤 콘텐츠 말하는 거예요? / 생기부를 보니까 작곡이나 음악에 되게 관심이 많은 것 같은데 직접 작사 작곡을 해본 적 있어요? / 봉사활동으로 교내소식지 기자단으로 활동했다고 하는데, 이 활동을 하면서 제일 기억에 남는 순간과 / 3학년 자율활동 시간에 사운드 브랜딩의 효과와 역할, 대표사례를 탐색했다고 나와 있는데 어떤 사례 / 1학년 진로 활동 시간에 록 음악과 클래식 음악을 들은 후 혈압 변화를 측정했다고 하는데 이 프로 / 결과는 어떻게 나왔나요? / 생기부 곳곳에 인공지능에 대해 나와 있는데, 인공지능의 음악창작은 어떻게 생각하시나요? / 현재 인공지능을 활용해서 많은 회사에서 다양한 음악을 만들고 있고 이를 통해 이익도 얻고 있는데 / 시간이 좀 남았는데 마지막으로 하고 싶은 말 있나요??"
한동대학교,전,우리 학교에 지원하신 동기가 어떻게 되시나요? / 본인이 생각할 때 사회 불평등 현상을 해소하고 세상을 변화시킬 수 있는 직업 종은 뭐가 있을까요? / 학생은 PD가 된다면 어떤 프로그램을 제작하고 싶으신가요? / 본인이 생각하는 리더란 무엇인가요? / 오정보를 제공했을 때 대처 방안과 정보 수용자의 시선은 어떨 것 같은가? / 마지막으로 하고 싶은 말 있나요?
한동대학교,전,"안녕하세요. 긴장하셨나요? (가볍게 물어보심) / 그래 보이진 않는데, 알겠어요. 일단 한동대학교에 지원한 동기와 학업 계획이 어떻게 되나요? / 혹시 한동대학교 슬로건이 무엇인지 알고 있나요? / 그러면 한동대학교 슬로건에 관해 무슨 의미라고 생각하나요? / 여기 학생부에 고등학교로 진학할 때 검정고시를 응시했다고 나와 있는데 이 뒤에는 어떠한 사정이 / 그러면 그때, 해외에서 생활하는 동안 겪은 어려움은 어떤 것이 있나요? / 학생부에 진로시간에 한 활동 중에 스스로 깊은 몽상가라고 표현했는데 이는 왜 그렇게 했나요? / 그러한 자신의 특성으로 인해 겪은 어려움이나 도움이 된 경험은 무엇이 있나요? / 마지막 추가로 할 말이 있나요? / 네. 수고하셨습니다. 나가셔도 좋아요."
한림대학교,간호학과,"긴장 많이 돼요? / 올 때, 몇 시간 걸렸어요? / 멀리서 왔네요. 어디서 왔는지 물어봐도 돼요? 그 정도면 충청도인가? / 그럼 면접 잘 보고 가야겠네요~ / 이제 긴장 좀 풀렸어요? / 그럼 이제 면접 관련해서 설명하고 시작해볼게요. (설명 내용: 생기부 검증이랑 인성 영역으로 나눠 / 그동안 겪었던 어려움이나 이런 사례들이 있다면 어떤 게 있는지, 그리고 그걸 어떻게 해결해 나갔는지 / 그러면 여기서 어떤 교훈을 얻었는지, 무슨 깨달음을 얻었는지 말해주세요. / 다른 대학교도 많은데 한림대학교에 지원한 이유를 말해줄 수 있을까요? / 다음은 생기부 검증 영역입니다. 생기부를 보면 1, 2학년 때 남을 잘 도우며 따뜻한 마음씨로 학급과 / 나중에 어떤 간호사가 되고 싶은지 말해줄 수 있어요? / 마지막으로 하고 싶은 말, 꼭 말해야겠다고 준비한 거 있죠? / 네. 지금까지 수고하셨습니다."
호원대학교,간호학과,안녕하세요. 왼쪽부터 차례대로 호원대학교 간호학과에 지원한 동기를 말해 주세요. / 자신이 뽑은 질문에 대한 답변을 오른쪽부터 순서대로 말해 주세요. / 자신의 여름방학의 만족도를 10점 만점으로 표현해 주세요.
호원대학교,간호학과,"저희 간호학과에 지원하게 된 동기는 무엇인가요? / 네. 고맙습니다. 그 다음으로 뽑은 질문이 무엇인지 밝히고 답변해 주시면 됩니다. / (반응을 잘해주심) 네. 답변 잘 들었습니다. 이제 제가 추가로 질문을 하겠습니다. 주변에서 가장 칭 / (웃으며) 네. 답변 잘해 주셔서 감사합니다. 좋은 결과 있었으면 좋겠고, 꼭 나중에 강의실에서 만났"
광주과학기술원,기초교육학부,"수험번호 ○○○, 맞나요? / (타이머를 누르면서) 그럼 지금부터 면접 시작하겠습니다. 간단하게 자기소개해보세요. / 수학 공부한 내용 중 가장 기억에 남는 것 있으면 말해보세요. / 자연 현상을 초월함수가 더 잘 설명한다고 했는데, 사례를 들어볼래요? / 초월함수의 정의와 앞서 말한 지수함수를 제외한 예시 더 말해보세요. / 초월함수가 복잡한 특징을 보인다고 했는데, 왜 그런 걸까요? / 고등학교에서 과학 공부를 정말 열심히 한 것 같아요. 혹시 어떤 과학 분야에 가장 자신 있나요? / 암과 유전학에 대해 어떤 공부를 했었죠? / 후성 유전학이란 무엇이죠? / 좋아요. 그럼 학생 생기부에 ‘암의 가역 반응’이라는 말이 있는데, 이게 무슨 의미인가요? / 앞서 암 억제 유전자가 파괴되면서 암세포가 발현된다고 했는데, 그럼 이게 가역 반응이니까? / 그런데 그게 그냥 일어날까요? / 고등학교에서 리더 활동을 많이 했나요? / 그럼 본인의 리더십에 대해 설명해주세요. / 지금 생활기록부를 보면 춤, 노래, 그림, 뭐 이런 게 정말 많아요. 이런 거 좋아하나요? / 그럼 고등학교 때 이와 관련해서 가장 기억에 남는 경험 하나만 말해보세요. / GIST에 와서는 무얼 가장 하고 싶나요? / 자 이제 30초 정도 남았는데 마지막으로 하고 싶은 말 있으면 해보세요."
광주과학기술원,기초교육학부,"안녕하세요. 자기소개해주시기 바랍니다. / 환경, 생태계 관련 활동을 많이 한 것 같은데 환경이 생태계에 미치는 영향을 수식으로 표현할 수 / 지금 얘기한 요인들이 다 부정적인 것들인데 긍정적인 요인은 없나요? / 왜 하필 새가 좋은가? / 3학년 때 조류 생태 조사를 했다고 나와 있는데 어떻게 이 활동을 진행했나요? / 탐구 결과로 충분한 데이터가 나왔나요? / 1학년 때 서식 기후와 조류의 특징을 탐구했는데 왜 겨울 철새의 몸집이 더 클까요? / 그렇다면 여름 철새와 겨울 철새의 깃털 색의 차이는 무엇 때문인가? / 시간은 끝났지만 마지막으로 하고 싶은 말이 있으면 해봐라."
광주과학기술원,기초교육학부,"아, 네. 안녕하세요. / 네. 편하게 앉으시면 됩니다. / (대충 아이스브레이킹) 우리가 학생들 선발하기 전에 몇 가지 물어보고 싶은 게 있어서 불렀어요. 그 / 와보니까 어떤 것 같아요? / 그러면 GIST의 특별한 점이 뭐라고 생각해요? / 네. 그러면은 학생이 수학 II 교과에서 ‘미분으로 알아보는 화학 반응속도’라는 주제로 탐구를 했 / 좀 더 기하학적인 측면에서는 어떻게 설명할 수 있을까요? / 그러면 그 기울기는 어떻게 구해요? / 그러니까 어떻게 하면 구할 수 있는지 좀 더 구체적으로. / 그러면 점의 좌표는 어떻게 구해요? / ‘미분 가능하다’라는 게 뭘까요? / 그러면 연속의 정의가 뭘까요? / 그러면 극한이 뭐에요? / 그러면 연속과 미분가능함의 차이가 뭘까요? / 그렇죠. 알겠습니다. 네 변의 합이 일정한 직사각형의 넓이를 최대로 하려면 어떻게 하면 될까요? / 아니아니. 네 변을 다 더했을 때가 일정한 직사각형이요. / 그러면 어떤 모양의 직사각형이 가장 넓이가 클까요? / 네. 정사각형이겠죠. (그냥 ‘x(a-x) 미분해서 0이 되는 x값이 a/2니까 정사각형이다.’라고 대답했으 / 이제 좀 과학 쪽에서 질문드려 볼게요. 화학에 관심이 많다고 하던데, 맞나요? / 1차 반응이 뭔가요? / 반감기가 일정한 반응? 음... (‘반응속도가 반응물의 농도에 비례한다’이런 답변을 원했던 듯. 그래 / 네네. / 그래도 잘 모르지만 경청하려고 하는 모습이 보기 좋네요. 좀 어려울 수 있는데, 힌트를 줄 테니까 / 왜요? / 음. 그러면 반응이 안 일어나지 않을까요? / 아, 이제 시간이 다 되었네요. 수고하셨습니다. / 네네. 하세요. / 네, 꼭 그런 연구자가 되길 바랍니다."
광주과학기술원,기초교육학부,앉으세요. / 네. 오는 데 괜찮았나요? / 네. 자기소개해주세요 / 네. 이제 세특 내용부터 해볼게요. 확률과 통계에서 중심 극한정리에 대해 탐구했다는데 중심 극한정리 / 음... 그래서 중심 극한정리를 돌연변이률에 어떻게 이용했다는 거죠? / 조건부확률 문제를 풀었다고 되어 있는데 조건부확률에 대해 설명해볼래요? / 수학Ⅱ 활동에서 약물동력학을 미분을 통해 이해했다고 하는데 미분의 정의에 대해 말해볼래요? / 미분을 어떻게 약물동력학에 적용했나요? / 네. 좀 다른 질문을 해볼게요. 본인은 어떨 때 가장 스트레스를 받나요? / 그럴 땐 어떻게 스트레스를 푸나요? / 혼자서 문제 해결이 안 될 때는 어떻게 하나요? / 본인은 보통 갈등 상황에서 중재자 역할인가요 갈등 당사자인가요? / 중재자 역할로서 어떻게 행동하나요? / 그럼 갈등 당사자 입장이라면 어떻게 행동할 건가요? / 우리 학교에 지원한 지원동기 들어볼게요. / 자소서에 관해 물어볼게요. 기후변화로 인한 질병 탐구를 진행했다고 하는데 무슨 질병이 있나요? / 자소서에 질병 치료를 알파폴드를 통해 하고 싶다고 쓰여있는데 알파폴드를 어떻게 쓰고 싶나요? / 어느 수준으로 쓰고 싶어요? / 네. 10초 정도 남았는데 마지막 하고 싶은 말 해보세요.
광주과학기술원,기초교육학부,"간단하게 자기소개해주시면 시작하겠습니다. (자기소개 시작하면 책상 위에 타이머 설정하심) / 구분구적법 뭔지 아시나요? 설명해주시겠어요? / 그럼 부정적분과 정적분, 구분구적법을 짧게 설명해주시고 차이를 알려주시겠어요? / 부정적분은요? / 그래서 부정적분은 다른 것들과는 달리 뭐가 튀어나오죠? / 그럼 넓이가 음수값이 나올 수도 있나요? / 자소서를 보니까 BCI기술에 관심이 많으신 거 같은데 BCI기술과 관련해서 지스트에 와서 하고 싶은 / 해마가 어떤 역할을 하는지 아시나요? / 교사 추천서에 보니까 주말에도 학교에 나와 스터디그룹을 하면서 친구들의 공부를 도와주었다고 나 / 자소서에 보니까 이터널 선샤인을 보고 나서 뇌 과학에 관심이 생겼다고 하시는데, 이터널 선샤인은 / 지스트에서 뇌인지과학 쪽 교수님 중에 아는 분이 있나요? 찾아본 분이라도? / 마지막으로 하고 싶으신 말 있으면 자유롭게 해주시기 바랍니다. / 아 네, 면접 수고하셨습니다. 이제 나가주시면 됩니다. 그런데... 수백 배까지는 안 하셔도 될 것 같은"
한국과학기술원,전학부,수학 처음부터 차례대로 설명해보세요. / 문제 1번이랑 2-2 다시 생각해보세요. / 이제 과학 설명해보세요. / 문제 2-3 답을 한 번만 다시 얘기해주세요. / 이제 영어 답변해주세요. / 이제 나가시면 됩니다. / 제시문에 대한 답변 시작해 주세요. / 답변에서 학생대표로서 생성형 ai에 대한 제한을 둔다고 했는데 반대측 의견은 어떻게 할 것인가요? / 마지막 질문에 대한 답변에서 생성형 ai의 답변에 출처를 명시하게 한다고 했는데 이것이 학습 능력 / 네 주제를 바꿔서 자소서 관련 얘기를 좀 해볼게요. 도서 목록 중에 추천하고 싶은 책은 뭔가요? / 그러면 책이 일기 형식으로 되어 있는 건가요? / 읽으면서는 어떤 것을 느꼈나요? / 왜 조류와 생태계에 관심을 가지게 되었나요? / 만약에 조류를 아는 것이 생태계와 관련이 없는 것이 아니냐고 물어보면 어떻게 답할 건가요? / 3학년 때 생태조사를 했다고 되어있네요. 힘들었던 점과 뿌듯했던 점을 말해주세요. / 생태를 정량적으로 평가할 수 있는 방법이 있나요? / 전 세계적으로 조류를 연구하는 사람들이 많은가요? / 네 수고하셨습니다.
한국과학기술원,전학부,"네, 앉으세요. 저희 우선 영어부터 듣겠습니다. 1번부터 쭉 말해주시면 돼요. / 네. 이제 화학 말씀해주세요. / 네. 다음으로 수학 들어볼게요. / 음. 아까 화학에서 2-1은 반감기를 이용해서 설명했잖아요. 그러면 2-2도 풀 수 있을 것 같은데요? / 네. 그러면 화학 1-2에서 ~~? (질문이 정확히 기억 안 남.) / 음... 네, 알겠습니다. 그러면 수학에서 2-2에 답이 ~~라고 하셨는데, 홀수일 때와 짝수일 때 둘 다 그 / 그럼 어떻게 다를 것 같은지 말씀해주세요. / 네, 알겠습니다. 지금 시간이 조금 남았는데, 아까 못 푼 문제 풀어보세요. 화학이랑 수학 중에 뭐 푸 / 네, 풀어보세요. 그리고 화학 풀고 나서 수학도 좀 다시 풀어보세요. / 네. 이제 수학 풀어보세요. / 하하. 괜찮습니다. 수고하셨습니다. / 네. 나가시면 됩니다. / 네, 앉으세요. (우리 학교 지원해줘서 고맙다, 우리 학교 처음 오냐, 성적이 향상된 것 같은데 열심히 / (첫 번째 답변이 마음에 안 들었는지 계속 꼬리 질문을 했는데, 그렇게 얻어낸 답변도 마음에 안 들 / 3번째에서 문제를 생성한다는 게 뭔가요? / 아하. ~~라는 거죠? / 그러면 아까 1번 문제 다시 질문해 볼게요. 두 가치가 대립한다고 했는데, 그 두 가치가 뭔지를 말해 / 네, 알겠습니다. 이제 지원서 기반 질문으로 넘어갈게요. 독서 목록 중에 올더스 헉슬리의 멋진 신세 / 음. 네. 이제 자기소개서에 대한 질문할게요. (자소서 1번 내용 설명해달라고 함.) / (관련 과학 개념과 실험 과정에 대한 꼬리 질문을 함. 나는 희생양극에 대한 두 금속을 어떻게 연결 / 전선으로요? / 네, 알겠습니다. 이만 나가보셔도 좋습니다."
한국에너지공과대학교,에너지공학부,"올해 질문은 어땠나요? (아이스브레이킹) / 네, 그럼 질문하기 전에 기업가나 과학자와 같이 다양한 관점에서 혁신 기술을 평가하느냐에 따라 / 그러면 뽑으신 혁신 기술을 위주로 왜 뽑으셨는지 설명해주세요. / 그러나 잠을 잘 때 꿈을 계속 꾼다면 뇌가 휴식을 할 수 있을지? ‘휴식을 못 하지 않을까’라는 생 / 하하 진지하게 생각하지 않으셔도 됩니다. 다양한 의견이 있을 수 있으니 가볍게 물어본 겁니다. / 안정성을 1점을 준 혁신 기술이 있네요? 이유를 말해 주세요. / 밴드도 꿈의 자극을 적응할 수 있지 않을까요? / 자신이 이 기술을 가진다면 얼마나 사용할지? 일주일에 몇 번? / (어떤 질문을 해야할 지 고민하고 더 이상 할 질문이 없다고 생각하셨는지) 켄택에 지원한 이유? / 어 네 좋습니다. 원래 말을 그렇게 침착하게 하나요? (문 열리고 밖으로 밖에 조교분이 나오라고 함.)"
부산교육대학교,초등교육학부,네 안녕하세요. 앞에 놓인 제시문 A 뒤집어서 확인해 주세요. 가번호 1번부터 답변 시작하시면 됩니다. / 앞에 놓인 제시문 B 뒤집어서 확인해 주세요. 가번호 번부터 답변 시작하시면 됩니다. / 앞에 놓인 제시문 C 뒤집어서 확인해 주세요. 가번호 ○번부터 답변 시작하시면 됩니다.
부산교육대학교,초등교육학부,네 시작하겠습니다. A문제 뒤집고 읽어 주세요. / B 질문 읽어 주세요. / C 질문 읽어주세요 / 수고하셨습니다. 나가셔도 됩니다.
청주교육대학교,초등교육학과,"면접 시작하겠습니다. 고등학교 내내 좋은 성적을 계속 유지해온 것 같은데, 자신만의 공부 방법이 / (끄덕이며) 3학년 자율활동에 교권 추락을 주제로 꼬꼬무 탐구 프로젝트를 진행했다고 나와있네요. / 수업량 유연화 주간에 ‘AI 시대, 교사의 역할 변화’에 대해 탐구하셨네요. AI 시대에 교사는 어떤 / (끄덕이며) 본인이 교사가 된다면 도움이 될만한 특출난 장점이 있으신가요? / (살짝 웃으심) 방금 다문화 학생에 대해서 말씀하셨는데, 다문화 학생이 학교 생활을 하면서 겪을 수 / (끄덕이며) 동아리 활동 시간에도 되게 많은 활동을 하셨네요. 혹시 동아리 부원들과 갈등이 생긴 적 / (웃으며) 네, 수고하셨습니다."
청주교육대학교,초등교육학과,"교사를 희망하게 된 시기와 동기가 무엇이었나요? / 고등학교 3학년이면 시기적으로 좀 늦은 것 같은데, 그전에 희망했던 진로가 무엇인가요? / 성적을 보니까 한 번도 떨어지지 않고 계속 상승했더라고요? 무슨 비결이 있었나요? / 본인의 장점과 단점을 설명하고, 그 장단점이 초등교육 현장에서 어떤 영향을 끼칠 것 같은지 설명 / 다소 내성적인 성격을 가지고 있다고 했는데, 아이들 중에 내향적인 아이가 있다면 어떻게 교육할 / 내향적인 성격을 가지고 있다고 해서 갈등이 별로 없었을 것 같긴 한데 그래도 있다면 그 갈등 상황 / 부모님하고 갈등이 크게 비밀이 아니라면 어떤 갈등이 이였는지 말해볼래요? / 3학년 때 반장을 했던데, 반장의 경험과 학업 두 요인 간에 서로 어떤 영향이 있었는지 생각나는 대 / (노크 소리가 들림) 최근 교육 현장에 대해 문제가 무엇이라고 생각하나요?"
청주교육대학교,초등교육학과,"네, 되게 밝은 모습이네요. (문 열고 들어갈 때부터 제 치트키인 눈웃음을 짓고 들어갔어요.) / 네, 3년 동안 초등교육에 관심을 많이 두어온 것 같은데 이 꿈을 꾼 계기가 있을까요? / 네, 혹시 초등학생 때 닮고 싶었던, 기억에 남았던 선생님이 있었나요? / 자신의 지식적 호기심을 가지고 활동한 경험이 있을까요? 뭐 창의성을 키우면서... 뭐 그런 탐구를 진 / 그러면 아이들 어떻게 스스로 의심해보게 할건지? / 자신이 ‘의심’을 해본 경험이 있을까요? / 그럼 자신은 삶의 본질이 뭐라고 생각하나요? / 그럼 아직 삶의 본질을 정하지 못했나요? (살짝미소) / 마지막으로 하고 싶은 말 있나요? / 네, 수고 했어요."
청주교육대학교,초등교육학과,"1학년부터 3학년까지 꾸준히 성적이 올랐는데, 성적을 올리게 된 계기와 성적을 올렸던 방법에 대해 / 교사로서 자신의 장점과 단점에 대해 말해 보세요. / 책임감이 강하다고 하셨는데, 교사가 된 후 조별 과제에 참여하지 않는 학생이 있다면 어떻게 하실건지"
청주교육대학교,초등교육학과,"자리에 앉으세요. 고등학교 때 진로 희망이 뭐였어요? / 사회 잘하나요? / 사회도 잘하면 좋죠. 그러면 초등교사를 꿈꾸게 된 특별한 계기 있나요? / 아니 아니, 다른 특별한 계기는 없어요? / 그냥 스스로 생각한 거예요? / 고등학교에서 한 봉사활동 중 기억에 남는 거 설명하고, 초등교사가 되어 어떻게 적용할 건지 답변해주세요. / 여기 대학수학능력시험 절대 평가화를 제안했다고 나와있네요? / 내용 설명해주세요. / 네. 나가주세요."
청주교육대학교,초등교육학과,초등교사라는 꿈을 갖게 된 계기는 무엇인가요? / 본인이 10년 뒤에 무엇을 하고 있을 것 같나요?
청주교육대학교,초등교육학과,"네, 앉으세요. (10분 타이머 설정, 학생에게 보이진 않음) / 3학년 1학기 자율활동에서 교사, 학생 사이의 긍정적인 관계를 조사했는데, 구체적으로 어떤 긍정적 / 본인이 언제부터 교사의 꿈을 꾸게 되었고, 계기가 무엇인가요? / 본인의 장점과 단점을 말씀해 주시고, 단점은 극복 방안까지 말씀해 주세요. / 본인께서 생각하시는 우리나라 교육의 문제점과 해결 방안을 말씀해 주세요. / 네, 나가셔도 좋습니다. / 아니요, 괜찮아요."
청주교육대학교,초등교육학과,"안녕하세요, 여기까지 오는데 안 추웠어요? / 네, 바로 질문 시작할게요. 왜 초등교사가 되고 싶었어요? / 네, 지금 선함이라는 말을 언급을 계속하는데, 2학년 자율활동에 무엇을 비인간적이라고 하는가 이런 / 아까 학생들을 선하게 하고 싶다고 하고 이번엔 목표를 가지게 하고 싶다고 했는데 그럼 둘이 상충 / 네 좋아요. 그럼 혹시 스스로는 선한 사람이라고 생각하나요? / (웃음) 네 그럼 다음 질문해 볼게요. 2학년 때 진로활동으로 강의식 교육의 문제점을 지적하고 토론 / 그럼 그런 토론ㆍ토의 교육을 할 때 무슨 역할을 하실 건가요? / 그럼 학생이 조별 활동할 땐 무슨 역할을 맡았죠? / 네, 학생이 고등학교에서. / 친구들이 왜 좋아했을까요? / 네 다음 질문입니다. 존경하는 인물 있나요? / 그럼 이제 30초 정도 남았는데 더 하고 싶은 말 있어요? / 네 수고하셨습니다."
청주교육대학교,초등교육학과,"많이 긴장되죠? / 너무 떨지 말고 편안하게 잘 대답해 주면 됩니다. / (정확히 어떻게 시작했는지 기억나지 않음, 자기소개 없이 바로 질문 시작) 봉사활동을 엄청 많이 했 / 3년 내내 교육동아리였는데, 혹시 동아리를 하면서 특별히 기억에 남는 일화가 있었나요? / 교육에 대해서 관심이 많은 것 같은데, 혹시 자신이 특별히 관심을 가지고 탐구했던 분야가 있나요? / 혹시 가족이나 친구, 모둠원들과 갈등이 생긴다면 사용하는 학생만의 특별한 해결 방법이 있을까요? / 2학년 동아리 ○○○에서 교권 침해에 대해 탐구를 했어요. 학생 본인이 생각하기에 교권 침해의 핵"
청주교육대학교,초등교육학과,"대학 오면서 보았는데 어땠나요? / 본인의 장점과 단점을 말해줄 수 있나요? / 어떤 부탁을 들어줬길래 과부화가 걸리게 되었나요? / 그럼 학생은 교사라는 직업을 안 선택했으면 어떤 직업을 선택했을 것 같나요? / 그럼 친구의 어떤 고민을 들어주었나요? / 가장 기억에 남는 친구의 연애 고민은 무엇인가요? / 인공지능이 많이 사용되고 있는데 인공지능으로 활동을 할 때 어떻게 활용하였나요? / 그럼 우리 학교에 들어왔을 때 학생들이 인공지능을 활용하는 것을 동의해야 한다고 생각하나요? / 성적을 보니 성적이 계속 유지되고 있는데 어떻게 노력을 했나요? / 어떤 과목이 잘하는 과목이고 어떤 과목이 못하는 과목인가요? / 그렇네요. 영어성적이 좀 낮네요. 이유가 뭐라고 생각하시나요? / 이러한 활동이 도움이 되었다고 생각하시나요? / 유튜브를 구독하고 있는 것이 있나요? 그것을 소개해 준다면? / 또 과학이네요. (말하시며 웃으심.) 강수량에 관련한 활동을 하면서 논문을 읽었다고 되어 있는데 이 / 이 논문은 어디서 찾았고 어떻게 찾게 되었는지? / 자, 이제 시간이 얼마 남지 않아서 저희가 더 물어볼 순 없을 것 같고 마지막으로 면접관에게 하고 / 신박하네. / (웃으시며)신박하네. 준비해 온 건가요? / 안 시켰으면 어떡하려고? / (정적 후) 나가셔도 좋습니다."
청주교육대학교,초등교육학과,"네 안녕하세요. 상당히 추웠죠? / 네 다행이네요. 이제 생활기록부 기반으로 면접을 시작할 거예요. 떨지 말고 편하게 얘기해 주세요. / 2학년 자율활동에 변호사가 되고 싶다는 내용들이 적혀 있는데 (학생이 아~하며 웃음) 아. 역시 예상 / 교사가 된다면 어떤 식으로 사회적 약자를 도울 수 있다고 생각하셨나요? 구체적으로 더 알려주실 / 아, 그럼 그때만 변호사를 잠깐 꿈꾼 건가요? / 네 좋습니다. / 3학년 동아리 시간에 강원도 속초에서 발생한 현장 체험 학습 사고 사례를 분석했다고 했는데 이에 / 학교생활을 하면서 선호했거나 자신 있게 했던 과목과 선호하지 않았던 과목 한가지씩 말해주세요. / 초등교사가 된다면 좋아하지 않거나 자신이 부족하다고 느끼는 과목도 모두 가르쳐야 할 텐데요. 이 / 그럼 교사의 꿈을 가지게 된 계기가 명확히 있었나요? / 3학년 영어권 문화 소개 활동에서 영국 교육의 토론 문화를 탐구했다고 했는데 이 활동만으로 끝이 / (추가로 또 질문을 10초 정도 길게 하고 계셨는데 도중 10분 타이머가 울림, 두 분이 마주 보시며) 아,"
청주교육대학교,초등교육학과,"(의자에 앉을 때까지 기다려주심) / 네, 안녕하세요. 마지막 순서라 기다리느라 힘들었겠어요. / 자, 초등교사가 되고 싶어서 저희 학교에 지원했겠죠? 바로 질문할게요. / 초등교사로서 많은 역량이 필요한데, 가장 중요하다고 생각하는 역량 하나와 이유를 말씀해주세요. / 그러면, 이 공감력이 잘 드러나는 스스로가 한 활동은 뭐가 있어요? / 코딩 기술은 어렸을 때부터 쭉 해왔나요? 아니면 앱을 만들 당시에 배웠나요? / 그럼 그 앱은 친구들 몇 명이랑 사용해본 건가요? / 시간이 남거나 쉬는 날에는 주로 뭐하면서 지내요? / 일종의 브이로그 같은 거죠? 그럼 국내·외 봉사활동을 하는 걸 찍고 싶다고 했는데, 요즘은 국내 봉 / 의사소통의 가치는 어떤 게 있다고 생각하나요? / 만약에 나중에 학교의 설계자가 된다면 학교의 어떤 부분을 제작해보고 싶어요? / 홈베이스요? / (어떤 논문의 내용을 말씀하시면서) 눈이 편안하도록 조명을 노란색과 흰색을 둘 다 사용했다고 하는 / (내 답변이 다른 내용으로 흘러갔는지 질문의 의도를 다시 설명해주심. 근데 그래도 잘 이해하지 못 / 마지막으로 할 말 있으면 해보세요."
청주교육대학교,초등교육학과,"안녕하세요. / 교사라고 하면 초등교사 말고도 중등교사, 고등교사도 있는데 왜 사범대에 지원하지 않고 교대를 지 / 아이들을 많이 상대해본 경험이 있나요? / 초등교사가 되면 한 과목만 가르치는 게 아니라 여러 과목을 다 가르쳐야 할 텐데 괜찮겠어요? / 교사 말고 다른 직업을 가진다면 어떤 직업을 가지고 싶나요? / 성우? 왜 관심이 많았어요? / 오... 그럼 지금 한 10초 정도만 성대모사 해볼 수 있어요? / 혹시 살면서 실패해본 경험이 있는지... 그리고 그것을 극복한 적이 있는지 말해주세요. / 최근에 읽은 책 하나 말해볼래요? / 본인이 학교의 어느 한 공간을 바꿀 수 있다면 어떤 공간을 어떻게 바꾸고 싶어요? / 미래에 본인이 가르칠 아이들에게 촉망받는 직업은 무엇이라고 생각하나요? / 그럼 인공지능이 미래에 발달하면 교사라는 직업이 꼭 필수적인 직업이 될까요?? / 네, 알겠습니다. 수고하셨습니다."
청주교육대학교,초등교육학과,"네 질문 시작하겠습니다. 1, 2학년 땐 반장, 부반장을 했는데 3학년 때는 안 한 이유가 있나요? / (웃으심) 다른 친구에게 기회가 갔군요. / 교육 관련 활동을 많이 한 것 같은데 교사라는 꿈을 갖는데 계기가 된 책이 있나요? / 그렇다면 개개인의 목소리를 듣고 학교에서 발생한 갈등을 해결한 경험이 있나요? / 중등교사와 달리 초등교사만의 매력은 무엇이라고 생각하나요? / 소위 말하는 문제아들처럼 학급에 집중하지 못하는 친구는 어떻게 대처할 것인가요? / 그래도 떠들고 집중하지 못하면요? / 세계시민교육에서 어린이는 작은 시민이라는 주제로 아동기 사회 참여 교육의 문화별 차이를 탐구 / (버벅이니 고개를 갸우뚱하심) 교육관을 정립하는데 도움이 된 책이 있을까요? / 마지막으로 지금 교육에서 가장 큰 문제가 무엇이라고 생각하는지 말하고 이를 해결하기 위한 방안 / 네 나가주시면 됩니다"
청주교육대학교,초등교육학과,"네 안녕하세요. (타이머를 학생 쪽으로 돌려주시며) 10분 동안 면접 진행할 거예요. 8분 정도는 저희 / 기본적인 질문인데요, 왜 초등 교사가 되고 싶은지 말해줄 수 있나요? / 네. 생기부를 보니 열심히 한 흔적이 보여요. 그런데 다른 과목에 비해 사회나 과학 과목 성적이 조 / 학교생활을 하면서 좋아하는 것이 무엇이었나요? 뭐 교과목 중에 설명해도 되고 학교생활 중에서 말 / 혹시 본인이 가지고 있는 특성 중에서 이것이 교사가 되었을 때 장점으로 발전시킬 수 있는 것과 단 / 아이들을 좋아하나요? / (웃으시면서) 정말 그런 것 같네요. 답변을 하면서 입꼬리가 엄청 올라갔어요. 그러면 주변에 아이들 / 존경하는 인물이 있나요? / 아 그것보다는 역사적으로 존경하는 인물이 있는지 물어본 거예요. / 그러면 아까 하려고 했던 말을 해줄래요? / 1분 정도 시간이 남았는데요. 혹시 마지막으로 하고 싶은 말이 있나요? / (웃으시며) 네. 저희도 꼭 학생이 합격해서 저희 수업을 들어주었으면 좋겠어요. 면접은 끝났으니 나"
청주교육대학교,초등교육학과,"면접 시작하겠습니다. 청주교대에 지원한 동기가 무엇인가요? / 1학년 동아리 활동에서 IB 교육과정을 다루었다고 했네요. IB 교육과정이 무엇이며, 이에 대한 본인의 / 고등학교 생활 중 리더십을 발휘했던 경험에 대해 말씀해주세요. / 구체적으로 어떤 전략을 세웠는지 설명해 줄 수 있나요? / 팀원 중 농구 실력이 상대적으로 부족한 팀원은 어떻게 했나요? (정확한 워딩은 기억나지 않지만, 이 / 실내 디자이너와 사서교사를 거쳐 초등교사로 진로가 바뀌었는데, 그 계기가 있나요? / 어떤 긍정적인 반응이었는지 구체적으로 설명해주세요. / 본인의 장단점을 하나씩 설명해주세요. / 시간이 다 되었습니다. 수고하셨습니다."
청주교육대학교,초등교육학과,"네. 편하게 답변해주시면 됩니다. 본인은 어떤 교사가 되고싶나요? / 네~ 1학년 때 수학반장을 했었네요? 수학반장이 뭔가요? / 그렇군요. 수학반장을 하면서 기억에 남는 활동이 있었나요? / 요즘 학교 현장에서 디지털교과서를 도입하고 있는데, 디지털교과서가 무엇인가요? 그리고 이를 활용 / 장단점도 이야기해주세요. / 디지털교과서에 관심이 많다고요? 네. 전교 학생부회장을 했네요? 어떤 활동이 기억에 남나요? / 생기부보니까 건축에서 교육으로 진로를 바꾼 것 같은데 바꾸게 된 계기가 있나요? / (눈이 커지며) 마지막으로 하고 싶은 말이 있나요? / 네. 면접 끝났습니다. 나가셔도 좋습니다."
청주교육대학교,초등교육학과,"네, 자리에 앉아주세요. 몇 가지 질문을 드리겠습니다. / 성적을 보니 잘하는 과목도 있지만 눈에 띄게 약한 과목도 있는 것 같습니다. 특별한 이유가 있었 / 네, 잘 들었습니다. 봉사활동 기록을 보니 2학년과 3학년 때 봉사활동을 했군요. 어떤 활동이었나요? / 추가 질문드리겠습니다. 3학년 때의 봉사활동의 내용은 학교에서 제안한 것인가요, 아니면 직접 구상 / 알겠습니다. 다음 질문드리겠습니다. 왜 나는 초등교사가 되어야하는가에 대해 말해주세요. / 잘 들었습니다. 다음으로 창의력을 발휘하여 문제를 해결한 경험이 있을까요? / 시간이 다 되었네요. 수고하셨습니다."
청주교육대학교,초등교육학과,"교사로서 본인이 가지고 있는 장점과 단점이 있다면 무엇인가요? / 3학년 때 성적이 많이 올랐던데 특별한 이유가 있었나요? / 인생에서 중요하게 생각하는 가치 두 가지 정도가 있다면 뭔가요? / 사랑을 받는 것이 중요한 건가요? / 그럼 인생에서 꼭 그런 사랑과 감사를 전하고 싶은 사람이 있다면 누구인가요? / 관심 있는 분야를 탐구했던 경험이 있다면 무엇이 있을까요? / 가장 좋아하거나, 흥미를 느낀 과목이 있었다면 무엇인가요? / 행특을 보면 수련회 장기자랑에 참여했다거나 학급활동 사회자를 맡는 등 다양한 활동을 했던데 정 / 그럼 혹시 학생은 대학교에 와서 꼭 하고 싶은 활동이 있나요? / 오 그럼 혹시 밴드 악기 다룰 줄 아는 거 있어요? / 가장 잘하는 노래 있어요? / 그럼 이제 마지막으로 하고 싶은 말 있어요? / 좋아요, 이제 나가보셔도 됩니다."
청주교육대학교,초등교육학과,교대에 지원한 이유가 무엇인가요? / 지원 동기를 들어보면 사범대도 지원할 수 있을 것 같은데 교대를 지원한 이유는 무엇인가요? / 공부하면서 어려움을 느낀 과목이 있나요? 있다면 어려움을 극복하기 위한 자신만의 방법을 말해주 / 그러면 자신 있는 과목은 무엇인가요? / 그렇군요. 그런데 생기부를 보니 과학도 잘 나왔는데요? / 생기부를 보면 이공계열로 되어있는데 과학 실험을 하면서 남들과는 다른 결과를 낸 자신만의 방법 / 과학에 올바른 것이라는 건 없어요. 이점에 대해 어떻게 생각하나요? / (끄덕끄덕 하시면서) 아... 충실히 이행하려... 그러면 다음으로 자신이 창의적인 아이디어를 낸 경험이 / 수업을 하다 보면 수업에 집중하지 못하거나 잘 따라오지 못하는 학생이 있을 수 있어요. 이런 경우 / 3년 내내 학급 반장을 했는데 리더십을 보여준 사례가 있나요? / 하지만 방금 말한 사례는 배려심을 보여준 사례라고 제가 반박할 수 있을 것 같은데요? 이점에 대해 / (끄떡끄덕) 일과시간이 끝난 개인적인 시간에는 보통 무엇을 하면서 시간을 보내나요? / 그렇군요. 그렇다면 기억에 남는 도서나 영화가 있을까요?
청주교육대학교,초등교육학과,"긴장 많이 했죠? 너무 부담 갖지 말고 말씀하시면 됩니다. / 먼저, 우리 학교에 어떻게 지원하게 되었는지 들어볼게요. / 3학년 때, 성적이 갑자기 많이 올랐는데, 그 때 본인의 상황의 변화와 본인만의 방법이 있으면 얘기 / 아까 지원 동기에서 어렸을 때부터 교사를 꿈꿨다고 했는데, 생기부만 보면 그게 잘 안 나타나 있 / 다른 분야를 탐구했다고 했는데, 어떤 분야를 탐구했나요? / 창의적인 아이디어를 나누는 걸 좋아한다고 했는데, 그런 아이디어를 발휘한 경험이나 뭐... 그런 게 / 학교에서 모둠 활동을 하다 보면 서로 의견이 달라서 갈등이 생길 수 있는데, 이를 어떻게 해결할 / 네. 충분히 이해했고요. / 3학년 때, 성적을 대체 어떻게 올린 건가요? 아무리 열심히 했다고 해도 이게 쉽게 되는 게 아닌데, / 아까 아이디어를 나누는 것 좋아한다고 했는데, 체육대회에서 할 활동을 기획한다면 어떤 활동을 기"
청주교육대학교,초등교육학과,"네 안녕하세요. 초등교사가 되기로 마음먹은 계기가 있을까요? / 네, 교육에 관심이 많은데 계속 관심이 있을 수 있게끔 했던 활동들이 있나요? / 네, 그럼 본인이 생각할 때 잘하는 과목과 못하는 과목이 있나요? / 그럼 그 성적을 올릴 수 있었던 방법이 있었나요? / 아까 수학을 가르치는 것처럼 딱 떨어지게 설명하는 것을 좋아한다고 했는데 초등학교 학생들을 가 / 그럼 학생들이 모둠 활동을 하면서 만약 다툼이 일어난다면 어떻게 하실 건가요? / 네, 마지막으로 하고 싶은 말 있나요?"
공군사관학교,공군사관학교-남(인문계열),"들어오세요. / 네. 앉으세요. / 갈등의 당사자로서 갈등을 해결해 본 경험에 대해 설명하세요. / 구체적인 사례로 말해보세요. / 주변 친구 중에 닮고 싶은 장점을 가진 친구가 있나요? / 그렇다면 다른 친구들이 닮고 싶어 할 만한 본인의 장점은 뭐가 있나요? / 그렇다면 친구들에게 들은 자신의 단점은 뭐가 있나요? / 그렇다면 이러한 단점을 극복하기 위해 어떻게 하였습니까? / 단점 중에 말이 많다는 건 들어본 적 없나요? / 북한에 대해서 어떻게 생각합니까? / 북한의 도발 사례에 대해서 아는 대로 전부 말해줄 수 있나요? / 굳이 구체적이지 않아도 대략적으로 어떤 사건이 있었던 것 같다는 식으로 얘기해도 됩니다. / 그게 전부인가요? 이런 종류의 이슈에 크게 관심이 없나 봐요? / 마지막으로 왜 이 길을 선택했는지 말해보세요. / 좋습니다, 이제 나가봐도 좋아요 / 들어오세요 / 머리는 본인이 선호하는 스타일인가요? (당시 조금 많이 짧게 잘라 좀 어색해 보였다.) / 군인처럼 해달라고 했단 말이죠? / 좋습니다. 생활기록부를 보니 군사학에 대한 내용이나, 조종에 대한 부분이 많아요. 이런 분야에 대 / 여러 가지 활동을 참 많이 했던데 자율 진로 동아리 활동 중에 본인이 가장 자신 있는 활동이 있나 / 해당 활동을 통해 배운 점이 있나요? / 생기부에 기록된 책 중에서 가장 인상 깊게 읽었던 책이 뭔가요? / 행발을 보니 1학년 때 시간 관리에 대한 부족함이 보이는데 이유가 있나요? / 정확히 어떤 질병인가요? / 2학년 세특에 압도적 득표수로 반장에 당선되었다고 쓰여있는데 비결이 뭔가요? / 2학년 때 항공 캠프를 다녀왔는데 어디서 주최한 건지 알고 있나요? / 우리 학교 교훈이 뭔가요? / 잘 알고 있네요, 혹시 안중근 의사가 남긴 글귀에 대해 알고 있나요? / 위국헌신 군인본분 이라는 말로 군인이 나라를 위해서 헌신하는 것은 당연하다는 뜻입니다. 오면서 / 본인 학교를 한번 자랑해 보세요. / 학교가 어디라고 했죠? / 지원 동기서에 보니까 국제 이슈에 대해 알아보고 메모하는 습관을 들였다고 쓰여있는데 글로벌 리 / 현재 드론이 상당히 여러 가지 분야에 상용화 되고 있는데 공군은 앞으로 이런 드론에 발전에 발맞 / 공군사관학교를 알게 된 계기가 무엇인가요? / 그 설명을 듣고 지원을 결심하게 된건가요?"
국군간호사관학교,국군간호사관학교(인문),"네. 앉으세요. / 생기부 사진에 비해 깔끔하고 단정한 모습이다. (정장과 단화를 착용하고 머리망 착용하였습니다.) / 이른 시간에 우리 학교에 오느라 힘들었을텐데 몇 시에 일어났고 무엇을 하다가 왔는가? / 생기부에는 장래 희망이 간호사라고 적혀 있는데 왜 국간사에 오고 싶은가? / 지원자의 이야기나 생기부를 보면 일반 간호대를 진학하여 대학병원에서 일하는 것이 더 어울려 보 / 지원 동기 노력 부분을 보면 수혈에 관한 탐구를 했다고 되어있는데 노력이 너무 부실하다고 생각되 / 그렇다면 지원자가 간호장교가 된다면 어디에서 일하고 싶은가? / 제시문에 대한 지원자의 생각을 말해보라. / 개인의 자유와 국가의 안보는 상충하는데 이에 대해 어떻게 생각하는가? / 네. 앉으세요. / 힘든 일을 겪어본 적이 있는가? / 고2 때 내신이 떨어졌다고 했는데 그 해에 병결 2번이 있다. 병결때문에 성적이 떨어진 것은 아닌가? / 사관학교에 입학하면 가장 힘들 것이라고 예상되는 것이 무엇인가? / 마지막으로 하고 싶은 말이 무엇인가? / 네. 앉으세요. / 지원자는 타인의 말에 많이 신경 쓰는 편인가? / 사관학교에는 동기 평가가 있는데 안좋은 말들이 많을 수 있다. 근데 지원자는 비난을 무시한다고 / 지원자 본인에게 점수를 매겨보아라. / 본인에게도 단점이 있을텐데 남들은 모르는 단점이 있다면 말해보아라. / 네, 해보세요."
국군간호사관학교,국군간호사관학교(자연),"지금 생활기록부 보니까 질병 조퇴 ○번, 결석 ○번, 지각 ○번이 있는데 이유가 뭐죠? 어디 아팠나 / 진단명이 결벽증은 아닐 것 같은데요. / 지금 지원자가 말한 것처럼, 그리고 자기소개서에 쓰여있는 것처럼 오염과 사람과의 접촉에 극심히 / 지금 학생 생활기록부를 보니까 진로 희망 분야가 전기 및 전자 공학 분야로 되어있는데, 우리 학교 / 그러면 수시 원서는 전기전자 쪽으로 썼나요? / 간호사관학교에서 선호하는 인재상에 대해 알고 있나요? / 아까 읽은 제시문을 본인의 생각을 덧붙여서 말해줄래요? / 네. 그리고 현재 여성 징병제 합법화에 대한 논의가 진행 중인데, 이거에 대해서 어떻게 생각하세요? / 네 잘 들었습니다. 나가시면 됩니다. / 아침 일찍부터 고생이 많아요. 끝까지 잘 마무리 해봅시다. / 편하게 대답해주시면 됩니다. 우선 학생이 질병 조퇴 ○번, 결석 ○번, 지각 ○번이 있는데 어디 아 / 우리 학교에 지원하게 된 동기에 대해 짧게 말해보세요. / 팔로워십에 대해 알고 있죠. 군대 내에서 팔로워십은 어떤 것일까요? / 우리 학생이 학급 회장이나 동아리 부장 같은 리더 역할을 많이 했는데 그중에 내세울 만한 활동이 / 마지막으로 하고 싶은 말 있으면 하세요. / 학생 하루 일과는 어떻게 되나요? / 우리 학생이 가장 싫어하는 사람은 어떤 사람인가요? / 그런 사람과 엮이거나, 마주하는 상황이 생긴다면 어떻게 대처하나요? / 그러면 상황을 한 번 가정해볼게요. 사관학교에 들어오게 되면 기숙사 생활을 3명 정도와 함께하게 / 그런데 그러면 학생이 말한 내용을 듣고 그 사람들이 기분이 나빴다고 말하거나, 규정에 어긋나는"
국군간호사관학교,국군간호사관학교(자연),"국군간호사관학교에 지원하게 된 이유는 무엇인가요? / 생기부에 희망 진로도 연구원이고, 지원동기서에도 간호사가 되고 싶다는 의지가 많이 드러나지는 않 / 지원동기서에서 고등학교 생활이 체력적으로 힘들었다고 적혀 있는데, 체력이 좋지 않은 건 군인에게 / 국군간호사관학교에 대해서 알고 있는 것이 있는지 자세하게 설명해 볼 수 있나요? / 우리가 지원자를 왜 뽑아야 하나요? / 들어오기 전에 제시문 확인하셨죠? 제시문 내용과 본인의 생각은 어떤지 말해보세요. / 수고하셨습니다. / 지원동기서에 체력이 부족했다는 내용과 이를 극복했다는 내용이 담겨있는데 그 과정에서 배운 점이 / 군대는 단체생활이 기본인데 조직 생활을 하는 데 있어서의 본인의 장점과 단점 말해보세요. / 국군간호사관학교는 기숙사 생활을 하는 데 기숙사 생활하면서 다른 생도와 마찰이 일어날 때는 어 / 고등학교를 다니면서 공동체 경험이 있나요? / 수고하셨습니다. / 장교에게 리더십은 매우 중요한데 본인이 리더십을 발휘했던 사례가 있나요? / 본인의 장점과 단점이 무엇인가요? / 본인의 단점이 소수의 인원을 세심하게 챙기지 못하는 것이라고 답변했는데 만약 생도 생활을 하며 / 국군간호사관학교에서 생활하는 것이 생각보다 쉽지 않을 겁니다. 만약 본인이 퇴교를 결심하는 순간 / 수고하셨습니다."
국군간호사관학교,국군간호사관학교(자연),"간호사관학교에 지원하게 된 동기가 무엇인가요? / 간호사관학교가 본인에게 어떤 의미인가요? / 10년 후 본인의 모습을 말해보세요. / 계급을 말씀해보시겠어요? 모르시면 모른다고 하셔도 됩니다. / 제시문 요약하고 본인의 생각을 말해보세요. / 학교생활을 하면서 가장 인상 깊었던 활동은 무엇인가요? / 본인이 싫어하는 유형의 사람이 무엇인지 얘기해보세요. / 면접 시간 때문에 그렇게만 말하셔도 됩니다. 군대는 조직 생활인데 그런 사람이랑 룸메이트가 되면 / 타협지점이 안 찾아지면요? / 주변에서 본인을 어떤 사람이라고 하나요? / 본인이 일상 생활하면서 기분이 좋아질 때와 나빠질 때가 언제인가요? / 지원동기서에 자신이 힘들었다고 한 부분이 있는데 뭔지 기억나세요? / 네. 진로 관련해서 힘들었었다고 적혀있는데, 학업이나 진로 말고 본인이 힘들었던 점과 극복한 방법 / 사관학교 입학 후 가장 힘들 것 같은 부분이 있나요? / 마지막으로 하고 싶은 말 있나요? / 수고하셨습니다."
육군사관학교,육군사관학교-남(인문),"1분 제한 시간 동안 이 제시문을 읽고 느낀 점을 이야기해보시오. / 학생이 생각하는 자주국방은 무엇입니까? / 학교생활을 하면서 제일 기억에 남는 학생회 활동이나 리더십을 발휘해본 경험이 있다면? / 육군사관학교에 입학하여 꼭 하고 싶은 것이 있다면? / 이곳은 외적자세 및 발성을 평가하는 분과입니다. 먼저 자신의 면접 수험번호를 말하십시오. / 먼저 차렷 자세를 해보겠습니다. / 다리 사이를 조금 더 오므려 보겠습니다. / 두 팔을 올린 뒤 머리 뒤로 최대한 크게 바깥으로 돌려보겠습니다. / 앞에 보이는 화면 중 위에서 2번째 문구를 자신이 낼 수 있는 가장 큰 목소리로 발성해보겠습니다. / (가운데 계신 중령 면접관) 오케이. (한 번에 통과하지 못하는 수험생들이 많았습니다. 사전에 꼭 연 / 이번에는 자신이 생각하는 적당한 목소리 크기와 속도로 화면에 보이는 맨 밑에 있는 문장을 읽어보 / (가운데 계신 중령 면접관) 오케이. / 이제 발 밑에 있는 화살표를 따라 한 바퀴 걸어보겠습니다. / 이제 나가보셔도 좋습니다. / 자신이 생각하는 단점이 있다면 그 단점이 무엇이고 그 단점을 극복하기 위해 노력한 점을 이야기하 / 이곳은 마지막 분과로서 생도로서의 자질을 종합 판정 하는 곳입니다. 수험생은 혹시 육군사관학교의 / 그렇다면 그 중 가장 자신 있는 덕목은 ? / 육군사관학교의 군사훈련 중 가장 하고 싶은 것은? / 자신이 생각하기에 육군사관학교가 자신을 뽑아야 하는 이유는? 다시 말해, 다른 수험생들과 다른 자 / (가운데 계신 준장 생도 대장님께서 웃으시면서) 좋은 결과 있길 바라겠습니다. 이제 나가 보셔도 좋"
육군사관학교,육군사관학교-남(인문),"네 앉으세요. (수험생 착석 후) 본 제시문은 면접관의 의견과는 무관함을 알립니다. 제시문은 잘 읽었 / 제시문 요악과 수험생 본인의 의견을 1분 안에 말하세요. (타이머 앞에서 작동됨.) / 다양한 정책 어떤 것이 있을까요? / 네. 아까 수험생이 군 복무 단축으로 인해 국가 안보의 공백이 생길 수 있다고 했는데 이것이 어떤 / 네, 알겠습니다. 현재 우리나라의 가장 큰 위협은 어디인가요? / 한미동맹이 중요하다는거죠? / 네. 수고하셨습니다. / (웃으며) 네 앉으세요. 혹시 육사 입학하면 가장 기대되는 것이 무엇인가요? / 오 육사에 직접 견학도 오고 사자굴 의식, 청백 대열 같은 단어도 아는 거 보니 육사에 관심이 많나 / 본인은 노력을 즐기는 편인가요? / 20대에는 노력을 해도 성과가 잘 안 나올 수 있어요. 정말 열심히 노력한 일이지만 실패한다면 어떨 / 넥타이는 아버지 넥타이 매고 온 건가요? / (면접관들 웃음) 너무 비싼 거 입고 온 거 아녜요? / 옷이 잘 어울려서 물어본거에요. (웃으심) / 네. 수고하셨습니다. / 저기 3번째 문장을 산에 있다고 생각하고 낼 수 있는 가장 큰 소리로 읽어보세요. / 네. 다음 저 문장을 적당한 목소리와 정확한 발음으로 읽어보세요. / 다시 발맞춰서 뒤꿈치 딱 붙이고 양 무릎 붙여서 차렷 자세 해보세요. / 다음 거기서 양팔 올리고 최대한 쪼그려 앉아보세요. / 다음 차렷 자세 상태로 양쪽 어깨 돌려보세요. / 우향우하고 평소 걸음걸이로 발자국 표식 따라 걸어보세요. / 네 끝났습니다. 나가셔도 좋습니다. / 네 앉으세요. (착석 후) 자신의 성격적 장단점 말해보세요. / 본인이 리더십 경험 발휘한 사례 말해볼래요? / (말을 끊으며) 그래서 결국 좋은 성과를 거두었다는 것이죠? / 네. 여기까지 하겠습니다. 수고하셨습니다. / 수험생. 수험생이 착각하는 것 같은데 여기서 목소리 이렇게 크게 안 해도 돼요. 평상시 목소리로 대 / 수험생의 10년 후의 모습을 말해보세요. / 수험생이 육군사관학교에 들어오게 되는 경우 장단점은 무엇이 있을까요? / 육사에 들어오면 가장 힘들 것 같은 부분이 무엇인가요? / 체력은 어떻게 준비했어요? / 이 방이 마지막 방인데 마지막으로 할 말 있으면 해보세요. / 네. 좋은 결과 있기를 바랄게요. 나가도 좋아요."
육군사관학교,육군사관학교-남(인문),"지금부터 제시문에 대한 지원자의 의견 1분 안에 말해주세요. / 그러면 지원자의 의견은 중국과의 관계를 유지하면서 한미동맹을 강화하신다는 말씀이시죠? / 그렇다면 어떻게 중국과의 관계를 유지하실 건가요? / 구체적으로 어떤 노력을 하실건가요? / 네. 수고하셨습니다. / 들어오세요 / 네 앉으세요, 생기부가 3년 내내 군인이네요. 선생님들께서 엄청 잘 써주셨네. / 근데 지원자 본인이 보기에도 다 좋은데 리더십적인 활동이 조금 부족한 것 같네요. 우리가 모르는 / 알겠습니다, 본인의 단점이 뭔가요? / 학교에서 인기 많겠네요. / 수고하셨습니다. / 지원동기 한번 말해보세요. / 어렸을 때 부터 군인 꿈을 꾸게 되었다는데 정확히 언제인가요? / 차렷자세 한번 해보세요. 그 상태에서 쪼그려 앉아보세요. 팔이랑 어깨도 돌려주세요. 이제 걸어보세 / 충동적이게 행동한 적 있으신가요? / 갑자기 우울해지거나 행복해진 적 있나요? 어떨 때 우울해지나요? / 가족과는 잘 지내나요? / 최근에 우울해진 적 있나요? / 에이 우리한테만 말해봐요 비밀로 해줄게요. / 알겠습니다. 수고하셨습니다. / 본인의 단점 말해보세요. / 존경하는 인물 있나요? / 최근에 읽은 책이 있나요? / 징비록이 정확히 무슨 뜻인지 알고 있나요? / 마지막으로 하고 싶은 말 있나요? / 네, 꼭 육군사관학교에 합격하길 바라겠습니다."
해군사관학교,해군사관학교-여(자연계열),"차렷, 열중쉬어, 좌향좌, 우향우. (하나씩 질문) / 앉으세요. 운동해 본 것이 있나요? / 얼티미트가 정확히 무엇인가요? / 네. 아까 태권도랑 유도했다고 했는데, 어느 정도 했어요? / (자기소개서 관련) 축구하다가 부상 당한 경험이 있나요? / 해군사관학교 졸업 후 의무복무기간이 어느 정도 되는지 아나요? / 해군 중 가장 존경하는 인물이 누군가요? / 또 다른 분은요? / 이순신 장군이 활약한 전투에 대해 알고 있는 것 있나요? / 생기부를 AI 관련해서 썼는데 왜 해군사관학교를 지원했나요? / 주변 사람들이 지금 면접 보는 학생을 좋아하는 이유와 싫어하는 이유가 있다면 뭘까요? / 싫어한다면 그 이유는요? / 네. / 검사지에 내가 없을 때 친구들은 나를 생각해줬으면 좋겠다고 적었는데 이렇게 적은 이유가 무엇인 / 지원 동기 말해보세요. / 자기소개서에 축구했다고 적혀있는데 얼마나 했어요? / 꽤 오래 했네요. 왜 그만뒀어요? / 봉사해본 적이 있나요? / 네. 봉사활동을 하면서 느낀 점이 있나요? / (자기소개 후) 목소리가 엄청 씩씩하네요. 앞에 면접들 잘 봤어요? / 그래요. 3군 사관학교 중 해군사관학교를 선택한 이유가 무엇인가요? / 학원에서 알려준 건가요? / 대답을 잘해서 학원에서 알려준 줄 알았네요. / 체력 검정에서 오래달리기를 잘 뛰었는데 달리기는 원래부터 잘했나요?"
구미대학교,물리치료과,네 구미대학교를 선택한 이유가 무엇인가요? / 그러면 어떻게 구미대 물리치료학과를 알게 됐나요? / 만약 갑자기 5억이 생긴다면 학생이라면 어떻게 사용하시겠습니까? / 물리치료사에 대해 말해보세요. / 물리치료사를 목표로 하는 이유가 있나요? / 혹시 마지막으로 따로 할 말이 있나요. / 오 아주 좋은 마음가짐이에요.
국립한국농수산대학교,원예학부,"안녕하세요. 면접 시작하겠습니다. 자기소개해보세요. / (면접관님들 다 웃으심) 조수처럼 자라왔다고? / 본인이 농사를 짓고 싶은 계기가 뭔가요? / 본인의 장단점을 얘기해 보세요. / 네 알겠습니다. 그럼 본인의 단점을 무엇이라고 생각하나요. / 만약 아버지와 동업하게 된다면 분명히 아버지와 의견이 안 맞는 부분이 있을 텐데, 그런 상황이 있 / 네. 그럼 마지막으로 하고 싶은 말해주세요. / ...? 지금 질문하신 건가요...? / 아 저희 질문을 안 받아서... 혹시 다른 하고 싶은 말 있을까요? / 아 네 수고하셨습니다. 아 그리고 아까 질문의 답변은 그냥 아버지 열심히 도와드리면 됩니다."
국립한국농수산대학교,작물·산림학부,우리 학교는 기숙사 생활을 해야합니다. 룸메이트와 갈등이 생긴다면 어떻게 할 것인가요? / 우리 학교 합격하고 나면 심고 싶은 나무가 있나요?
대전과학기술대학교,물리치료과,"안녕하세요. 가뜩이나 날씨가 좋지 않았는데, 여기까지 오시느라 고생 많으셨습니다. 우선 저희 대전 / 지원 동기와 간단한 자기소개 부탁드립니다. (구체적으로 제일 먼저 들어온 학생부터 지목) / 우리 학교의 청소년 체형 불균형 개선 운동 프로그램에 대해서 언급하셨는데, 어디서 그런 내용을 / (2번째 질의응답) 입학 후와 졸업 후의 계획 부탁드립니다. / 네. 수고하셨습니다. 마지막으로 할 말 있으면 하세요. / 저도 감사합니다. 그럼 이제 가셔도 됩니다."
대전과학기술대학교,사회복지학과,사회복지사가 하는 일은 무엇이라고 생각하시나요? / 지원동기는 무엇인가요?
연성대학교,뷰티스타일리스트과,안녕하세요. 아침부터 오느라 고생했죠? 다들 이번 저희 메이크업학과 경쟁률 높은 건 알고 있죠? / 혹시 다들 어디서 오셨나요? / 멀리 올라오셨네요? 일단 먼저 자기소개와 지원동기부터 말씀해주세요. / 그렇군요. 그럼 혹시 존경하는 메이크업 아티스트가 있나요? / 네. 잘 들었습니다. 이렇게 나가기 아쉬우시죠? 마지막 자기 어필 시간 갖겠습니다.
연암공과대학교,스마트기계공학과,"자기소개를 하십시오 / 입학 후 전공이 본인과 맞지 않는다면 어떻게 할 계획인가요? / 학업 외에 개인적으로 중장기적으로 이루고 싶은 목표가 있다면 무엇이며, 왜 그것을 중요하게 생"
우송정보대학,K-베이커리학부,"전공을 선택한 이유를 말해보세요. / 학교생활을 어떻게 해 나갈 것인지 말해보세요 / 졸업 후 포부와 자신의 진로, 자신의 만들고픈 디저트와 그 이유를 말해보세요. / 완성도가 높은 디저트가 무엇인가요? 생각해놓은 것이 있나요?"
우송정보대학,K-베이커리학부,"밥은 먹고 왔어요? / 네. 먼저 K-베이커리학부에 지원하게 된 동기나 이 진로를 선택한 이유 말씀해보세요. / K-베이커리학부에 진학하게 되면 학교생활을 어떻게 하고 싶은지 말해보세요. / 네. 예상 질문은 많지만, 면접 시간이 10분에서 15분 내외로 해야되기 때문에, 궁금한 것 질문 있으 / 얼른 나가고 싶죠? 좋습니다. 이상 면접을 끝내도록 하겠습니다. 나가도 좋습니다. 수고하셨어요."
우송정보대학,제과제빵과,제과제빵학과에 지원한 동기와 자기소개 말씀해주세요. / 10년 후 무엇을 하고 있을 것 같나요? / 마지막으로 하고 싶은 질문이나 말이 있으면 해주세요.
우송정보대학,제과제빵과,너무 긴장 안 하셔도 돼요. 답변 순서는 어떻게 하는지 설명 들으셨죠? 설명하지 않고 시작하겠습니 / 제과제빵 업무에서 중요하게 생각하는 것은 무엇인가요? / 10년 후 무엇을 하고 있을 것 같나요? / 마지막으로 하고 싶은 말 있는 사람들은 손들고 하세요.
인하공업전문대학,항공운항과,"바로 면접 진행할게요. / 1번부터 우리 학교 지원동기 간략하게 말씀해보세요. (1번부터 5번) / 다들 객실 승무원을 꿈꾸고 우리 학교에 지원해주신 것 같은데, 그럼 최근 항공 산업 뉴스 알고 있 / 그래요. 최근 들어서 우리도 그렇고 다양한 항공사들이 장거리 비행이나 승객난동 건수도 많아지고 / 네. 수고하셨습니다. 그럼 1번이 인사하고 나갈게요."
정화예술대학교,뷰티예술학부,안녕하세요. 자기소개 자유롭게 해보세요. / 지원동기도 말씀해주세요. / (포트폴리오를 보시며) 대머리 분장할 때 사용한 재료는 직접 만든 것인가요? / 마지막으로 하실 말씀 있으신가요?
정화예술대학교,뷰티예술학부,왜 오후반에 지원했나요? / 집이 어딘가요? 멀진 않나요?
